"ID","Player","Team","Position","RkOv","Status","Age","Opponent","Salary","Score","%D","ADP","FG%","3PTM","FT%","PTS","REB","AST","ST","BLK","TO"
"*06cch*","Victor Wembanyama","SA","C","5","NOP","22","","16,868,246","97.12","100","1.5",".512","1.9",".827","25.0","11.5","3.1","1.0","3.1","2.4"
"*03e75*","Nikola Jokic","DEN","C","6","DEN","31","","59,033,114","97","100","1.6",".569","1.7",".831","27.7","12.9","10.7","1.4","0.8","3.7"
"*04qro*","Shai Gilgeous-Alexander","OKC","PG","10","HBB","28","","40,806,150","94.63","100","3.4",".553","1.7",".879","31.1","4.3","6.6","1.4","0.8","2.2"
"*04kj6*","Luka Doncic","LAL","PG,SG","3","DAL","27","","49,488,300","98.62","100","3.7",".476","4.0",".780","33.5","7.7","8.3","1.6","0.5","4.0"
"*05uib*","Cade Cunningham","DET","PG,SG","14","Pistons","24","","50,105,628","93.22","100","5.6",".461","2.0",".812","23.9","5.5","9.9","1.4","0.8","3.7"
"*05qsq*","Tyrese Maxey","PHI","PG,SG","1","HOT","25","","40,770,520","100","100","6.9",".462","3.1",".892","28.3","4.1","6.6","1.9","0.8","2.4"
"*03xmv*","Jayson Tatum","BOS","SF,PF","312","BOS","28","","58,456,566","47.85","100","8.7",".411","2.9",".823","21.8","10.0","5.3","1.4","0.2","2.4"
"*05qug*","Anthony Edwards","MIN","SG,SF","20","ManuWolf","25","","48,924,624","92.06","100","9.4",".489","3.4",".796","28.8","5.0","3.7","1.4","0.8","2.9"
"*05uiu*","Jalen Johnson","ATL","SF,PF","18","ATL","24","","30,000,000","92.24","100","9.7",".489","1.7",".788","22.5","10.3","7.9","1.2","0.4","3.4"
"*031m2*","Giannis Antetokounmpo","MIA","PF,C","146","POR","31","","58,456,566","70.64","100","10.1",".624","0.4",".650","27.6","9.8","5.4","0.9","0.7","3.2"
"*05qtv*","Tyrese Haliburton","IND","PG,SG","1034","IND","26","","48,924,624","0","100","11","0","0","0","0","0","0","0","0","0"
"*05uie*","Scottie Barnes","TOR","SF,PF,C","4","BCR","25","","41,754,690","97.78","100","11.1",".507","0.8",".815","18.1","7.5","5.9","1.4","1.4","2.6"
"*06v5l*","Cooper Flagg","DAL","PG,SG,SF","24","69ers","19","","14,517,480","91.15","100","12.7",".468","1.0",".827","21.0","6.7","4.5","1.2","0.9","2.3"
"*04ewe*","Donovan Mitchell","CLE","PG,SG","16","CLPS","29","","50,105,628","92.6","100","14",".483","3.2",".865","27.9","4.5","5.7","1.5","0.3","2.8"
"*03ad3*","Karl-Anthony Towns","NY","PF,C","41","Knicks","30","","57,078,728","88.15","100","17.2",".501","1.5",".858","20.1","11.9","3.0","0.9","0.5","2.5"
"*001aw*","Kevin Durant","HOU","SG,SF,PF","9","ManuWolf","37","","43,902,439","95.64","100","17.3",".520","2.4",".874","26.0","5.5","4.8","0.8","0.9","3.2"
"*01enh*","Stephen Curry","GS","PG","104","GSW","38","","62,587,158","76.66","100","18.6",".468","4.4",".923","26.6","3.6","4.7","1.1","0.4","2.8"
"*042n4*","Jamal Murray","DEN","PG,SG","17","DEN","29","","50,105,628","92.45","100","21.1",".483","3.3",".887","25.4","4.4","7.1","0.9","0.4","2.3"
"*05uiq*","Alperen Sengun","HOU","PF,C","23","Magic","24","","35,642,202","91.62","100","21.8",".519","0.6",".691","20.4","8.9","6.2","1.2","1.1","3.2"
"*04qrk*","Trae Young","WAS","PG","354","LBL","27","","49,488,300","40.04","100","23.1",".458","1.8",".825","17.9","2.0","8.0","0.9","0.1","2.6"
"*06ca8*","Amen Thompson","HOU","PG,SG,SF,PF","34","ATL","23","","12,258,609","89.01","100","24",".534","0.3",".779","18.3","7.8","5.3","1.5","0.6","2.4"
"*05qto*","LaMelo Ball","MIN","PG","30","CLPS","24","","40,770,520","89.23","100","24.4",".407","3.8",".899","20.1","4.8","7.1","1.2","0.2","2.8"
"*06211*","Chet Holmgren","OKC","PF,C","37","LBL","24","","41,240,250","88.51","100","25.2",".557","1.3",".792","17.1","8.9","1.7","0.6","1.9","1.6"
"*01eo6*","James Harden","CLE","PG,SG","25","SPG","36","","678,882","90.98","100","26",".434","3.1",".884","23.6","4.8","8.0","1.1","0.4","3.5"
"*03nwm*","Devin Booker","PHO","PG,SG,SF","75","HOT","29","","57,078,728","80.34","100","26",".456","1.9",".873","26.1","3.9","6.0","0.8","0.3","3.1"
"*05uus*","Austin Reaves","LAL","PG,SG,SF","91","BCR","28","","41,240,250","77.77","100","26.2",".490","2.3",".871","23.3","4.7","5.5","1.1","0.4","3.0"
"*027oz*","Kawhi Leonard","LAC","SF,PF","11","BCR","35","","50,300,000","94.61","100","26.4",".505","2.6",".892","27.9","6.4","3.6","1.9","0.4","2.0"
"*02nf1*","Anthony Davis","WAS","PF,C","286","SDK","33","","58,456,566","51.81","100","27.6",".506","0.5",".728","20.4","11.1","2.8","1.1","1.6","2.0"
"*05uig*","Josh Giddey","CHI","PG,SG","82","Bulls","23","","25,000,000","79.23","100","27.7",".448","1.9",".763","17.0","8.3","9.1","1.0","0.5","3.6"
"*05uid*","Evan Mobley","CLE","PF,C","31","Utah","25","","50,105,628","89.17","100","29.2",".546","1.0",".606","18.2","9.0","3.6","0.7","1.7","1.9"
"*05uir*","Trey Murphy","NO","SG,SF,PF","15","ATL","26","","27,000,000","93.09","100","29.3",".470","3.2",".886","21.5","5.7","3.8","1.5","0.4","1.8"
"*04qsa*","Jalen Brunson","NY","PG","57","DEN","29","","37,739,521","84.97","100","31.1",".467","2.6",".841","26.0","3.3","6.8","0.8","0.1","2.4"
"*04ewt*","Derrick White","BOS","PG,SG","2","ManuWolf","32","","28,458,000","98.93","100","31.4",".394","2.7",".902","16.5","4.4","5.4","1.1","1.3","1.7"
"*04azw*","Lauri Markkanen","UTA","SF,PF","103","Bulls","29","","46,113,154","76.66","100","33.4",".477","2.7",".896","26.7","6.9","2.1","1.0","0.5","1.5"
"*04ewf*","Bam Adebayo","MIA","PF,C","7","HR","29","","49,488,300","95.86","100","36.6",".442","1.7",".778","20.1","10.0","3.2","1.2","0.7","1.6"
"*05qtj*","Deni Avdija","POR","SG,SF,PF","46","POR","25","","13,125,000","87.23","100","37.5",".462","1.9",".802","24.2","6.9","6.7","0.8","0.6","3.8"
"*0621b*","Jalen Williams","OKC","SG,SF,PF","247","BOS","25","","41,240,250","57.48","100","39",".484","0.7",".837","17.1","4.6","5.5","1.2","0.3","1.9"
"*0621l*","Walker Kessler","LAL","C","453","Utah","25","","30,232,558","25.87","100","41.3",".703","1.2",".700","14.4","10.8","3.0","1.4","1.8","3.2"
"*03lls*","Jaylen Brown","PHI","SG,SF","33","WAS","29","","57,078,728","89.01","100","41.8",".477","2.0",".795","28.7","6.9","5.1","1.0","0.4","3.6"
"*042n7*","Domantas Sabonis","SAC","PF,C","334","SAC","30","","45,472,000","44.08","100","41.8",".543","0.3",".727","15.8","11.4","4.1","0.9","0.2","2.7"
"*04qrj*","Jaren Jackson","UTA","PF,C","90","69ers","26","","49,000,000","77.94","100","42.7",".476","1.8",".803","19.4","5.7","2.0","1.1","1.4","2.2"
"*06cca*","Brandon Miller","CHA","SG,SF,PF","47","J42","23","","15,104,626","87.17","100","43.1",".435","3.1",".892","20.2","4.9","3.3","1.0","0.7","2.5"
"*0621c*","Jalen Duren","DET","C","74","Pistons","22","","678,882","80.48","100","44.1",".650","0.0",".747","19.5","10.5","2.0","0.8","0.8","1.9"
"*06v5n*","Kon Knueppel","CHA","PG,SG,SF","45","J42","21","","10,516,560","87.49","100","44.2",".475","3.4",".863","18.5","5.3","3.4","0.7","0.2","2.0"
"*05qt3*","Desmond Bane","ORL","SG,SF","22","HR","28","","39,446,090","91.78","100","46.6",".484","2.0",".908","20.1","4.1","4.1","1.0","0.5","2.0"
"*05qtt*","Onyeka Okongwu","ATL","PF,C","8","ATL","25","","16,100,000","95.69","100","47.1",".480","1.9",".757","15.2","7.6","3.1","1.1","1.1","1.7"
"*051ox*","Nickeil Alexander-Walker","ATL","PG,SG,SF","13","ATL","27","","14,403,710","93.53","100","48.9",".459","3.2",".902","20.8","3.4","3.7","1.3","0.5","2.1"
"*06210*","Paolo Banchero","ORL","PF","53","WAS","23","","41,240,250","85.61","100","49.1",".459","1.2",".775","22.2","8.4","5.2","0.7","0.6","3.1"
"*06mjz*","Donovan Clingan","POR","C","36","POR","22","","7,519,920","88.69","100","52.2",".520","1.1",".680","12.1","11.6","2.1","0.6","1.7","1.2"
"*027oj*","Kyrie Irving","DAL","PG,SG","1114","DAL","34","","39,491,282","0","100","56.3","0","0","0","0","0","0","0","0","0"
"*051ol*","Darius Garland","LAC","PG","187","NOP","26","","42,166,510","65.66","100","56.3",".460","2.7",".861","18.8","2.4","6.7","1.0","0.2","2.9"
"*0011e*","LeBron James","PHI","SF,PF","61","DAL","41","","678,882","83.63","100","56.7",".515","1.3",".737","20.9","6.1","7.2","1.2","0.6","3.0"
"*04ewn*","OG Anunoby","NY","SF,PF","29","HBB","29","","42,500,000","89.75","100","56.9",".484","2.3",".828","16.7","5.2","2.2","1.6","0.7","1.8"
"*042nm*","Pascal Siakam","IND","SF,PF,C","54","SAC","32","","48,924,624","85.21","100","57.6",".484","1.7",".693","24.0","6.6","3.8","1.1","0.4","2.2"
"*06cby*","Keyonte George","UTA","PG","95","HBB","22","","6,563,925","77.56","100","57.6",".456","2.5",".892","23.6","3.7","6.1","1.1","0.3","3.1"
"*042nq*","Dejounte Murray","NO","PG,SG","377","NOP","29","","28,767,536","36.83","100","58.7",".484","1.4",".867","16.7","5.4","6.4","1.6","0.2","3.4"
"*05uii*","Franz Wagner","ORL","SF,PF","223","J42","24","","41,754,690","60.88","100","59.2",".481","1.4",".823","20.6","5.2","3.3","0.9","0.3","1.7"
"*03al2*","Joel Embiid","PHI","C","127","69ers","32","","57,985,752","73.28","100","59.2",".489","1.4",".854","26.9","7.7","3.9","0.6","1.2","2.9"
"*06217*","Dyson Daniels","ATL","PG,SG,SF","79","HOT","23","","25,000,000","80.11","100","59.4",".517","0.3",".615","11.9","6.8","5.9","2.0","0.4","1.8"
"*06mjw*","Stephon Castle","SA","PG,SG","76","GSW","21","","10,015,920","80.32","100","59.8",".471","1.2",".734","16.7","5.3","7.4","1.1","0.3","3.2"
"*06mk7*","Kel'el Ware","MIL","PF,C","65","DEN","22","","4,654,920","82.42","100","60.4",".530","1.2",".740","11.1","9.0","0.7","0.8","1.1","0.8"
"*051ot*","Tyler Herro","MIL","PG,SG","231","HR","26","","33,000,000","60.47","100","60.6",".480","2.5",".917","20.5","4.8","4.1","0.7","0.4","1.9"
"*076vc*","Cameron Boozer","MEM","PF","713","DAL","19","","678,882","0","100","60.7","0","0","0","0","0","0","0","0","0"
"*04qrr*","Michael Porter","BKN","SF,PF","72","Ignazzz","28","","40,806,150","81.13","100","61.9",".463","3.4",".859","24.2","7.1","3.0","1.1","0.3","2.3"
"*06mk3*","Matas Buzelis","CHI","SF,PF","27","POR","21","","5,715,360","90.8","100","62.1",".463","2.2",".786","16.3","5.8","2.1","0.7","1.5","2.1"
"*06mju*","Alex Sarr","WAS","PF,C","98","WAS","21","","12,370,680","77.29","100","62.6",".482","1.0",".692","16.3","7.4","2.7","0.8","2.0","1.7"
"*03ajv*","Julius Randle","BKN","PF","39","Pistons","31","","33,333,334","88.32","100","65.1",".481","1.4",".802","21.1","6.7","5.0","1.1","0.2","2.7"
"*06227*","Ryan Rollins","MIL","PG,SG","35","ATL","24","","4,000,000","88.94","100","66.8",".472","2.5",".796","17.3","4.6","5.6","1.5","0.4","2.7"
"*04qrn*","Mikal Bridges","NY","SG,SF,PF","12","Knicks","29","","33,482,145","94.09","100","67.6",".490","1.9",".827","14.4","3.8","3.7","1.3","0.8","1.0"
"*042nt*","Ivica Zubac","IND","C","195","IND","29","","19,550,160","64.51","100","68.4",".598","0.0",".711","14.1","10.6","2.2","0.4","0.8","1.8"
"*02xg9*","Rudy Gobert","MIN","C","73","ManuWolf","34","","36,500,000","80.85","100","70.9",".682","0.0",".526","10.9","11.5","1.7","0.8","1.6","1.4"
"*049kb*","De'Aaron Fox","SA","PG,SG","56","JDUB","28","","49,488,300","85.04","100","71.1",".486","1.8",".760","18.6","3.8","6.2","1.2","0.3","2.3"
"*0527h*","Naz Reid","CHA","PF,C","26","69ers","26","","23,275,862","90.84","100","72",".456","2.1",".732","13.6","6.2","2.2","1.0","1.0","1.6"
"*06mk1*","Zach Edey","MEM","C","396","ATL","24","","6,332,760","33.26","100","72.6",".633","0.1",".781","13.6","11.1","1.1","0.6","1.9","2.4"
"*042n1*","Brandon Ingram","TOR","SG,SF,PF","28","NOP","28","","40,000,000","89.88","100","74.7",".477","1.8",".820","21.5","5.6","3.7","0.8","0.7","2.4"
"*05qt1*","Payton Pritchard","BOS","PG","58","BCR","28","","7,767,857","84.92","100","76.9",".464","2.7",".890","17.0","3.9","5.2","0.7","0.1","1.4"
"*01uyj*","Paul George","BOS","SF,PF","166","JL","36","","54,126,380","68.49","100","77.3",".439","2.7",".820","17.3","5.3","3.6","1.7","0.4","1.7"
"*05qu0*","Jaden McDaniels","MIN","SF,PF","44","Ignazzz","25","","26,200,000","87.55","100","79.9",".515","1.4",".835","14.8","4.2","2.7","1.1","1.0","1.8"
"*051oi*","Ja Morant","POR","PG","323","SPG","26","","42,166,510","45.78","100","80.5",".410","1.0",".897","19.4","3.3","8.1","1.0","0.3","3.5"
"*05qu9*","Immanuel Quickley","TOR","PG,SG","48","Magic","27","","32,500,000","86.96","100","80.8",".443","2.5",".821","16.4","4.0","5.9","1.3","0.1","1.5"
"*06v5k*","VJ Edgecombe","PHI","SG","21","Magic","21","","11,663,880","91.82","100","81.7",".438","2.0",".818","16.0","5.6","4.2","1.4","0.5","1.8"
"*06ccf*","Ausar Thompson","DET","SG,SF,PF","71","CLPS","23","","11,117,925","81.35","100","83.2",".525","0.1",".571","9.9","5.7","3.1","2.0","0.9","1.5"
"*051oh*","Zion Williamson","NO","SF,PF","105","SPG","26","","42,166,510","76.57","100","83.5",".600","0.0",".716","21.0","5.7","3.2","1.0","0.5","2.0"
"*04ewm*","Jarrett Allen","CLE","C","119","GSW","28","","28,000,000","74.48","100","84.1",".638","0.0",".709","15.4","8.5","1.8","1.0","0.8","1.3"
"*02nf6*","Damian Lillard","POR","PG","1244","OBP","36","","13,398,000","0","100","84.5","0","0","0","0","0","0","0","0","0"
"*051on*","Coby White","CHA","PG,SG","191","SDK","26","","26,811,593","65.12","100","84.5",".446","2.3",".817","17.4","3.4","4.0","0.5","0.1","2.6"
"*03ad2*","Myles Turner","MIL","C","52","JL","30","","26,584,164","86.16","100","85.3",".440","2.1",".740","11.9","5.3","1.5","0.7","1.6","1.2"
"*06212*","Jabari Smith","HOU","SF,PF,C","19","J42","23","","23,643,411","92.09","100","88.9",".450","2.3",".775","15.8","6.9","1.9","0.7","0.9","1.4"
"*06v5y*","Dylan Harper","SA","PG,SG,SF","149","DAL","20","","12,989,040","70.32","100","89.9",".505","0.9",".756","11.8","3.4","3.9","0.8","0.3","1.4"
"*05uif*","Jalen Suggs","ORL","PG","84","Magic","25","","32,400,000","78.79","100","90.2",".435","2.1",".855","13.8","3.9","5.5","1.8","0.7","2.7"
"*03r7z*","Norman Powell","CHI","SG,SF","89","HR","33","","21,951,220","78.13","100","91.6",".470","2.7",".827","21.7","3.5","2.5","1.1","0.2","1.9"
"*051p4*","Ty Jerome","MEM","SG,SF","351","Magic","29","","9,220,050","40.54","100","92.3",".474","2.8",".875","19.7","2.8","5.7","1.1","0.3","1.8"
"*06v5h*","Derik Queen","NO","PF,C","55","OBP","21","","5,416,080","85.07","100","95.2",".473","0.3",".795","11.7","7.1","3.7","1.0","0.9","2.3"
"*04ewu*","Josh Hart","NY","SG,SF","94","ManuWolf","31","","20,923,760","77.58","100","96",".508","1.5",".720","12.0","7.4","4.8","1.1","0.3","1.9"
"*04ex6*","Isaiah Hartenstein","OKC","C","207","HOT","28","","23,148,148","62.89","100","99.3",".622","0.0",".610","9.2","9.4","3.5","1.0","0.8","1.7"
"*051pb*","Nicolas Claxton","CHI","C","78","GSW","27","","23,147,727","80.17","100","99.3",".571","0.0",".616","11.7","6.9","3.7","0.7","1.1","1.4"
"*04qrp*","Miles Bridges","PHO","SF,PF","43","69ers","28","","22,826,087","87.65","100","100.4",".460","1.9",".822","17.1","5.8","3.2","0.6","0.4","1.4"
"*076t0*","Caleb Wilson","CHI","PF","1754","J42","20","","10,683,720","0","100","100.4","0","0","0","0","0","0","0","0","0"
"*076ta*","AJ Dybantsa","WAS","SF","919","SAC","19","","14,748,000","0","100","103.9","0","0","0","0","0","0","0","0","0"
"*05ujc*","Ayo Dosunmu","MIN","PG,SG,SF","92","JL","26","","19,310,345","77.72","100","105.1",".517","1.8",".876","14.8","3.4","3.6","0.8","0.3","1.4"
"*05uj3*","Day'Ron Sharpe","BKN","C","182","OBP","24","","10,000,000","66.01","100","106.1",".601","0.1",".678","8.7","6.7","2.3","1.1","0.4","1.7"
"*051pa*","Kevin Porter","MIL","PG,SG","158","Utah","26","","5,390,700","69.2","100","106.8",".465","1.2",".878","17.4","5.2","7.4","2.2","0.5","2.9"
"*02ym0*","Andrew Wiggins","MIA","SG,SF","40","SDK","31","","30,169,644","88.26","100","107",".475","2.0",".784","15.4","4.8","2.7","1.1","1.0","1.5"
"*05ujd*","Neemias Queta","BOS","C","77","BOS","27","","2,667,944","80.31","100","107.9",".653","0.0",".703","10.2","8.4","1.7","0.8","1.3","1.0"
"*06213*","Keegan Murray","SAC","SF,PF","316","LBL","25","","24,137,936","47.3","100","108.6",".420","1.3",".776","14.0","5.7","1.7","1.0","1.6","1.2"
"*04ewk*","John Collins","DET","SF,PF,C","97","ATL","28","","17,000,000","77.31","99","109.9",".552","1.3",".766","13.6","5.3","1.0","0.9","0.7","1.4"
"*04848*","Fred VanVleet","HOU","PG","1690","Ignazzz","32","","25,000,000","0","100","109.9","0","0","0","0","0","0","0","0","0"
"*0621e*","Mark Williams","PHO","C","141","JDUB","24","","11,728,395","71.4","100","110",".644","0.0",".771","11.7","8.0","1.0","0.9","0.9","1.1"
"*06cd4*","Toumani Camara","POR","PF,C","38","POR","26","","18,080,358","88.5","100","110.4",".440","2.7",".708","13.4","5.1","2.5","1.1","0.4","1.8"
"*03el5*","Kristaps Porzingis","GS","PF,C","230","LBL","31","","20,000,000","60.49","100","110.5",".446","1.7",".842","16.7","5.2","2.5","0.6","1.2","1.3"
"*06v5v*","Cedric Coward","MEM","SG,SF","126","Pistons","22","","6,001,080","73.4","100","111",".471","1.5",".843","13.6","5.9","2.8","0.6","0.4","1.7"
"*06v5a*","Collin Murray-Boyles","TOR","PF,C","199","SPG","21","","6,649,560","64.1","100","111",".579","0.3",".657","8.5","5.0","1.9","0.9","0.9","1.0"
"*06mjv*","Reed Sheppard","HOU","PG,SG","32","BCR","22","","11,108,880","89.02","99","113.7",".430","2.8",".802","13.5","2.9","3.4","1.5","0.7","1.5"
"*06mlk*","Ajay Mitchell","OKC","PG,SG,SF","142","HBB","24","","2,850,000","71.4","100","114.3",".485","1.1",".870","13.6","3.3","3.6","1.2","0.3","1.4"
"*0621t*","Peyton Watson","DEN","SG,SF,PF","121","Magic","23","","678,882","74.08","100","114.6",".491","1.5",".730","14.6","4.9","2.1","0.9","1.1","1.7"
"*031lx*","CJ McCollum","ATL","PG,SG","50","NOP","34","","21,000,000","86.47","100","116",".455","2.5",".772","18.7","3.3","3.9","0.8","0.5","1.8"
"*076t9*","Darryn Peterson","UTA","SG","1473","NOP","19","","13,195,320","0","100","116.5","0","0","0","0","0","0","0","0","0"
"*05uic*","Jalen Green","PHO","PG,SG","283","J42","24","","36,000,000","51.98","100","118.9",".422","2.2",".747","17.8","3.6","2.8","1.1","0.3","2.3"
"*06cac*","Cason Wallace","OKC","PG,SG,SF","108","HBB","22","","7,420,806","76.23","99","119.4",".432","1.3",".809","8.6","3.1","2.6","1.9","0.4","0.9"
"*03ams*","Zach LaVine","SAC","SG,SF","237","OBP","31","","48,967,380","59.01","100","121.1",".479","2.5",".880","19.2","2.8","2.3","0.7","0.3","1.9"
"*06mkg*","Kyshawn George","WAS","SG,SF,PF","140","BCR","22","","3,108,000","71.47","100","121.4",".438","2.1",".802","14.8","5.1","4.5","1.0","0.9","2.6"
"*06cc7*","Brandin Podziemski","GS","SG,SF","49","BCR","23","","5,679,459","86.8","97","123.3",".455","1.9",".797","13.8","5.1","3.7","1.1","0.2","1.6"
"*051oj*","RJ Barrett","TOR","SG,SF,PF","106","Bulls","26","","29,616,071","76.56","96","123.3",".491","1.7",".717","19.3","5.3","3.3","0.7","0.3","1.7"
"*03e6n*","Jusuf Nurkic","UTA","C","210","HBB","31","","10,576,923","62.71","94","124.8",".503","0.6",".549","10.9","10.4","4.8","1.3","0.5","2.5"
"*06cbx*","Jaime Jaquez","MIL","SG,SF,PF","107","HOT","25","","5,939,141","76.4","99","125.2",".507","0.8",".769","15.4","5.0","4.7","0.7","0.3","2.0"
"*042n6*","Jakob Poeltl","TOR","C","240","CLPS","30","","19,500,000","58.74","96","127.7",".700","0.0",".602","10.7","7.0","2.0","0.9","0.7","1.2"
"*06v88*","Maxime Raynaud","SAC","PF,C","131","WAS","23","","2,150,918","72.4","93","128.2",".571","0.3",".786","12.5","7.5","1.4","0.5","0.5","1.3"
"*05qt0*","Saddiq Bey","NO","SF,PF","51","JL","27","","6,440,678","86.3","96","129.8",".451","2.1",".841","17.7","5.6","2.5","0.9","0.1","0.9"
"*051os*","P.J. Washington","DAL","SF,PF,C","99","HBB","27","","19,813,044","77.05","93","132.1",".450","1.4",".687","14.2","7.0","1.8","1.0","1.1","1.7"
"*0621u*","Andrew Nembhard","IND","PG,SG","132","IND","26","","19,550,160","72.32","93","132.3",".442","1.9",".825","16.9","2.8","7.7","0.9","0.1","2.4"
"*06cc5*","Anthony Black","ORL","PG,SG","69","Magic","22","","10,106,316","81.87","96","134",".447","1.6",".732","15.0","3.8","3.7","1.4","0.7","2.1"
"*0623e*","Collin Gillespie","PHO","PG","59","WAS","27","","10,714,286","84.68","91","136.3",".418","2.9",".874","12.7","4.1","4.6","1.2","0.2","1.6"
"*0621g*","Tari Eason","HOU","SF,PF","154","Ignazzz","25","","14,051,724","69.53","96","138.5",".416","1.6",".776","10.4","6.3","1.5","1.2","0.5","1.4"
"*01eon*","DeMar DeRozan","(N/A)","SF,PF","67","DAL","36","","678,882","82.13","94","138.6",".497","0.6",".868","18.4","2.9","4.1","1.0","0.3","1.2"
"*06v5r*","Egor Demin","BKN","PG","234","Knicks","20","","7,233,720","60.07","87","143.9",".399","2.4",".831","10.3","3.2","3.3","0.8","0.3","1.7"
"*06v57*","Ace Bailey","UTA","PG,SG,SF","93","SAC","19","","9,523,080","77.7","88","146.7",".443","1.9",".750","13.8","4.2","1.8","0.8","0.7","1.5"
"*06v5g*","Jeremiah Fears","NO","PG","64","SAC","19","","7,896,240","82.68","86","149.1",".434","1.2",".789","14.3","3.7","3.4","1.2","0.4","2.2"
"*05ujs*","Sandro Mamukelashvili","LAL","PF,C","62","HOT","27","","13,000,000","83.23","88","149.6",".523","1.4",".747","11.2","4.9","1.9","0.8","0.5","0.8"
"*076t6*","Darius Acuff","SAC","PG","586","GSW","19","","8,021,640","0","88","150.1","0","0","0","0","0","0","0","0","0"
"*05qtr*","Devin Vassell","SA","SG,SF","80","JDUB","25","","27,000,000","79.67","87","151.2",".437","2.5",".815","13.9","4.0","2.5","0.9","0.4","0.9"
"*03al0*","Aaron Gordon","DEN","PF,C","233","Pistons","30","","31,978,037","60.16","90","153.2",".497","1.7",".767","16.2","5.8","2.7","0.6","0.3","1.1"
"*06216*","Shaedon Sharpe","POR","SG,SF","155","Utah","23","","20,089,287","69.46","84","154.3",".452","2.1",".787","20.8","4.3","2.6","1.4","0.1","2.9"
"*05uij*","Davion Mitchell","MIA","PG","176","WAS","27","","12,400,000","66.69","86","154.9",".490","1.3",".646","9.3","2.7","6.5","1.0","0.2","1.5"
"*05qtq*","Tre Jones","CHI","PG","122","HR","26","","8,000,000","73.9","86","157.5",".553","0.6",".841","14.1","3.1","5.4","1.2","0.2","1.4"
"*04qry*","Grayson Allen","CHA","PG,SG,SF","114","BOS","30","","18,125,000","75.07","83","162.4",".403","3.1",".857","16.5","3.0","3.8","1.4","0.3","1.6"
"*06215*","Bennedict Mathurin","LAC","SG,SF","156","SDK","24","","678,882","69.4","80","163.6",".430","1.4",".869","17.6","5.4","2.4","0.8","0.2","2.2"
"*05qst*","Paul Reed","DET","C","188","J42","27","","5,602,689","65.59","78","164",".617","0.2",".664","7.8","4.5","1.2","0.9","0.9","0.9"
"*04qrl*","Wendell Carter","ORL","C","63","Magic","27","","18,102,000","83.11","78","164.1",".512","0.9",".792","11.8","7.4","2.0","0.8","0.6","1.3"
"*01eo9*","Jrue Holiday","POR","PG,SG","145","Utah","36","","34,800,000","70.74","80","164.8",".451","2.6",".838","16.3","4.6","6.1","1.0","0.1","2.8"
"*05uiz*","Quentin Grimes","LAL","SG,SF","81","ATL","26","","13,953,489","79.46","74","171.5",".450","1.7",".840","13.4","3.6","3.3","0.9","0.4","1.8"
"*06mlq*","Pelle Larsson","MIA","SG,SF","150","HBB","25","","2,296,271","70.25","74","174.3",".496","0.9",".797","11.4","3.5","3.4","0.7","0.2","1.4"
"*04ex8*","Dillon Brooks","PHO","SG,SF,PF","129","Bulls","30","","19,992,727","72.51","70","175.2",".435","2.3",".842","20.2","3.6","1.8","1.0","0.2","1.8"
"*06cc1*","Bilal Coulibaly","WAS","SG,SF,PF","120","GSW","22","","9,240,012","74.35","68","176.8",".425","1.2",".746","11.7","4.3","2.6","1.3","1.0","1.4"
"*06226*","Moussa Diabate","CHA","C","111","ATL","24","","2,461,462","75.58","68","176.8",".631","0.0",".659","7.9","8.7","1.9","0.8","1.0","1.0"
"*02nfz*","Draymond Green","GS","PF,C","138","OBP","36","","678,882","71.55","65","183.6",".418","1.5",".702","8.4","5.5","5.5","0.9","0.6","2.7"
"*027p4*","Tobias Harris","SA","PF","101","JDUB","34","","15,044,000","76.98","64","184",".469","1.3",".866","13.3","5.1","2.5","0.9","0.4","1.0"
"*0621k*","Christian Braun","DEN","SG,SF","251","DEN","25","","21,551,726","56.83","62","188.4",".519","1.0",".782","12.0","4.8","2.7","0.7","0.3","1.0"
"*051or*","Cameron Johnson","DEN","SF,PF","160","JDUB","30","","22,500,000","69.08","59","188.4",".480","2.0",".839","12.2","3.8","2.4","0.7","0.4","0.9"
"*04qsd*","Mitchell Robinson","BOS","C","208","JL","28","","15,044,000","62.79","51","192.2",".723","0.0",".408","5.7","8.8","0.9","0.9","1.2","0.7"
"*0623a*","Scotty Pippen","MEM","PG","439","ManuWolf","25","","2,461,462","27.66","54","193.9",".448","1.0",".783","11.4","2.2","4.7","1.9","0.4","2.7"
"*027p0*","Nikola Vucevic","ORL","C","70","BOS","35","","3,876,529","81.56","48","194.4",".493","1.6",".828","15.1","8.4","3.3","0.6","0.6","1.3"
"*06mle*","Kyle Filipowski","UTA","PF,C","66","Utah","22","","3,000,000","82.14","51","194.8",".492","1.0",".750","11.4","7.2","2.6","0.9","0.5","1.6"
"*076sx*","Yaxel Lendeborg","GS","SF","1235","Pistons","23","","6,096,240","0","52","196.9","0","0","0","0","0","0","0","0","0"
"*076tk*","Mikel Brown","BKN","PG","751","OBP","20","","8,787,000","0","48","199.8","0","0","0","0","0","0","0","0","0"
"*027pe*","Jimmy Butler","GS","SF,PF","171","JL","36","","56,832,773","67.62","42","202.2",".519","0.8",".864","20.0","5.6","4.9","1.4","0.2","1.6"
"*049kd*","Deandre Ayton","WAS","C","133","Bulls","28","","8,104,000","72.31","39","205.1",".671","0.0",".645","12.5","8.0","0.8","0.6","1.0","1.2"
"*06v5w*","Nique Clifford","SAC","SG,SF","173","OBP","24","","3,263,400","67.05","35","206.1",".418","1.0",".722","8.6","3.8","2.4","0.9","0.3","1.5"
"*06v5f*","Khaman Maluach","PHO","C","390","CLPS","19","","6,316,680","34.49","41","207.4",".533","0.1",".710","3.0","2.9","0.1","0.1","0.7","0.5"
"*04qru*","Donte DiVincenzo","MIN","PG,SG","42","HBB","29","","12,535,000","88.15","30","211.7",".406","3.0",".743","12.2","4.1","3.8","1.3","0.4","1.4"
"*06cc8*","Dereck Lively","DAL","C","483","JDUB","22","","7,239,131","22.05","32","211.8",".611","0.0",".800","4.3","5.3","1.9","0.6","1.6","1.4"
"*03aq2*","Jerami Grant","MEM","SF,PF","112","OBP","32","","34,206,898","75.19","32","212.5",".453","2.4",".814","18.6","3.5","2.1","0.7","0.6","2.1"
"*05qub*","Isaiah Stewart","MEM","PF,C","179","HR","25","","15,000,000","66.6","33","213.4",".550","0.7",".756","10.0","5.0","1.1","0.3","1.6","1.2"
"*05uj9*","Herbert Jones","NO","SG,SF,PF","193","NOP","27","","14,898,786","64.97","33","213.9",".383","1.4",".806","8.9","3.4","2.8","1.6","0.5","1.3"
"*0622i*","Gui Santos","GS","SF,PF","169","GSW","24","","4,629,630","67.75","33","215",".500","1.1",".725","9.2","3.9","2.3","0.9","0.3","1.5"
"*03nwn*","Bobby Portis","MIA","PF,C","134","HR","31","","14,521,414","72.22","32","215.7",".488","2.0",".706","13.7","6.4","1.6","0.6","0.2","1.0"
"*005ki*","Brook Lopez","LAC","C","113","IND","38","","9,187,500","75.11","28","216",".428","1.5",".757","8.5","3.6","1.3","0.6","1.2","0.8"
"*076sy*","Morez Johnson","DAL","PF","1150","BCR","20","","6,754,800","0","30","218.6","0","0","0","0","0","0","0","0","0"
"*06v5m*","Joan Beringer","MIN","PF,C","392","HBB","19","","4,411,200","34.26","28","220.3",".663","0.0",".703","3.9","2.3","0.3","0.2","0.7","0.3"
"*04qrm*","Collin Sexton","LAL","PG,SG","124","SDK","27","","9,366,000","73.66","25","220.7",".485","1.6",".855","15.4","2.3","3.3","1.1","0.1","2.1"
"*0623m*","Keon Ellis","BKN","PG,SG","198","LBL","26","","9,000,000","64.11","25","221.2",".440","1.3",".729","6.7","1.9","1.0","1.2","0.6","0.6"
"*05uup*","Jay Huff","IND","C","68","LBL","28","","2,667,944","81.98","23","221.8",".476","1.5",".828","9.5","4.0","1.5","0.5","1.9","0.9"
"*051pi*","Daniel Gafford","DAL","C","183","Bulls","27","","17,263,584","66","23","222.5",".655","0.0",".683","9.5","6.9","1.1","0.8","1.3","1.1"
"*06mkc*","Jaylon Tyson","CLE","SG,SF","117","SDK","23","","3,658,560","74.57","22","223.2",".493","2.0",".738","13.2","5.1","2.2","0.8","0.4","1.5"
"*062dn*","Julian Champagnie","SA","SF,PF","60","Utah","25","","15,350,000","84.58","22","224",".437","2.4",".844","11.1","5.8","1.5","0.8","0.5","0.8"
"*06ccd*","Noah Clowney","BKN","PF,C","109","LBL","22","","5,414,034","76.12","22","225",".396","2.0",".804","12.3","4.1","1.6","0.8","0.7","1.5"
"*06mkd*","Yves Missi","NO","PF,C","217","Magic","22","","3,512,760","61.97","19","225.8",".544","0.0",".559","5.7","5.8","1.3","0.3","1.5","0.8"
"*076tc*","Keaton Wagler","LAC","SG","1699","CLPS","19","","9,674,760","0","19","226.7","0","0","0","0","0","0","0","0","0"
"*05qzh*","Naji Marshall","DAL","SG,SF,PF","87","DAL","28","","9,428,571","78.54","19","227.2",".510","0.8",".760","15.2","4.7","3.3","1.1","0.1","1.6"
"*06cdn*","Scoot Henderson","POR","PG","313","POR","22","","13,585,523","47.71","17","227.8",".418","1.9",".840","14.2","2.7","3.7","0.9","0.3","2.4"
"*076tl*","Brayden Burries","MIL","SG","766","JDUB","20","","6,417,360","0","18","228.4","0","0","0","0","0","0","0","0","0"
"*05uj4*","Santi Aldama","DAL","PF,C","174","DAL","25","","17,007,043","66.96","16","229.4",".479","1.6",".667","14.0","6.7","2.9","0.9","0.7","1.3"
"*03nwk*","Kelly Oubre Jr.","IND","SF,PF","163","BCR","30","","8,050,000","68.73","16","229.5",".467","1.7",".766","14.1","5.0","1.6","1.4","0.5","1.4"
"*05qt4*","Aaron Nesmith","IND","SF,PF","225","SPG","26","","11,000,000","60.85","14","230.7",".414","2.3",".829","13.8","4.2","1.9","0.6","0.5","1.4"
"*06v80*","Ryan Kalkbrenner","CHA","C","181","NOP","24","","2,411,090","66.02","13","232.2",".753","0.0",".716","7.6","5.5","0.8","0.5","1.5","0.9"
"*06mlz*","Cam Spencer","MEM","PG,SG","116","OBP","26","","2,411,090","74.62","13","232.6",".473","2.0",".940","11.1","2.5","5.6","0.7","0.2","1.3"
"*06mjx*","Ron Holland","DET","SF,PF","162","CLPS","21","","9,069,600","68.9","13","233.2",".432","0.6",".805","8.2","4.0","1.2","1.2","0.3","1.2"
"*06mkl*","Isaiah Collier","UTA","PG,SG","194","Utah","21","","2,763,960","64.54","10","233.8",".495","0.5",".722","11.7","2.5","7.2","1.1","0.3","2.5"
"*05ujt*","Aaron Wiggins","ATL","SG,SF","203","ATL","27","","8,831,776","63.16","12","234.1",".431","1.5",".736","9.4","3.1","1.7","0.9","0.4","1.2"
"*06mjt*","Zaccharie Risacher","DAL","SF","172","Knicks","21","","13,826,040","67.11","10","234.5",".455","1.4",".644","9.6","3.8","1.1","0.9","0.5","0.9"
"*04qsm*","De'Anthony Melton","GS","PG,SG","201","Magic","28","","5,477,000","63.56","12","234.6",".407","1.5",".826","12.3","3.2","2.6","1.6","0.4","1.9"
"*04qs4*","Robert Williams","POR","C","216","Utah","28","","14,000,000","62","10","234.8",".708","0.2",".596","6.7","7.0","1.0","0.6","1.5","0.8"
"*0621y*","Max Christie","DAL","SG,SF","102","DAL","23","","8,285,714","76.8","10","235.6",".441","2.3",".899","12.3","3.2","2.0","0.6","0.4","1.2"
"*051p8*","Jordan Poole","NO","PG,SG","272","Ignazzz","27","","34,044,642","53.83","9","236.2",".372","2.5",".860","13.4","2.0","3.1","0.6","0.4","1.8"
"*04ewr*","Kyle Kuzma","MIL","SF,PF","125","BOS","31","","19,431,819","73.57","9","236.6",".492","1.2",".726","13.0","4.5","2.7","0.7","0.4","1.7"
"*05qtm*","Precious Achiuwa","SAC","PF,C","118","BCR","26","","5,477,000","74.52","7","236.7",".528","0.4",".554","10.1","6.7","1.4","0.9","0.7","0.9"
"*05qsp*","Isaiah Joe","DET","PG,SG","147","Pistons","27","","11,323,006","70.59","7","236.8",".455","2.5",".894","11.1","2.5","1.3","0.7","0.2","0.6"
"*076ti*","Hannes Steinbach","CHA","PF","1611","Ignazzz","20","","5,227,200","0","7","237.5","0","0","0","0","0","0","0","0","0"
"*051p9*","Keldon Johnson","SA","SG,SF","110","DAL","26","","17,500,000","76.09","6","237.6",".519","1.2",".794","13.2","5.4","1.4","0.6","0.1","0.9"
"*0621i*","Jake LaRavia","LAL","PF","88","DEN","24","","6,000,000","78.51","6","238.1",".459","1.0",".763","8.2","4.0","1.8","1.3","0.5","1.1"
"*06v58*","Tre Johnson","WAS","PG,SG","215","SAC","20","","8,649,600","62.03","6","238.4",".419","1.9",".874","12.2","2.8","2.0","0.6","0.3","1.6"
"*04qs1*","Anfernee Simons","PHI","PG,SG","206","POR","27","","6,000,000","62.98","6","238.4",".440","2.7",".896","14.3","2.5","2.4","0.5","0.1","1.2"
"*05qtb*","Sam Merrill","CLE","SG,SF","209","SDK","30","","9,160,715","62.72","6","238.7",".461","3.0",".855","12.8","2.6","2.4","0.6","0.1","0.8"
"*031mb*","Tim Hardaway","MIA","SG,SF","96","HR","34","","6,065,000","77.34","6","239.3",".447","2.8",".811","13.5","2.6","1.4","0.5","0.1","0.5"
"*06cbz*","Brice Sensabaugh","UTA","SF,PF","115","Utah","22","","4,862,237","74.84","4","239.9",".460","2.2",".826","14.9","3.1","1.9","0.7","0.2","1.7"
"*042n2*","Kris Dunn","LAC","PG,SG","143","BCR","32","","5,684,800","71.27","4","240.1",".476","1.0",".765","7.3","3.3","3.6","1.6","0.2","1.4"
"*076te*","Kingston Flemings","ATL","PG","968","SPG","19","","7,348,680","0","4","240.3","0","0","0","0","0","0","0","0","0"
"*051op*","Rui Hachimura","LAC","PF","185","WAS","28","","14,000,000","65.79","4","240.3",".514","1.7",".694","11.5","3.3","0.8","0.6","0.3","0.6"
"*04s00*","Duncan Robinson","DET","SG,SF","100","BOS","32","","15,992,957","77.04","3","241.1",".456","2.9",".755","12.2","2.7","2.1","0.6","0.3","0.7"
"*06mk6*","Carlton Carrington","WAS","PG","128","LBL","21","","4,900,560","72.86","3","241.2",".424","2.1",".730","10.7","3.4","4.6","0.6","0.2","2.3"
"*06cc0*","Taylor Hendricks","MEM","SF,PF,C","246","SPG","22","","7,805,900","57.53","3","241.3",".459","1.1",".681","7.4","3.7","0.9","0.8","0.5","0.8"
"*06v59*","Will Riley","WAS","SF","175","WAS","20","","3,688,320","66.79","3","241.5",".439","1.1",".800","10.3","2.9","2.0","0.7","0.1","1.3"
"*06mll*","Jaylen Wells","MEM","SG,SF","139","Utah","22","","2,296,271","71.53","3","241.5",".431","1.9",".784","12.5","3.2","1.6","0.9","0.1","1.1"
"*0558t*","Max Strus","CLE","SG,SF","436","BOS","30","","16,660,836","28.06","3","241.5",".443","2.8",".778","11.2","5.4","2.0","0.3","0.0","0.8"
"*06v56*","Walter Clayton","MEM","PG","229","SAC","23","","4,190,520","60.52","3","241.6",".384","1.1",".901","7.8","2.0","4.0","0.6","0.3","1.7"
"*06cei*","Leonard Miller","CHI","SF","329","CLPS","22","","2,406,205","44.34","3","241.6",".553","0.7",".736","7.8","3.9","0.9","0.4","0.3","0.8"
"*049kc*","Malik Monk","SAC","PG,SG","177","POR","28","","20,190,035","66.66","3","241.6",".438","2.0",".879","12.5","1.9","3.0","0.6","0.4","1.5"
"*06mkj*","Terrence Shannon","MIN","SG,SF,PF","382","ManuWolf","26","","2,801,640","35.97","3","241.7",".450","0.7",".800","5.6","1.1","0.9","0.3","0.0","0.6"
"*06hdy*","Drew Peterson","(N/A)","PF","557","FA","26","","678,882","15.89","1","241.7",".125","0.0",".500","0.8","1.5","0.3","0.5","0.2","0.0"
"*06mmf*","Daniss Jenkins","DET","PG","178","BCR","24","","4,000,000","66.65","3","241.8",".408","1.0",".832","9.3","2.3","3.9","0.9","0.2","1.6"
"*06v5q*","Danny Wolf","BKN","PF,C","214","SAC","22","","2,941,440","62.24","1","242.4",".405","1.2",".771","8.9","4.9","2.2","0.5","0.6","1.3"
"*051ok*","De'Andre Hunter","SAC","SF,PF","249","SAC","28","","24,910,714","57.07","1","242.5",".415","1.7",".867","13.7","4.1","2.0","0.7","0.1","1.7"
"*03al1*","Marcus Smart","HOU","PG,SG","159","Ignazzz","32","","6,368,000","69.18","1","242.6",".395","1.6",".822","9.3","2.8","3.0","1.4","0.4","1.5"
"*005kc*","Russell Westbrook","(N/A)","PG,SG","83","ManuWolf","37","","678,882","78.88","1","242.6",".427","2.0",".694","15.2","5.4","6.7","1.3","0.2","3.3"
"*05uih*","Jonathan Kuminga","(N/A)","PF,C","294","WAS","23","","678,882","50.8","1","242.6",".463","1.0",".724","12.2","5.6","2.3","0.6","0.3","1.9"
"*05uja*","Miles McBride","NY","PG,SG","271","SPG","25","","3,956,523","53.85","1","242.6",".423","2.7",".787","12.0","2.4","2.6","0.9","0.2","0.8"
"*076tb*","Allen Graves","TOR","PF","1020","Ignazzz","20","","4,065,720","0","1","242.7","0","0","0","0","0","0","0","0","0"
"*06234*","AJ Green","MIL","PG,SG,SF","165","SDK","26","","10,044,644","68.62","1","242.7",".424","3.0",".855","10.4","2.7","1.9","0.5","0.1","1.0"
"*06cdh*","GG Jackson","MEM","SF,PF","190","SPG","21","","2,406,205","65.33","1","242.7",".496","1.2",".742","12.5","4.3","1.5","0.6","0.8","1.5"
"*076t2*","Cameron Carr","LAL","SG","782","OBP","21","","3,315,360","0","1","242.8","0","0","0","0","0","0","0","0","0"
"*06y2o*","Dylan Cardwell","SAC","PF,C","279","SAC","24","","2,150,917","52.86","1","242.8",".587","0.0",".510","5.4","7.5","1.4","0.7","1.5","0.9"
"*0622f*","Karlo Matkovic","NO","PF,C","274","ManuWolf","25","","2,296,271","53.53","1","242.8",".604","0.6",".732","5.7","3.7","0.8","0.4","0.9","0.5"
"*031m4*","Dennis Schroder","CLE","PG,SG","167","BOS","32","","14,809,200","68.23","1","242.8",".405","1.1",".834","10.8","2.7","4.9","0.8","0.2","1.8"
"*048zt*","Derrick Jones","LAC","SF,PF","222","Bulls","29","","10,476,190","61.01","1","242.8",".499","1.1",".763","10.1","3.5","1.4","0.9","1.0","0.8"
"*0621a*","Ousmane Dieng","MIL","PF,C","285","NOP","23","","5,401,235","51.86","1","242.8",".422","1.1",".711","7.6","3.2","2.4","0.4","0.3","1.3"
"*06mln*","Adem Bona","PHI","C","242","SDK","23","","2,296,271","58.05","1","242.9",".595","0.0",".708","4.8","4.3","0.5","0.4","1.2","0.8"
"*06mk8*","Jared McCain","OKC","SG","267","LBL","22","","4,422,600","54.31","1","242.9",".425","1.5",".864","8.3","2.0","1.3","0.5","0.1","0.8"
"*06mlm*","Oso Ighodaro","PHO","PF,C","157","HOT","24","","2,296,271","69.31","1","242.9",".653","0.0",".453","6.5","5.1","2.3","0.9","0.7","1.2"
"*06cab*","Jarace Walker","IND","SF,PF","85","JDUB","22","","8,478,542","78.73","0","-",".419","1.8",".749","11.6","5.1","2.5","0.8","0.3","1.8"
"*04jwd*","Royce O'Neale","CHA","SF,PF","86","Pistons","33","","10,875,000","78.6","0","-",".421","2.7",".711","9.8","4.8","2.7","1.1","0.4","1.3"
"*06mka*","Tristan da Silva","ORL","SF,PF","123","Knicks","25","","3,991,200","73.71","0","-",".450","1.6",".884","9.9","3.7","1.6","0.9","0.3","0.9"
"*02nf7*","Harrison Barnes","SA","SF,PF","130","JDUB","34","","8,000,000","72.48","0","-",".456","1.8",".829","9.9","2.8","1.9","0.6","0.2","0.8"
"*05uio*","Moses Moody","GS","SG,SF","135","POR","24","","12,500,000","72.03","0","-",".440","2.5",".770","12.1","3.3","1.6","1.0","0.6","0.9"
"*05uuq*","Jock Landale","ATL","C","136","POR","30","","14,000,000","71.71","0","-",".515","1.1",".635","10.6","5.7","1.7","0.5","0.5","0.9"
"*05ux3*","Jordan Goodwin","PHO","PG,SG","137","HOT","27","","5,864,198","71.56","0","-",".413","1.6",".696","8.7","4.9","2.2","1.5","0.2","1.0"
"*04qrw*","Kevin Huerter","DET","SG,SF","144","OBP","27","","8,333,333","71.06","0","-",".451","1.4",".775","10.0","3.5","2.6","0.9","0.5","1.0"
"*04qsj*","Bruce Brown","(N/A)","PG,SG","148","Bulls","29","","678,882","70.44","0","-",".475","0.7",".762","7.9","3.9","2.1","1.0","0.2","1.1"
"*05uug*","Sam Hauser","BOS","SF,PF","151","HBB","28","","10,848,215","70.07","0","-",".419","2.5",".850","9.2","3.8","1.5","0.5","0.3","0.4"
"*05uud*","Justin Champagnie","WAS","SF,PF","152","ManuWolf","25","","2,667,944","69.82","0","-",".502","0.8",".784","8.7","5.6","1.2","0.9","0.6","0.7"
"*0558v*","Javonte Green","DET","SG,SF","153","BOS","33","","3,943,679","69.67","0","-",".447","1.1",".840","6.9","2.8","0.7","1.2","0.3","0.5"
"*05y9y*","Brandon Williams","(N/A)","PG","161","ManuWolf","26","","678,882","69.01","0","-",".472","0.5",".793","13.0","2.9","3.9","0.9","0.3","1.9"
"*04jwb*","Luke Kornet","SA","C","164","IND","31","","10,450,000","68.64","0","-",".643","0.0",".825","6.5","6.1","1.9","0.5","1.0","0.4"
"*0621x*","Jaylin Williams","OKC","PF,C","168","HBB","24","","7,774,648","67.81","0","-",".423","1.5",".793","7.2","5.5","2.4","0.5","0.6","1.0"
"*0626t*","Dominick Barlow","PHI","SF,PF,C","170","69ers","23","","3,415,000","67.63","0","-",".539","0.3",".718","7.7","4.8","1.2","0.9","0.7","0.8"
"*06mlr*","Jamal Shead","TOR","PG","180","BCR","24","","2,296,271","66.19","0","-",".367","1.0",".784","6.6","1.7","5.4","0.9","0.2","1.4"
"*0527l*","Luguentz Dort","ATL","SG,SF,PF","184","GSW","27","","17,722,222","65.92","0","-",".385","1.9",".759","8.3","3.6","1.2","0.9","0.4","0.8"
"*04ewd*","Luke Kennard","PHO","PG,SG","186","FA","30","","6,368,000","65.69","0","-",".533","1.5",".913","8.4","2.3","2.2","0.7","0.1","0.8"
"*049ki*","Marvin Bagley","DEN","PF,C","189","JDUB","27","","3,506,659","65.35","0","-",".618","0.4",".660","10.4","6.1","1.4","0.5","0.7","1.0"
"*05qty*","Jalen Smith","CHI","PF,C","192","Bulls","26","","9,428,571","65.02","0","-",".483","1.5",".742","10.2","6.7","1.2","0.5","0.8","1.0"
"*027ou*","Klay Thompson","DAL","SG,SF","196","69ers","36","","17,460,317","64.48","0","-",".393","2.9",".766","11.7","2.1","1.4","0.5","0.3","0.9"
"*06mkb*","Ja'Kobe Walter","TOR","PG,SG","197","WAS","21","","3,811,800","64.47","0","-",".446","1.5",".789","7.5","2.6","1.2","1.0","0.2","0.5"
"*05wqo*","Dru Smith","MIA","PG,SG","200","HR","28","","2,584,539","63.76","0","-",".415","0.5",".829","5.6","2.5","2.6","1.4","0.3","0.8"
"*06v7z*","Sion James","CHA","SG,SF","202","J42","23","","2,411,090","63.48","0","-",".371","1.0",".837","5.4","3.5","2.0","0.6","0.2","0.8"
"*062pk*","Simone Fontecchio","MIA","SF,PF","204","ManuWolf","30","","2,625,627","63.11","0","-",".412","1.8",".843","8.5","3.0","1.4","0.5","0.1","0.7"
"*05qsk*","Isaac Okoro","CHI","SG,SF","205","Bulls","25","","11,814,814","62.98","0","-",".460","1.2",".795","9.3","2.7","1.6","0.7","0.5","0.7"
"*05uik*","Ziaire Williams","LAL","SG,SF","211","LBL","24","","678,882","62.68","0","-",".425","1.5",".850","10.2","2.4","1.1","1.4","0.4","1.1"
"*05uj0*","Bones Hyland","MIN","PG","212","IND","25","","2,845,883","62.58","0","-",".453","1.6",".780","8.5","1.8","2.6","0.6","0.2","1.0"
"*02nf9*","Andre Drummond","NY","C","213","69ers","32","","3,876,529","62.43","0","-",".472","0.5",".631","6.4","8.4","1.3","0.6","0.8","1.0"
"*05ujq*","Luka Garza","BOS","C","218","BOS","27","","2,801,346","61.96","0","-",".577","0.8",".769","8.1","4.1","1.0","0.4","0.4","0.7"
"*02ng3*","Khris Middleton","WAS","SF,PF","219","WAS","34","","5,591,122","61.83","0","-",".420","1.1",".875","10.2","3.7","2.8","0.7","0.1","1.7"
"*051oo*","Jaxson Hayes","UTA","C","220","LBL","26","","6,064,000","61.71","0","-",".756","0.0",".653","7.5","4.1","0.9","0.4","0.8","0.5"
"*051oy*","Goga Bitadze","ORL","C","221","CLPS","27","","7,608,696","61.15","0","-",".676","0.0",".711","5.9","5.0","1.3","0.6","1.0","0.7"
"*05qsl*","Patrick Williams","CHI","SF,PF","224","IND","24","","18,000,000","60.85","0","-",".372","1.3",".720","7.0","3.0","1.5","0.7","0.4","1.0"
"*05uul*","Jose Alvarado","NY","PG","226","69ers","28","","4,439,656","60.76","0","-",".416","1.5",".761","7.4","2.5","3.4","1.0","0.1","1.1"
"*06mly*","Quinten Post","MEM","C","227","Knicks","26","","8,285,714","60.7","0","-",".440","1.4",".791","7.7","4.0","1.4","0.4","0.5","0.8"
"*06mk2*","Cody Williams","UTA","SG","228","Utah","21","","6,015,600","60.56","0","-",".468","0.4",".706","8.8","3.0","2.0","0.8","0.4","1.1"
"*06ccw*","Jordan Miller","LAC","SF","232","CLPS","26","","4,857,143","60.41","0","-",".531","0.6",".777","10.0","3.0","2.3","0.8","0.2","1.1"
"*05qtk*","Vit Krejci","POR","PG,SG,SF","235","POR","26","","2,667,944","59.98","0","-",".448","2.0",".745","8.5","2.3","1.5","0.7","0.3","0.6"
"*043cj*","Gary Payton II","GS","PG,SG","236","GSW","33","","678,882","59.37","0","-",".583","0.5",".650","7.5","3.6","1.7","0.9","0.3","0.8"
"*027oo*","Jonas Valanciunas","(N/A)","C","238","FA","34","","678,882","59.01","0","-",".582","0.1",".772","8.7","5.1","1.2","0.2","0.6","1.1"
"*06ccz*","Mouhamed Gueye","ATL","PF","239","ATL","23","","2,406,205","58.85","0","-",".452","0.5",".645","4.4","3.6","0.9","0.8","0.5","0.4"
"*000zv*","Al Horford","GS","PF,C","241","HR","40","","6,822,000","58.66","0","-",".426","1.6",".846","8.3","4.9","2.6","0.7","1.1","0.9"
"*06mkk*","Ryan Dunn","PHO","SF,PF","243","SAC","23","","2,784,240","57.82","0","-",".453","0.8",".489","5.8","4.2","1.5","0.9","0.4","0.8"
"*042nf*","Caris LeVert","MIL","SG,SF","244","Pistons","31","","14,809,200","57.77","0","-",".417","1.0",".679","7.4","1.9","2.6","0.8","0.7","1.4"
"*05293*","John Konchar","UTA","SG","245","SPG","30","","6,165,000","57.64","0","-",".472","0.5",".727","4.4","4.3","2.1","1.5","0.7","0.6"
"*051ps*","Terance Mann","BKN","PG,SG,SF","248","OBP","29","","15,500,000","57.3","0","-",".458","0.9",".787","7.2","3.2","3.0","0.7","0.2","1.1"
"*06v8p*","Will Richard","GS","SG","250","GSW","23","","2,150,917","57.03","0","-",".468","1.0",".852","6.4","2.5","1.3","1.2","0.1","0.8"
"*06cc9*","Olivier-Maxence Prosper","MEM","PF","252","SDK","24","","2,497,812","56.65","0","-",".549","1.1",".754","10.0","3.5","1.0","0.8","0.2","0.9"
"*0529c*","Dean Wade","PHI","PF","253","HOT","29","","9,000,000","56.54","0","-",".439","1.2",".711","5.8","4.2","1.5","0.7","0.4","0.3"
"*05wqp*","Micah Potter","POR","PF,C","254","IND","28","","678,882","56.51","0","-",".515","1.5",".842","9.7","5.0","1.5","0.5","0.3","1.0"
"*06cd1*","Jordan Walsh","BOS","PF","255","BOS","22","","2,406,205","56.48","0","-",".509","0.7",".772","5.4","4.0","0.8","0.7","0.5","0.5"
"*06cp4*","Craig Porter","CLE","PG","256","SDK","26","","2,406,205","56.33","0","-",".450","0.5",".600","4.5","3.4","3.2","0.9","0.6","0.9"
"*06mkm*","Baylor Scheierman","BOS","SG,SF","257","Magic","25","","2,744,040","55.97","0","-",".453","1.3",".903","5.5","3.5","1.5","0.5","0.1","0.6"
"*03e6s*","Clint Capela","HOU","C","258","FA","32","","7,035,000","55.87","0","-",".520","0.0",".577","3.8","4.6","0.7","0.5","0.8","0.5"
"*05uiw*","Isaiah Jackson","LAC","C","259","CLPS","24","","7,000,000","55.57","0","-",".637","0.0",".648","6.7","5.3","0.9","0.7","0.9","1.1"
"*0633h*","Pat Spencer","PHO","PG","260","NOP","30","","678,883","54.95","0","-",".427","0.9",".772","7.2","2.4","3.5","0.7","0.1","1.3"
"*06caa*","Ben Sheppard","IND","SG,SF","261","IND","25","","5,031,669","54.94","0","-",".434","1.3",".765","7.1","3.0","1.8","0.6","0.1","0.6"
"*03byk*","Jordan Clarkson","NY","SG,SF","262","DEN","34","","678,882","54.83","0","-",".451","1.0",".830","8.6","1.8","1.3","0.4","0.1","0.9"
"*0496e*","Alex Caruso","OKC","PG,SG,SF","263","JDUB","32","","19,550,160","54.62","0","-",".423","0.9",".804","6.2","2.8","2.0","1.3","0.3","0.9"
"*03wr4*","T.J. McConnell","IND","PG","264","SDK","34","","11,000,000","54.4","0","-",".538","0.3",".862","9.4","2.2","5.1","1.0","0.2","1.1"
"*06v5p*","Nolan Traore","BKN","PG","265","OBP","20","","4,002,000","54.36","0","-",".380","1.1",".787","8.9","1.8","3.8","0.8","0.4","2.3"
"*06cel*","Sidy Cissoko","POR","SF","266","JL","22","","2,497,812","54.34","0","-",".398","0.8",".659","5.1","2.2","1.5","0.7","0.3","0.9"
"*06v89*","Jamir Watkins","WAS","SG,SF","268","WAS","25","","678,883","54.28","0","-",".446","0.9",".695","7.4","3.9","1.3","1.1","0.5","0.8"
"*06v8g*","Kobe Sanders","LAC","SG,SF","269","GSW","24","","2,622,139","54.09","0","-",".466","1.2",".826","7.3","2.3","1.6","0.7","0.1","1.2"
"*04qrx*","Josh Okogie","UTA","SG,SF","270","FA","27","","5,853,659","53.86","0","-",".425","0.8",".594","4.5","2.6","0.9","0.8","0.2","0.5"
"*05uip*","Corey Kispert","ATL","SG,SF,PF","273","ATL","27","","13,975,000","53.64","0","-",".467","1.5",".794","9.2","2.3","1.6","0.3","0.2","0.8"
"*06prl*","Nae'Qwan Tomlin","CLE","PF","275","Knicks","25","","2,411,090","53.38","0","-",".478","0.4",".770","5.8","2.9","0.8","0.6","0.5","0.5"
"*06nv9*","Spencer Jones","DEN","SF,PF","276","HR","25","","678,882","53.26","0","-",".504","0.9",".608","5.5","3.3","0.8","0.8","0.5","0.5"
"*06ccu*","Tristan Vukcevic","WAS","C","277","Magic","23","","3,000,000","53.26","0","-",".479","1.0",".784","9.0","3.0","1.1","0.5","0.7","1.3"
"*03xmt*","Guerschon Yabusele","(N/A)","PF,C","278","FA","30","","678,882","53.14","0","-",".401","1.0",".750","5.6","3.5","0.9","0.4","0.2","0.6"
"*031lv*","Kentavious Caldwell-Pope","PHI","SG,SF","280","FA","33","","21,621,500","52.84","0","-",".410","1.1",".912","8.4","2.5","2.7","0.8","0.2","1.2"
"*04qs3*","Landry Shamet","NY","SG","281","DEN","29","","5,490,967","52.39","0","-",".437","2.0",".711","9.3","1.8","1.4","0.6","0.2","0.6"
"*06v8e*","Javon Small","MEM","PG","282","JDUB","23","","678,883","52.01","0","-",".465","1.5",".829","9.7","3.1","3.7","0.8","0.2","1.4"
"*04qse*","Gary Trent","MIL","SG,SF","284","WAS","27","","678,882","51.97","0","-",".387","1.9",".769","8.1","1.0","1.2","0.5","0.0","0.6"
"*04qsi*","Jarred Vanderbilt","LAL","PF","287","Pistons","27","","12,428,571","51.54","0","-",".471","0.4",".589","4.4","4.5","1.3","0.8","0.3","0.9"
"*06cc2*","Gradey Dick","TOR","SG,SF","288","J42","22","","7,131,511","51.44","0","-",".419","0.7",".875","6.0","1.9","0.7","0.6","0.1","0.6"
"*064tp*","Quenton Jackson","IND","PG","289","OBP","27","","2,584,539","51.3","0","-",".470","0.9",".824","9.1","2.3","2.9","0.6","0.1","1.3"
"*06ca5*","Kris Murray","MEM","SF","290","JL","25","","5,315,004","51.19","0","-",".467","0.6",".684","5.8","3.6","1.4","0.9","0.4","0.8"
"*04ex5*","Thomas Bryant","CLE","C","291","FA","29","","3,524,115","50.93","0","-",".506","0.8",".803","6.2","3.4","0.6","0.3","0.4","0.5"
"*06228*","Josh Minott","BKN","SF,PF,C","292","OBP","23","","4,500,000","50.9","0","-",".500","1.3",".787","7.4","3.2","0.9","0.9","0.5","0.9"
"*06vy3*","Caleb Love","PHI","PG,SG","293","POR","24","","678,883","50.8","0","-",".388","1.9",".735","10.4","2.3","2.5","0.6","0.1","1.3"
"*06v55*","Kasparas Jakucionis","MIL","SG","295","SPG","20","","3,841,680","50.05","0","-",".429","1.2",".879","6.2","2.6","2.6","0.6","0.1","0.9"
"*06mmc*","Justin Edwards","PHI","SG,SF,PF","296","69ers","22","","2,411,090","49.94","0","-",".447","1.0",".846","6.0","1.5","1.3","0.8","0.2","0.6"
"*005l0*","Nicolas Batum","(N/A)","PF","297","FA","37","","678,882","49.76","0","-",".403","1.2",".818","4.0","2.5","0.9","0.6","0.3","0.5"
"*04qsn*","Svi Mykhailiuk","UTA","SF","298","FA","29","","3,850,000","49.52","0","-",".478","2.0",".893","9.4","2.5","1.9","0.5","0.1","0.8"
"*06v5s*","Drake Powell","BKN","SG,SF,PF","299","Pistons","20","","3,540,600","49.22","0","-",".402","0.8",".896","6.5","1.8","1.4","0.6","0.2","1.0"
"*0621q*","Nikola Jovic","MIA","PF,C","300","HBB","23","","16,200,000","49.2","0","-",".366","1.0",".683","7.3","3.3","2.2","0.6","0.4","1.4"
"*03aq3*","Kyle Anderson","TOR","SF,PF","301","FA","32","","3,876,529","49.13","0","-",".530","0.1",".706","6.2","3.5","2.9","1.0","0.6","0.9"
"*05uj1*","Cameron Thomas","(N/A)","SG,SF","302","69ers","24","","678,882","49","0","-",".410","1.2",".811","13.5","1.7","2.6","0.2","0.1","1.8"
"*05ujw*","Jericho Sims","MIL","C","303","JL","27","","2,801,346","48.77","0","-",".784","0.0",".620","5.0","5.5","1.6","0.3","0.3","1.1"
"*06cd2*","Rayan Rupert","PHI","SG","304","IND","22","","678,883","48.65","0","-",".393","0.7",".778","5.2","2.9","1.1","0.9","0.1","0.9"
"*0622a*","Vince Williams","(N/A)","PG,SG,SF","305","SPG","25","","678,882","48.28","0","-",".353","1.4",".780","7.5","3.9","4.2","0.7","0.4","1.8"
"*05uuv*","Trendon Watford","(N/A)","PG,SG,PF","306","Pistons","25","","678,882","48.21","0","-",".515","0.2",".779","6.5","3.3","2.5","0.3","0.4","1.2"
"*03e79*","Dwight Powell","(N/A)","C","307","DAL","35","","678,882","48.16","0","-",".644","0.0",".696","3.3","4.1","1.1","0.5","0.3","0.7"
"*06220*","Jaden Hardy","LAL","PG,SG","308","LBL","24","","6,000,000","48.1","0","-",".424","1.8",".733","9.2","1.5","1.0","0.3","0.1","1.1"
"*0015e*","Mike Conley","BOS","PG","309","FA","38","","3,876,529","48.09","0","-",".335","1.0",".900","4.5","1.7","2.9","0.6","0.3","0.6"
"*06ca2*","Kobe Brown","IND","PF","310","FA","26","","678,883","47.98","0","-",".469","0.9",".797","5.8","3.0","1.3","0.4","0.2","0.9"
"*06y3q*","Ryan Nembhard","ATL","PG","311","DAL","23","","2,150,917","47.97","0","-",".415","0.8",".806","6.6","2.2","5.3","0.4","0.0","1.4"
"*04t8w*","Kenrich Williams","OKC","PF","314","HBB","31","","5,000,000","47.59","0","-",".473","0.9",".635","6.5","3.3","1.4","0.6","0.1","0.8"
"*06mk0*","Rob Dillingham","CHI","PG","315","Bulls","21","","6,889,320","47.48","0","-",".396","0.6",".745","6.3","2.0","2.2","0.7","0.1","1.5"
"*042n3*","Buddy Hield","ATL","PG,SG,SF","317","JDUB","33","","9,658,536","47.23","0","-",".437","1.5",".811","7.6","2.3","1.4","0.8","0.2","0.9"
"*06ca3*","Julian Strawther","DEN","SG,SF","318","DEN","24","","4,826,931","47.09","0","-",".467","1.0",".814","7.2","2.0","1.1","0.4","0.1","0.6"
"*05qv9*","Anthony Gill","(N/A)","PF","319","FA","33","","678,882","46.47","0","-",".628","0.3",".739","5.8","2.9","1.3","0.6","0.4","0.7"
"*06mk5*","Devin Carter","ATL","PG","320","HOT","24","","5,158,080","46.25","0","-",".414","0.8",".713","8.9","3.3","2.7","0.9","0.2","1.4"
"*06223*","Bryce McGowens","NO","SG","321","NOP","23","","2,584,539","46.2","0","-",".481","0.9",".779","8.1","2.1","1.5","0.6","0.2","0.4"
"*06v5d*","Hugo Gonzalez","BOS","SG,SF,PF","322","ATL","20","","2,923,560","46.04","0","-",".476","0.6",".500","3.9","3.3","0.5","0.6","0.3","0.5"
"*04qs9*","Jevon Carter","ORL","PG","324","Ignazzz","30","","3,506,659","45.6","0","-",".401","1.5",".789","6.4","1.7","1.6","0.8","0.2","0.7"
"*06v5x*","Carter Bryant","SA","SF,PF","325","JL","20","","5,145,360","45.43","0","-",".408","0.7",".714","4.2","2.5","0.7","0.2","0.3","0.5"
"*06cdc*","Jalen Wilson","ATL","SF,PF","326","FA","25","","678,882","45.2","0","-",".396","1.0",".719","6.4","2.1","0.9","0.4","0.0","0.7"
"*005kd*","Kevin Love","(N/A)","PF,C","327","FA","37","","678,882","45","0","-",".397","1.4",".841","6.7","5.8","1.8","0.4","0.2","0.8"
"*06cd9*","Jaylen Clark","MIN","SG,SF","328","FA","24","","3,086,420","44.67","0","-",".434","0.5",".657","4.0","1.8","0.6","0.7","0.1","0.3"
"*051p2*","Grant Williams","CHA","PF","330","J42","27","","14,265,750","44.29","0","-",".426","1.4",".815","7.0","3.9","1.6","0.5","0.5","0.9"
"*06v5t*","Ben Saraf","BKN","SG","331","OBP","20","","3,028,560","44.26","0","-",".396","0.4",".830","7.5","2.1","3.3","0.9","0.2","2.3"
"*05qtd*","Nick Richards","(N/A)","C","332","Knicks","28","","678,882","44.21","0","-",".512","0.1",".644","5.8","5.1","0.3","0.2","0.7","1.2"
"*0622k*","Jabari Walker","PHI","SF,PF,C","333","POR","24","","2,584,539","44.16","0","-",".455","0.5",".735","4.3","3.0","0.5","0.4","0.2","0.4"
"*031lz*","Steven Adams","HOU","C","335","Ignazzz","33","","13,000,000","43.93","0","-",".504","0.0",".580","5.8","8.6","1.5","0.7","0.6","1.1"
"*064q6*","Daeqwon Plowden","SAC","SG,SF","336","SAC","27","","2,449,421","43.85","0","-",".430","1.9",".857","10.8","3.0","1.3","0.7","0.2","0.8"
"*0621d*","Ochai Agbaji","(N/A)","SG,SF","337","FA","26","","678,882","43.44","0","-",".436","0.5",".837","5.1","2.3","0.8","0.4","0.3","0.5"
"*06v7y*","Noah Penda","ORL","SF","338","IND","21","","2,150,917","43.25","0","-",".404","0.5",".688","3.8","3.2","1.2","0.5","0.3","0.7"
"*07215*","Moussa Cisse","DAL","C","339","HBB","23","","678,882","43.09","0","-",".574","0.0",".469","4.5","5.7","0.2","0.5","1.2","0.8"
"*055qo*","Caleb Martin","DAL","SF","340","FA","30","","8,963,901","43.02","0","-",".450","0.3",".607","3.9","2.5","1.4","0.7","0.3","0.7"
"*06214*","Jaden Ivey","(N/A)","SG","341","Pistons","24","","678,882","42.85","0","-",".445","1.4",".809","8.5","2.5","1.8","0.6","0.4","1.1"
"*06v86*","Micah Peavy","NO","SG,SF,PF","342","NOP","25","","2,150,917","42.55","0","-",".385","0.5",".759","4.3","1.9","1.0","0.7","0.1","0.3"
"*05ujm*","Sharife Cooper","WAS","PG","343","Utah","25","","678,882","41.6","0","-",".514","0.7",".833","8.1","2.1","3.0","0.4","0.1","1.5"
"*06cc6*","Jett Howard","DAL","SF","344","FA","22","","678,882","41.44","0","-",".418","1.0",".949","5.5","1.6","0.8","0.2","0.2","0.3"
"*049ka*","Lonzo Ball","(N/A)","PG","345","FA","28","","678,882","41.21","0","-",".301","1.1",".667","4.6","4.0","3.9","1.3","0.3","1.5"
"*06mlg*","Tyler Kolek","NY","PG","346","Knicks","25","","2,296,271","41.1","0","-",".435","0.7",".700","4.4","1.6","2.7","0.4","0.1","0.9"
"*04qs0*","Aaron Holiday","(N/A)","PG","347","FA","29","","678,882","41.04","0","-",".417","1.2",".854","5.5","1.0","1.1","0.5","0.1","0.7"
"*0622e*","Tyrese Martin","PHI","SG","348","FA","27","","678,882","40.98","0","-",".394","1.2",".679","6.3","2.5","1.7","0.5","0.1","0.9"
"*0623l*","Jamaree Bouyea","PHO","PG","349","JL","27","","2,584,539","40.8","0","-",".458","0.5",".686","5.7","1.8","1.8","0.6","0.3","0.7"
"*03ad0*","Tyus Jones","DEN","PG","350","FA","30","","3,876,529","40.68","0","-",".349","0.6",".778","3.0","1.1","2.4","0.6","0.0","0.4"
"*05qti*","Josh Green","MIN","SG,SF","352","J42","25","","14,679,012","40.44","0","-",".459","1.0",".893","4.3","1.8","0.8","0.6","0.1","0.6"
"*06ccy*","Jalen Pickett","LAC","PG,SG","353","DEN","26","","678,882","40.12","0","-",".422","1.0",".789","5.2","2.3","2.3","0.3","0.1","0.7"
"*05qsx*","Obi Toppin","IND","PF,C","355","DAL","28","","15,000,000","40.03","0","-",".503","1.5",".913","11.6","4.4","2.3","0.5","0.0","1.2"
"*06ccv*","Trayce Jackson-Davis","TOR","C","356","GSW","26","","2,406,205","39.95","0","-",".573","0.0",".514","3.4","2.7","0.7","0.3","0.5","0.4"
"*04qs2*","Moritz Wagner","BKN","C","357","NOP","29","","9,268,293","39.74","0","-",".426","0.6",".819","6.9","3.2","0.8","0.4","0.1","0.5"
"*06mmi*","Branden Carlson","POR","C","358","69ers","27","","2,449,421","39.67","0","-",".527","0.7",".577","5.8","3.0","0.7","0.2","0.6","0.4"
"*05uis*","Tre Mann","CHA","PG","359","J42","25","","8,000,000","39.56","0","-",".360","0.9",".852","5.5","1.7","1.6","0.5","0.1","1.0"
"*06v72*","Rasheer Fleming","PHO","PF","360","SPG","22","","2,150,917","39.55","0","-",".405","0.8",".559","4.3","2.3","0.3","0.4","0.4","0.5"
"*051p0*","Matisse Thybulle","LAL","SG,SF","361","FA","29","","678,882","39.36","0","-",".433","1.2",".840","5.8","2.0","0.9","2.0","0.5","0.9"
"*05quh*","Zeke Nnaji","DEN","PF,C","362","FA","25","","7,466,667","39.25","0","-",".470","0.3",".773","3.7","2.6","0.6","0.3","0.5","0.5"
"*06v8f*","Tyrese Proctor","CLE","PG","363","SDK","22","","2,150,917","39.13","0","-",".413","0.9",".889","5.4","1.3","1.5","0.5","0.0","0.8"
"*04ewb*","Jonathan Isaac","ORL","PF","364","CLPS","28","","3,524,115","38.42","0","-",".422","0.1",".603","2.6","2.5","0.4","0.4","0.6","0.3"
"*04xdu*","Drew Eubanks","(N/A)","C","365","SAC","29","","678,882","38.35","0","-",".596","0.0",".561","5.2","3.0","0.5","0.4","0.6","0.7"
"*06mjy*","Tidjane Salaun","CHA","PF","366","J42","20","","8,237,880","38.17","0","-",".503","1.0",".650","6.0","4.0","0.7","0.4","0.2","0.7"
"*05wkc*","Ethan Thompson","IND","SG","367","SPG","27","","678,883","38.15","0","-",".378","1.2",".787","7.0","2.2","1.8","0.6","0.3","0.8"
"*05g3q*","Gabe Vincent","(N/A)","PG","368","FA","30","","678,882","38.14","0","-",".352","1.1",".870","4.4","1.0","1.4","0.5","0.1","0.5"
"*03ad4*","D'Angelo Russell","MEM","PG","369","POR","30","","5,969,250","37.95","0","-",".405","1.3",".717","10.2","2.3","4.0","0.5","0.1","1.9"
"*06qdz*","Elijah Harkless","UTA","SG","370","Pistons","26","","678,882","37.8","0","-",".335","0.8",".766","6.8","2.0","2.9","1.2","0.2","1.0"
"*06gno*","Pete Nance","MIL","PF","371","JL","26","","2,537,526","37.67","0","-",".515","1.1",".364","5.4","2.7","1.0","0.3","0.3","0.6"
"*06v5b*","Yanic Konan Niederhauser","LAC","SF,PF,C","372","WAS","23","","2,880,960","37.65","0","-",".640","0.0",".758","4.3","2.9","0.3","0.1","0.7","0.6"
"*06v8h*","Mohamed Diawara","NY","SF","373","DEN","21","","2,622,139","37.24","0","-",".423","0.7",".750","3.6","1.4","0.8","0.2","0.1","0.4"
"*06cef*","Oscar Tshiebwe","HOU","C","374","HBB","26","","678,882","37.22","0","-",".634","0.0",".551","7.8","6.6","1.2","0.6","0.2","0.8"
"*0621h*","Dalen Terry","(N/A)","SG,SF","375","FA","24","","2,584,539","37.02","0","-",".439","0.5",".533","3.7","1.8","1.4","0.6","0.3","0.5"
"*06ca9*","Jordan Hawkins","NO","SG","376","NOP","24","","7,021,895","36.96","0","-",".366","0.9",".852","5.1","1.7","0.8","0.3","0.2","0.7"
"*06vxq*","Jahmai Mashack","MEM","SG,SF","378","IND","23","","678,883","36.8","0","-",".395","0.6",".543","6.2","2.6","2.2","1.2","0.5","1.6"
"*06v5c*","Asa Newell","ATL","PF","379","JL","20","","3,399,480","36.53","0","-",".538","0.7",".552","5.2","2.2","0.6","0.4","0.3","0.5"
"*06v5j*","Jase Richardson","ORL","SG","380","NOP","20","","3,132,360","36.41","0","-",".473","0.5",".717","4.4","1.2","1.1","0.4","0.0","0.5"
"*05qtl*","Cole Anthony","(N/A)","PG","381","JDUB","26","","678,882","36.37","0","-",".424","0.6",".615","6.7","2.5","3.5","0.6","0.3","1.9"
"*06z61*","Myron Gardner","MIA","SF","383","FA","25","","2,584,539","35.84","0","-",".480","0.6",".731","3.6","2.7","1.0","0.4","0.2","0.4"
"*065b8*","Keaton Wallace","ATL","PG","384","JL","27","","678,882","35.73","0","-",".398","0.7",".667","3.5","1.1","1.8","0.5","0.1","0.5"
"*06mlh*","Johnny Furphy","IND","SG,SF","385","IND","21","","2,296,271","35.45","0","-",".470","0.7",".486","5.1","4.4","1.2","0.6","0.2","0.8"
"*0661b*","Jamal Cain","ORL","SG,SF","386","FA","27","","2,584,539","35.24","0","-",".487","0.7",".848","5.4","1.9","0.7","0.3","0.1","0.5"
"*042n8*","Taurean Prince","DET","SG,SF","387","DEN","32","","3,815,861","35.11","0","-",".450","2.3","1.000","9.2","3.1","1.8","0.6","0.2","1.2"
"*03r7e*","Cameron Payne","(N/A)","PG","388","69ers","31","","678,882","34.85","0","-",".376","1.5",".864","7.4","2.0","2.6","1.1","0.3","0.5"
"*06mm4*","Ariel Hukporti","PHI","C","389","Knicks","24","","3,400,000","34.71","0","-",".563","0.0",".788","2.2","2.9","0.5","0.2","0.5","0.6"
"*06mk9*","Dalton Knecht","LAL","SG,SF","391","Knicks","25","","4,201,080","34.29","0","-",".455","0.7",".727","4.2","1.4","0.4","0.2","0.2","0.4"
"*06ccg*","Marcus Sasser","DAL","PG","393","DAL","25","","5,198,983","34.23","0","-",".390","1.2",".833","5.2","1.0","2.0","0.5","0.1","0.8"
"*06218*","Jeremy Sochan","POR","PF,C","394","JDUB","23","","678,882","33.61","0","-",".496","0.3",".731","3.6","2.4","0.9","0.4","0.2","0.5"
"*04ews*","Tony Bradley","(N/A)","C","395","FA","28","","678,882","33.37","0","-",".547","0.0",".744","4.0","2.8","0.5","0.1","0.2","0.4"
"*072af*","Julian Reese","WAS","SF","397","ManuWolf","23","","678,883","32.72","0","-",".529","0.0",".636","11.8","10.5","1.8","1.4","0.6","2.5"
"*06vxp*","Taelon Peter","(N/A)","SG","398","FA","24","","678,883","32.65","0","-",".380","1.1",".625","4.5","1.6","1.1","0.7","0.1","0.7"
"*062do*","Tyson Etienne","BKN","PG","399","FA","26","","678,882","32.55","0","-",".400","1.8",".833","7.9","1.1","1.7","0.5","0.0","0.7"
"*05qt9*","Killian Hayes","(N/A)","PG,SG","400","JDUB","25","","678,882","32.4","0","-",".304","0.7",".929","5.5","2.3","3.5","0.9","0.2","1.2"
"*031m0*","Kelly Olynyk","(N/A)","C","401","FA","35","","678,882","32.31","0","-",".490","0.3",".711","3.2","1.8","1.2","0.4","0.1","0.6"
"*06ca7*","Cam Whitmore","WAS","SF,PF","402","SAC","22","","5,458,310","32.3","0","-",".456","0.8",".742","9.2","2.8","0.7","0.7","0.4","0.9"
"*06mls*","Cam Christie","LAC","SG","403","CLPS","21","","2,296,271","32.3","0","-",".381","0.2",".760","2.8","1.4","0.6","0.3","0.1","0.4"
"*03apx*","Gary Harris","DET","SG","404","FA","31","","3,815,861","32.2","0","-",".442","0.6",".889","2.7","1.3","1.1","0.6","0.2","0.4"
"*0722s*","Chaney Johnson","BKN","SF,PF","405","OBP","24","","678,883","32.15","0","-",".543","0.5",".800","8.2","4.6","2.1","0.9","0.5","1.2"
"*07401*","Bez Mbeng","UTA","SG","406","FA","23","","678,882","32.13","0","-",".500","0.4",".640","8.1","3.8","4.1","2.3","0.3","1.5"
"*03e6u*","Bogdan Bogdanovic","HOU","SG,SF","407","FA","33","","3,876,529","32.03","0","-",".388","1.4",".800","7.4","2.6","2.2","0.4","0.1","1.2"
"*06221*","Kennedy Chandler","(N/A)","PG","408","FA","23","","678,882","31.99","0","-",".445","1.4",".651","15.0","3.4","6.7","1.0","0.2","2.1"
"*06v84*","Kam Jones","MIL","PG,SG","409","JL","24","","678,883","31.75","0","-",".402","0.6",".500","4.4","1.6","3.2","0.5","0.0","1.0"
"*06224*","E.J. Liddell","(N/A)","PF","410","FA","25","","678,882","31.63","0","-",".486","0.7",".808","5.7","2.7","0.9","0.2","0.4","0.6"
"*06q2e*","Jamison Battle","TOR","SF,PF","411","DEN","25","","2,296,271","31.55","0","-",".510","0.6",".643","3.1","1.5","0.4","0.1","0.0","0.3"
"*03r7l*","Larry Nance","IND","PF,C","412","SAC","33","","3,876,529","31.17","0","-",".419","0.6",".462","3.7","2.7","1.0","0.6","0.2","0.6"
"*0621o*","Blake Wesley","(N/A)","PG,SG","413","IND","23","","678,882","30.87","0","-",".452","0.3",".553","4.8","1.3","2.0","0.5","0.2","1.0"
"*06mkf*","AJ Johnson","MEM","PG,SG","414","Bulls","21","","3,237,120","30.84","0","-",".324","0.3",".850","3.3","1.1","1.0","0.2","0.1","0.6"
"*06cdf*","Julian Phillips","HOU","SF,PF","415","FA","22","","678,882","30.78","0","-",".421","0.4",".783","2.9","1.0","0.2","0.5","0.1","0.2"
"*043ib*","Dorian Finney-Smith","CHA","SF,PF","416","Ignazzz","33","","13,335,000","30.75","0","-",".333","0.7",".889","3.3","2.5","1.0","0.4","0.2","0.6"
"*06v5o*","Liam McNeeley","CHA","SF","417","J42","20","","2,902,080","30.68","0","-",".400","0.8",".821","4.3","2.4","0.8","0.2","0.1","0.4"
"*059g0*","Amir Coffey","(N/A)","SG,SF,PF","418","FA","29","","678,882","30.67","0","-",".487","0.4",".786","3.2","1.2","0.6","0.2","0.1","0.2"
"*06vyb*","Lachlan Olbrich","CHI","PF,C","419","FA","22","","678,882","30.51","0","-",".468","0.1",".375","2.4","3.0","1.1","0.3","0.2","0.4"
"*06mm8*","Keshad Johnson","(N/A)","SF","420","HR","25","","678,882","30.08","0","-",".490","0.4",".724","4.3","1.9","0.3","0.5","0.3","0.4"
"*06cdk*","Jalen Slawson","IND","SF","421","FA","26","","678,882","29.89","0","-",".442","1.2",".706","7.3","4.4","2.8","1.5","1.1","1.3"
"*06cdd*","Andre Jackson","TOR","SG","422","JL","24","","678,882","29.66","0","-",".328","0.3",".625","2.4","1.5","0.9","0.4","0.1","0.6"
"*04jw4*","Maxi Kleber","(N/A)","PF,C","423","FA","34","","678,882","29.65","0","-",".452","0.1",".538","2.0","2.0","0.6","0.4","0.3","0.4"
"*03avi*","Doug McDermott","(N/A)","SF","424","FA","34","","678,882","29.64","0","-",".388","1.7",".889","5.7","1.3","0.8","0.2","0.1","0.4"
"*06pvt*","Cormac Ryan","MIL","SG","425","FA","27","","678,883","29.62","0","-",".520","2.5",".923","14.3","2.5","1.7","1.0","0.3","1.5"
"*06mmd*","Blake Hinson","UTA","SF","426","FA","26","","678,883","29.54","0","-",".513","2.6",".750","11.9","2.4","1.1","0.4","0.1","0.4"
"*0621w*","Christian Koloko","NO","C","427","FA","26","","678,882","29.4","0","-",".419","0.0",".667","2.7","3.0","0.7","0.5","0.9","0.6"
"*07231*","Tyler Burton","(N/A)","SF,PF","428","FA","26","","678,882","29.33","0","-",".375","1.8",".852","10.8","4.2","1.0","0.9","0.3","0.9"
"*06ccb*","Nick Smith","(N/A)","SG","429","FA","22","","678,882","29.21","0","-",".435","1.1",".733","6.2","0.8","1.0","0.3","0.1","0.7"
"*06dob*","Leaky Black","(N/A)","SF","430","FA","27","","678,882","29.03","0","-",".388","1.3",".875","7.1","5.0","1.5","1.2","0.5","0.9"
"*0621j*","Malaki Branham","(N/A)","PG,SG","431","FA","23","","678,882","28.96","0","-",".473","0.5",".824","4.6","1.6","0.8","0.4","0.1","0.5"
"*05uj6*","Jeremiah Robinson-Earl","(N/A)","PF,C","432","FA","25","","678,882","28.85","0","-",".370","0.5",".944","4.6","4.7","0.7","0.4","0.0","0.5"
"*06hsl*","Malachi Smith","(N/A)","SG","433","FA","26","","2,150,917","28.83","0","-",".485","1.3","1.000","8.3","3.4","3.3","0.8","0.3","0.9"
"*03ad7*","Kevon Looney","LAL","C","434","FA","30","","3,876,529","28.12","0","-",".417","0.1",".700","2.8","5.6","1.6","0.4","0.5","0.4"
"*06233*","Ron Harper","BOS","SF","435","FA","26","","3,150,752","28.07","0","-",".418","1.0",".750","4.2","1.7","0.8","0.3","0.3","0.3"
"*05qve*","Jae'Sean Tate","HOU","SF","437","FA","30","","678,882","27.89","0","-",".514","0.2",".636","2.8","1.6","0.5","0.2","0.1","0.3"
"*07243*","L.J. Cryer","GS","PG,SG","438","OBP","24","","678,883","27.7","0","-",".402","2.1",".895","8.2","1.6","1.0","0.2","0.0","0.8"
"*06mm5*","PJ Hall","CHA","C","440","FA","24","","678,883","27.62","0","-",".508","0.2",".793","4.5","3.9","0.5","0.2","0.5","0.8"
"*06v5e*","Yang Hansen","POR","C","441","SPG","21","","4,643,520","27.58","0","-",".310","0.1",".824","2.2","1.5","0.5","0.1","0.2","0.7"
"*03r7v*","Pat Connaughton","CHA","SG,SF","442","FA","33","","3,815,861","27.54","0","-",".447","0.5",".650","2.6","1.5","0.4","0.3","0.0","0.3"
"*06mm1*","Bronny James","LAL","PG,SG","443","LBL","21","","2,296,271","27.51","0","-",".409","0.5",".857","2.9","0.5","1.2","0.5","0.1","0.6"
"*06pvs*","Malevy Leons","GS","SF","444","FA","26","","678,883","27.25","0","-",".444","0.2",".789","3.3","2.1","0.9","0.6","0.4","0.5"
"*05uwa*","A.J. Lawson","(N/A)","SG","445","FA","26","","678,882","27.07","0","-",".436","0.8",".778","4.2","1.8","0.3","0.5","0.2","0.3"
"*05ujg*","Isaiah Livers","PHO","PF","446","FA","28","","678,882","26.49","0","-",".344","0.3",".750","1.8","1.7","0.6","0.4","0.2","0.3"
"*05uxx*","DeJon Jarreau","(N/A)","SG","447","FA","28","","678,882","26.42","0","-",".398","0.4",".783","8.0","4.6","3.3","0.9","0.7","2.4"
"*0723c*","John Poulakidas","DAL","PG,SG","448","FA","23","","678,883","26.31","0","-",".429","2.4",".857","8.8","2.3","0.8","0.5","0.3","0.3"
"*05ujr*","Charles Bassey","GS","C","449","FA","25","","2,845,883","26.23","0","-",".660","0.0",".700","5.8","4.4","0.5","0.3","0.8","0.5"
"*04ewc*","Zach Collins","CHI","PF,C","450","Bulls","28","","8,500,000","26.2","0","-",".578","0.9",".700","9.7","5.6","1.5","0.2","0.4","1.0"
"*04xhz*","Jordan McLaughlin","SA","PG","451","FA","30","","678,882","26.14","0","-",".418","0.4",".857","2.0","0.7","0.9","0.5","0.0","0.3"
"*06gix*","Duop Reath","(N/A)","C","452","FA","30","","678,882","25.97","0","-",".446","0.7",".833","2.9","1.2","0.3","0.2","0.3","0.2"
"*06v8a*","Brooks Barnhizer","OKC","SG","454","FA","24","","678,883","25.82","0","-",".380","0.2",".700","1.7","1.9","0.6","0.3","0.1","0.3"
"*06mld*","Jonathan Mogbo","SAC","PF,C","455","FA","24","","678,883","25.76","0","-",".591","0.0",".643","1.5","1.7","0.6","0.3","0.2","0.3"
"*0621n*","MarJon Beauchamp","PHI","SG,SF","456","FA","25","","678,882","25.71","0","-",".434","1.1",".684","6.8","2.3","1.1","0.6","0.3","0.9"
"*06mlo*","KJ Simpson","DEN","PG","457","FA","23","","678,882","25.58","0","-",".343","0.6",".611","4.5","1.9","2.1","0.8","0.0","1.3"
"*06mke*","DaRon Holmes","DEN","PF,C","458","JDUB","23","","3,372,120","25.47","0","-",".508","0.8",".786","3.7","1.4","0.6","0.0","0.2","0.5"
"*005l3*","DeAndre Jordan","NO","C","459","FA","38","","3,876,529","25.36","0","-",".656","0.0",".647","4.4","6.3","0.9","0.3","0.8","0.8"
"*0622g*","JD Davison","(N/A)","PG","460","Ignazzz","23","","2,584,539","25.32","0","-",".375","0.3",".684","2.5","1.2","1.3","0.2","0.2","0.3"
"*06pvy*","Yuki Kawamura","CHI","PG","461","Bulls","25","","678,882","25.2","0","-",".327","0.6",".895","3.4","1.8","2.6","0.5","0.0","0.8"
"*052fs*","Garrison Mathews","(N/A)","SG,SF","462","FA","29","","678,882","25.04","0","-",".404","1.1",".826","5.2","1.1","0.7","0.4","0.2","0.2"
"*06pwq*","Tolu Smith","DET","PF","463","FA","26","","2,411,090","24.72","0","-",".500","0.0",".667","3.7","3.3","0.9","0.1","0.4","0.5"
"*0664y*","Nate Williams","GS","SG","464","FA","27","","678,882","24.72","0","-",".489","0.9",".867","8.0","2.1","1.0","0.4","0.0","1.1"
"*074bu*","Adama Bal","(N/A)","SG","465","FA","22","","678,882","24.71","0","-",".412","2.3",".900","10.4","3.1","2.4","1.1","0.1","0.8"
"*05yoh*","Lindy Waters","(N/A)","SG,SF","466","FA","29","","678,882","24.29","0","-",".375","0.7",".667","2.4","0.7","0.5","0.1","0.0","0.2"
"*065b9*","Lucas Williamson","(N/A)","PG,SG","467","FA","27","","678,882","24.07","0","-",".333","2.1","1.000","10.4","5.4","2.6","1.6","0.1","1.4"
"*0723f*","Chris Youngblood","POR","PG,SG","468","FA","24","","678,883","23.97","0","-",".349","0.5",".900","2.1","0.8","0.4","0.1","0.1","0.1"
"*03e7e*","Thanasis Antetokounmpo","(N/A)","SF","469","FA","34","","678,882","23.92","0","-",".469","0.0",".567","1.4","0.9","0.4","0.4","0.2","0.3"
"*06cf3*","Drew Timme","(N/A)","PF,C","470","LBL","25","","678,882","23.79","0","-",".576","0.4",".556","3.4","1.2","0.9","0.2","0.0","0.5"
"*06pw1*","RayJ Dennis","ATL","PG","471","FA","25","","678,883","23.55","0","-",".313","0.8",".889","4.4","1.5","1.9","0.2","0.2","1.0"
"*06v83*","Chaz Lanier","DET","SG","472","Pistons","24","","2,150,917","23.54","0","-",".315","0.6",".833","2.4","0.7","0.5","0.2","0.0","0.1"
"*05uuu*","Mac McClung","(N/A)","SG","473","FA","27","","678,882","23.21","0","-",".390","0.6",".778","6.1","0.9","0.9","1.0","0.3","0.8"
"*06ccc*","Dariq Whitehead","(N/A)","SF","474","FA","22","","678,882","23.13","0","-",".398","3.2",".714","16.3","4.0","1.5","0.7","0.0","1.7"
"*06v85*","Alijah Martin","TOR","SG","475","BCR","24","","2,185,116","22.89","0","-",".320","0.2",".789","2.2","0.9","0.5","0.3","0.2","0.3"
"*06ccx*","Hunter Tyson","(N/A)","PF","476","FA","26","","678,882","22.55","0","-",".269","0.3",".846","2.2","1.7","0.8","0.1","0.0","0.2"
"*038ia*","Seth Curry","(N/A)","SG","477","FA","35","","678,882","22.53","0","-",".490","1.2",".917","7.1","1.2","1.0","0.3","0.0","0.2"
"*0017e*","Chris Paul","(N/A)","PG","478","FA","41","","678,882","22.47","0","-",".321","0.6",".500","2.9","1.8","3.3","0.7","0.0","1.0"
"*05r0c*","Tre Scott","(N/A)","PF","479","FA","29","","678,882","22.23","0","-",".380","1.0",".667","8.0","5.2","1.7","1.3","0.8","0.7"
"*06v82*","Adou Thiero","LAL","SF,PF","480","HOT","22","","2,150,917","22.21","0","-",".516","0.0",".636","1.9","1.1","0.4","0.3","0.1","0.4"
"*001ax*","Jeff Green","(N/A)","PF","481","FA","39","","678,882","22.07","0","-",".368","0.4","1.000","2.2","0.8","0.3","0.1","0.1","0.1"
"*05qtf*","Xavier Tillman","(N/A)","C","482","FA","27","","678,882","22.07","0","-",".435","0.1",".250","1.5","1.4","0.4","0.3","0.2","0.3"
"*031m9*","Mason Plumlee","(N/A)","C","484","FA","36","","678,882","22.03","0","-",".786","0.0",".643","1.6","2.6","1.0","0.5","0.0","0.6"
"*06mkh*","Pacome Dadiet","NY","SG","485","FA","21","","2,983,680","21.86","0","-",".333","0.2",".818","1.7","0.9","0.4","0.1","0.0","0.1"
"*06v8c*","Amari Williams","BOS","PF,C","486","69ers","24","","678,883","21.76","0","-",".500","0.0",".714","1.4","1.8","0.5","0.1","0.5","0.5"
"*06mlf*","Tyler Smith","(N/A)","PF","487","FA","21","","678,883","21.49","0","-",".420","0.8",".667","4.7","2.8","0.4","0.5","0.0","0.5"
"*073y0*","Andersson Garcia","(N/A)","PF","488","FA","25","","678,882","21.4","0","-",".310","0.2",".778","5.2","8.4","2.8","1.6","0.8","1.4"
"*06mm2*","Kevin McCullar","NY","SF","489","Knicks","25","","678,882","21.22","0","-",".426","0.4",".400","2.4","1.3","1.0","0.4","0.0","0.6"
"*074gu*","Toby Okani","(N/A)","SF","490","FA","24","","678,882","21.15","0","-",".357","1.5",".125","10.0","3.5","1.0","0.7","0.5","0.5"
"*0623h*","Alondes Williams","(N/A)","SG","491","FA","27","","678,882","21.12","0","-",".615","1.3",".875","11.0","6.3","3.0","0.8","0.8","1.3"
"*03kqi*","Joe Ingles","(N/A)","SF","492","FA","38","","678,882","21.09","0","-",".593","0.3","1.000","1.5","0.7","1.3","0.3","0.1","0.5"
"*06ca4*","Kobe Bufkin","NO","SG","493","FA","22","","678,882","20.94","0","-",".300","0.3",".917","2.9","0.8","0.6","0.1","0.2","0.3"
"*0621m*","David Roddy","DEN","PF","494","FA","25","","678,882","20.66","0","-",".500","0.6","1.000","8.0","4.0","0.8","0.8","0.2","0.4"
"*05qu8*","Omer Yurtseven","(N/A)","C","495","FA","28","","678,882","20.63","0","-",".423","0.0",".667","3.8","3.3","0.9","0.2","0.1","1.0"
"*0622j*","Luke Travers","(N/A)","SG","496","FA","24","","678,882","20.58","0","-",".250","0.1","1.000","2.3","2.0","0.8","0.6","0.3","0.3"
"*01en8*","Taj Gibson","MEM","C","497","FA","41","","3,815,861","20.52","0","-",".462","0.3",".875","3.4","2.7","0.6","0.2","0.1","0.1"
"*06mp4*","Trey Alexander","UTA","SG","498","Utah","23","","678,883","20.35","0","-",".514","0.7",".600","5.2","1.2","1.0","0.7","0.2","0.3"
"*06mk4*","Nikola Topic","OKC","PG","499","J42","20","","5,429,760","20.23","0","-",".431","0.6",".400","5.2","1.9","4.4","0.5","0.0","2.5"
"*04k0q*","Nigel Hayes-Davis","(N/A)","SF,PF","500","FA","31","","678,882","20.01","0","-",".326","0.1",".500","1.3","1.2","0.3","0.3","0.1","0.3"
"*06vxx*","Miles Kelly","(N/A)","PG","501","FA","23","","678,882","20","0","-",".364","0.7","1.000","3.1","1.7","0.9","0.3","0.1","0.4"
"*04yk1*","Haywood Highsmith","PHO","SF,PF","502","HOT","29","","3,018,158","19.93","0","-",".522","1.1",".857","5.4","1.9","1.0","0.6","0.0","0.0"
"*0621r*","Patrick Baldwin","SAC","SF","503","FA","23","","678,882","19.91","0","-",".407","0.7",".714","3.7","2.6","0.6","0.3","0.6","0.6"
"*0623d*","Johnny Juzang","(N/A)","SG,SF","504","FA","25","","678,882","19.64","0","-",".421","0.3",".625","2.0","0.8","0.3","0.1","0.0","0.2"
"*02nf3*","Bradley Beal","(N/A)","SG","505","DEN","33","","678,882","19.6","0","-",".375","1.2",".750","8.2","0.8","1.7","0.5","0.0","1.5"
"*06prk*","Tristan Enaruna","CLE","SF","506","FA","25","","678,883","19.54","0","-",".500","0.3",".750","4.1","1.6","0.8","0.6","0.0","0.3"
"*06mor*","David Jones Garcia","SA","SF","507","FA","24","","678,882","19.42","0","-",".520","0.3",".500","2.9","1.2","1.6","0.5","0.1","0.5"
"*04fj8*","Chris Boucher","(N/A)","PF","508","FA","33","","678,882","19.23","0","-",".320","0.2",".750","2.3","2.0","0.3","0.6","0.8","0.1"
"*06v87*","Koby Brea","PHO","SG","509","FA","23","","678,883","19.22","0","-",".417","1.1","1.000","3.8","0.7","0.8","0.1","0.0","0.3"
"*0621v*","Caleb Houstan","NO","SF","510","FA","23","","678,882","19.18","0","-",".538","0.6","1.000","2.3","0.6","0.2","0.1","0.1","0.2"
"*027oq*","Bismack Biyombo","(N/A)","C","511","FA","33","","678,882","18.91","0","-",".600","0.0",".714","0.9","1.0","0.2","0.2","0.1","0.3"
"*06mmg*","Isaiah Crawford","HOU","SF","512","Ignazzz","24","","678,882","18.85","0","-",".417","0.2",".833","2.0","1.1","0.4","0.1","0.2","0.3"
"*0728u*","Kadary Richmond","(N/A)","PG,SG","513","FA","24","","678,882","18.64","0","-",".625","0.7","1.000","8.3","3.3","2.7","2.7","0.3","0.7"
"*06yzq*","Curtis Jones","DEN","SG","514","FA","24","","678,882","18.39","0","-",".407","0.6",".500","2.9","1.1","1.0","0.4","0.0","0.2"
"*06mog*","Riley Minix","CLE","SF","515","FA","25","","678,883","18.37","0","-",".609","0.4","1.000","3.9","0.7","0.6","0.2","0.1","0.3"
"*0621s*","TyTy Washington","LAC","PG","516","W <small>(Tue)</small>","24","","678,882","18.3","0","-",".474","0.2","0","1.3","0.4","1.1","0.4","0.2","0.2"
"*073pt*","Payton Sandfort","(N/A)","SF","517","FA","24","","678,882","18.14","0","-",".500","1.8",".500","8.8","2.5","0.0","0.3","0.0","0.3"
"*055sg*","DaQuan Jeffries","(N/A)","SG","518","FA","28","","678,882","18.12","0","-",".579","1.3","1.000","10.3","1.7","0.3","0.7","0.0","0.0"
"*073o8*","Grant Nelson","(N/A)","PF","519","FA","24","","678,882","18.11","0","-",".556","0.0",".700","4.3","1.5","1.3","0.3","1.3","1.0"
"*005kf*","Eric Gordon","(N/A)","SG,SF","520","FA","37","","678,882","18.07","0","-",".571","1.3",".500","5.5","0.3","0.5","0.7","0.2","0.5"
"*06qfk*","Josh Oduro","NO","PF","521","FA","25","","678,882","17.99","0","-",".647","0.0",".500","8.3","7.7","1.3","0.0","0.0","0.7"
"*07234*","Keshon Gilbert","ATL","SG","522","FA","23","","678,883","17.91","0","-",".417","0.0","1.000","4.3","1.3","3.0","0.8","1.0","2.0"
"*06fzs*","Javonte Cooke","(N/A)","SG","523","FA","27","","678,882","17.73","0","-",".220","0.2","1.000","1.2","1.0","0.4","0.3","0.0","0.5"
"*0728q*","Alex Antetokounmpo","MIL","SF","524","FA","24","","678,882","17.72","0","-",".375","0.3",".733","3.2","1.0","0.2","0.0","0.2","0.2"
"*01ng2*","Garrett Temple","(N/A)","SG","525","FA","40","","678,882","17.7","0","-",".267","0.1",".667","0.8","0.4","0.4","0.2","0.1","0.3"
"*0015b*","Kyle Lowry","(N/A)","PG","526","FA","40","","678,882","17.61","0","-",".160","0.3",".833","1.2","0.6","0.8","0.1","0.1","0.3"
"*06v8b*","Rocco Zikarsky","MIN","C","527","ManuWolf","20","","678,883","17.58","0","-",".625","0.0","1.000","2.8","2.8","0.4","0.0","1.0","0.2"
"*06mlj*","Bobi Klintman","(N/A)","SF,PF","528","FA","23","","678,882","17.5","0","-",".333","0.3",".000","1.8","1.6","0.5","0.3","0.0","0.5"
"*06mlt*","Antonio Reeves","(N/A)","SG,SF","529","FA","25","","678,882","17.46","0","-",".500","0.7","0","2.7","0.8","0.3","0.1","0.0","0.1"
"*05yab*","Olivier Sarr","CLE","C","530","FA","27","","678,882","17.41","0","-",".714","0.5",".400","3.5","2.8","1.3","0.5","0.8","0.5"
"*06ps5*","Jahmir Young","MIA","PG","531","FA","25","","678,882","17.31","0","-",".400","0.2","1.000","1.8","0.3","0.6","0.1","0.0","0.2"
"*07232*","Lawson Lovering","(N/A)","C","532","FA","23","","678,882","17.28","0","-",".600","0.0",".400","7.0","7.5","1.5","1.5","0.5","1.0"
"*06mmr*","Zyon Pullin","MIN","SG","533","FA","25","","678,883","17.18","0","-",".692","0.2","1.000","4.6","0.6","1.8","0.2","0.0","0.6"
"*063u8*","Mouhamadou Gueye","(N/A)","PF","534","FA","28","","2,411,090","17.04","0","-",".545","0.5",".750","8.0","3.0","3.0","1.0","0.5","1.5"
"*06mlw*","Enrique Freeman","MIN","PF","535","FA","26","","678,883","17.04","0","-",".500","0.5",".750","3.3","2.5","0.5","0.5","0.8","0.5"
"*04exe*","Monte Morris","(N/A)","PG","536","FA","31","","678,882","17.03","0","-",".350","0.3",".500","3.0","1.2","1.5","0.2","0.2","0.3"
"*06v81*","Johni Broome","LAC","PF,C","537","HOT","24","","2,150,917","16.96","0","-",".167","0.0",".333","0.9","1.5","0.4","0.3","0.2","0.3"
"*0722p*","Norchad Omier","LAC","SF,PF","538","FA","24","","678,882","16.84","0","-",".700","0.0","1.000","2.8","1.2","0.3","0.2","0.0","0.0"
"*05ujk*","Dalano Banton","(N/A)","PG,SG","539","FA","26","","678,882","16.79","0","-",".333","0.0","1.000","2.0","0.8","1.8","0.3","0.8","1.3"
"*06vxt*","Mark Sears","(N/A)","PG","540","JL","24","","678,882","16.77","0","-",".462","0.6",".750","3.1","0.3","0.3","0.0","0.0","0.6"
"*049kf*","Mo Bamba","UTA","C","541","FA","28","","3,286,399","16.77","0","-",".455","0.0","0","2.5","5.5","0.3","0.0","0.8","0.5"
"*06him*","Trey Jemison","TOR","C","542","FA","26","","678,882","16.67","0","-",".600","0.0","1.000","1.0","1.4","0.4","0.1","0.2","0.8"
"*042np*","Skal Labissiere","(N/A)","PF,C","543","FA","30","","678,882","16.66","0","-",".600","0.3","0","4.3","3.0","1.0","0.7","0.3","0.3"
"*06v8j*","John Tonje","POR","SG","544","FA","25","","678,882","16.64","0","-",".286","0.5","1.000","2.5","1.0","0.3","0.3","0.0","0.0"
"*06pu0*","Emanuel Miller","(N/A)","PF","545","FA","26","","678,883","16.6","0","-",".462","0.4",".500","3.0","0.6","0.8","0.4","0.0","0.0"
"*06mp0*","Isaiah Stevens","(N/A)","PG","546","FA","25","","678,882","16.52","0","-",".429","0.0","1.000","3.3","1.0","3.3","1.7","0.0","0.7"
"*06z4q*","Chris Manon","LAL","SG","547","LBL","24","","678,883","16.45","0","-",".333","0.0",".750","0.8","1.1","0.3","0.6","0.2","0.1"
"*06vxw*","Hunter Dickinson","NO","C","548","NOP","25","","678,883","16.41","0","-",".357","0.0","1.000","2.4","1.0","0.4","0.2","0.4","0.6"
"*051pg*","Cody Martin","(N/A)","SG,SF,PF","549","FA","30","","678,882","16.34","0","-",".200","0.0",".500","1.8","3.5","0.5","1.0","0.5","1.0"
"*0621p*","Wendell Moore","DET","SG,SF","550","FA","24","","678,882","16.34","0","-",".571","0.0","1.000","1.7","1.0","0.7","0.3","0.3","0.2"
"*05qu1*","James Wiseman","(N/A)","C","551","FA","25","","678,882","16.29","0","-",".600","0.0",".500","3.3","2.0","0.8","0.0","0.3","1.3"
"*06mki*","Dillon Jones","NY","SF","552","FA","24","","678,882","16.27","0","-",".222","0.1","1.000","1.3","1.0","0.6","0.4","0.0","0.0"
"*06y4e*","CJ Huntley","PHO","SF","553","HOT","24","","678,883","16.05","0","-",".545","0.0","0","3.0","1.3","0.5","0.3","0.0","0.0"
"*072ae*","Sean Pedulla","(N/A)","PG","554","FA","23","","678,882","15.99","0","-",".333","0.4","0","1.9","0.4","0.7","0.0","0.0","0.1"
"*073rx*","Jayson Kent","POR","SF","555","FA","24","","678,883","15.93","0","-",".571","0.2","1.000","2.0","1.0","0.0","0.2","0.2","0.0"
"*06vxy*","Vladislav Goldin","MIA","C","556","FA","25","","678,882","15.91","0","-",".750","0.0","1.000","0.8","1.0","0.3","0.0","0.3","0.3"
"*06mlv*","Tristen Newton","HOU","SG","558","FA","25","","678,883","15.87","0","-",".444","2.0",".667","12.0","3.0","0.0","1.0","0.0","0.0"
"*06mmh*","Isaac Jones","DET","PF","559","FA","26","","678,883","15.78","0","-",".429","0.0",".750","1.3","0.7","0.1","0.0","0.1","0.1"
"*06cde*","Chris Livingston","(N/A)","SF","560","FA","22","","678,882","15.64","0","-",".571","0.0","1.000","3.0","1.0","0.3","0.3","0.0","0.0"
"*06mlu*","Harrison Ingram","UTA","SF","561","FA","23","","678,882","15.61","0","-",".833","0.1","0","1.6","0.4","0.1","0.0","0.0","0.1"
"*0622z*","Orlando Robinson","(N/A)","C","562","FA","26","","678,882","15.53","0","-",".600","0.3","0","1.8","1.0","0.8","0.3","0.0","0.0"
"*06cep*","Jacob Toppin","(N/A)","SF","563","FA","26","","678,882","15.44","0","-",".667","0.0","0","1.6","0.2","0.2","0.0","0.2","0.0"
"*06225*","Trevor Keels","MIA","SG","564","FA","22","","678,882","15.29","0","-",".250","0.3","0","1.0","0.3","0.0","0.1","0.0","0.0"
"*06cp2*","Colin Castleton","ORL","C","565","Magic","26","","678,883","15.28","0","-",".400","0.0","1.000","1.3","2.0","0.3","0.3","0.0","0.5"
"*06va1*","Max Shulga","(N/A)","SG","566","FA","24","","678,882","15.19","0","-",".250","0.1","1.000","0.6","0.5","0.2","0.1","0.0","0.3"
"*03acy*","Dario Saric","(N/A)","C","567","FA","32","","678,882","15.15","0","-",".167","0.2","1.000","1.0","1.2","0.4","0.0","0.0","0.4"
"*074sv*","Hayden Gray","UTA","SG","568","FA","23","","678,882","15.11","0","-",".667","0.0","1.000","6.0","0.0","1.0","1.0","1.0","1.0"
"*06gsd*","Alex Morales","ORL","PG","569","FA","28","","678,883","15.08","0","-",".429","0.0","1.000","2.0","0.8","1.0","0.0","0.0","1.0"
"*06mm6*","N'Faly Dante","(N/A)","C","570","FA","24","","678,882","15.06","0","-",".250","0.0","1.000","0.8","1.8","0.0","0.5","0.0","0.3"
"*06vxs*","Hunter Sallis","(N/A)","SG","571","FA","23","","678,882","14.97","0","-",".600","0.0",".500","1.0","0.1","0.6","0.0","0.1","0.7"
"*049s6*","Markelle Fultz","(N/A)","PG","572","FA","28","","678,882","14.93","0","-",".182","0.0","0","0.8","0.2","1.6","0.4","0.0","0.8"
"*062d2*","Buddy Boeheim","(N/A)","SF","573","FA","26","","678,882","14.85","0","-",".333","0.5","0","1.5","0.0","0.0","0.0","0.0","0.0"
"*06pfe*","Trentyn Flowers","(N/A)","SF","574","FA","21","","678,882","14.72","0","-",".667","0.0","0","2.0","0.5","0.5","0.0","0.0","0.5"
"*06cdj*","Colby Jones","(N/A)","SG","575","FA","24","","678,882","14.66","0","-",".333","0.0","0","2.0","4.0","2.0","0.0","0.0","0.0"
"*07240*","Jahmyl Telfort","(N/A)","SF,PF","576","FA","25","","678,882","14.66","0","-",".000","0.0",".250","0.1","0.4","0.1","0.1","0.0","0.1"
"*065ve*","Stanley Umude","(N/A)","SG","577","FA","27","","678,882","14.58","0","-",".500","0.0","0","1.0","0.0","0.5","0.5","0.0","0.0"
"*06vy2*","Chucky Hepburn","TOR","PG","578","BCR","23","","678,883","14.49","0","-",".000","0.0","0","0.0","0.5","1.0","0.5","0.0","0.5"
"*06v5u*","Noa Essengue","CHI","PF","579","CLPS","19","","5,701,200","14.42","0","-",".000","0.0","0","0.0","0.0","0.0","0.5","0.0","0.0"
"*06hfc*","Tosan Evbuomwan","(N/A)","SF","580","Knicks","25","","678,882","14.38","0","-",".000","0.0","0","0.0","0.4","0.0","0.0","0.0","0.0"
"*0729e*","Darius Brown","(N/A)","PG,SG","581","FA","27","","678,882","14.34","0","-",".000","0.0","0","0.0","1.0","0.0","0.0","0.0","0.0"
"*04fkd*","Alberto Abalde","(N/A)","SF","582","FA","30","","678,882","0","0","-","0","0","0","0","0","0","0","0","0"
"*063e4*","Awudu Abass","(N/A)","PF","583","FA","33","","678,882","0","0","-","0","0","0","0","0","0","0","0","0"
"*06ptq*","Max Abmas","(N/A)","PG","584","FA","25","","678,882","0","0","-","0","0","0","0","0","0","0","0","0"
"*031mi*","lex Abrines","(N/A)","SG,SF","585","FA","33","","678,882","0","0","-","0","0","0","0","0","0","0","0","0"
"*02ng1*","Quincy Acy","(N/A)","SF,PF","587","FA","35","","678,882","0","0","-","0","0","0","0","0","0","0","0","0"
"*059ch*","Jalen Adams","(N/A)","PG","588","FA","30","","678,882","0","0","-","0","0","0","0","0","0","0","0","0"
"*04rvy*","Jaylen Adams","(N/A)","PG","589","FA","30","","678,882","0","0","-","0","0","0","0","0","0","0","0","0"
"*03e6q*","Jordan Adams","(N/A)","SG","590","FA","32","","678,882","0","0","-","0","0","0","0","0","0","0","0","0"
"*06238*","Jalen Adaway","(N/A)","SG","591","FA","28","","678,882","0","0","-","0","0","0","0","0","0","0","0","0"
"*04vxy*","Deng Adel","(N/A)","C","592","FA","29","","678,882","0","0","-","0","0","0","0","0","0","0","0","0"
"*076we*","Michael Ajayi","CHA","SF","593","FA","23","","678,883","0","0","-","0","0","0","0","0","0","0","0","0"
"*06mlx*","Melvin Ajinca","(N/A)","SF,PF","594","FA","22","","678,882","0","0","-","0","0","0","0","0","0","0","0","0"
"*06pw4*","James Akinjo","(N/A)","PG,SG","595","FA","25","","678,882","0","0","-","0","0","0","0","0","0","0","0","0"
"*072ah*","Jaden Akins","(N/A)","SG","596","FA","0","","678,882","0","0","-","0","0","0","0","0","0","0","0","0"
"*04uq3*","DeVaughn Akoon-Purcell","(N/A)","PG","597","FA","33","","678,882","0","0","-","0","0","0","0","0","0","0","0","0"
"*02ngh*","Furkan Aldemir","(N/A)","PF","598","FA","34","","678,882","0","0","-","0","0","0","0","0","0","0","0","0"
"*03acw*","Cliff Alexander","(N/A)","PF","599","FA","30","","678,882","0","0","-","0","0","0","0","0","0","0","0","0"
"*052h3*","Kyle Alexander","(N/A)","PF","600","FA","29","","678,882","0","0","-","0","0","0","0","0","0","0","0","0"
"*05qvw*","Ty-Shon Alexander","(N/A)","SG","601","FA","28","","678,882","0","0","-","0","0","0","0","0","0","0","0","0"
"*04lcd*","Bryce Alford","(N/A)","PG","602","FA","31","","678,882","0","0","-","0","0","0","0","0","0","0","0","0"
"*04sxx*","Rawle Alkins","(N/A)","SG","603","FA","28","","678,882","0","0","-","0","0","0","0","0","0","0","0","0"
"*04exg*","Kadeem Allen","NY","SG","604","FA","33","","678,882","0","0","-","0","0","0","0","0","0","0","0","0"
"*059z0*","Marcus Allen","(N/A)","PG","605","FA","31","","678,882","0","0","-","0","0","0","0","0","0","0","0","0"
"*06ho3*","Timmy Allen","(N/A)","SF","606","FA","26","","678,882","0","0","-","0","0","0","0","0","0","0","0","0"
"*05wvw*","Derrick Alston","(N/A)","SG,SF","607","FA","28","","678,882","0","0","-","0","0","0","0","0","0","0","0","0"
"*06mos*","Keve Aluma","(N/A)","SF,PF","608","FA","27","","678,882","0","0","-","0","0","0","0","0","0","0","0","0"
"*076tm*","Nate Ament","MIL","SF","609","Utah","19","","5,502,000","0","0","-","0","0","0","0","0","0","0","0","0"
"*01uyk*","Al-Farouq Aminu","(N/A)","SF,PF","610","FA","35","","678,882","0","0","-","0","0","0","0","0","0","0","0","0"
"*076th*","Christian Anderson","CHA","PG","611","Ignazzz","20","","4,257,480","0","0","-","0","0","0","0","0","0","0","0","0"
"*03nwr*","Justin Anderson","(N/A)","SG,SF","612","FA","32","","678,882","0","0","-","0","0","0","0","0","0","0","0","0"
"*0480b*","Andrew Andrews","(N/A)","PG","613","FA","33","","678,882","0","0","-","0","0","0","0","0","0","0","0","0"
"*04xgi*","Braian Angola-Rodas","(N/A)","SG","614","FA","32","","678,882","0","0","-","0","0","0","0","0","0","0","0","0"
"*04exa*","Ike Anigbogu","(N/A)","C","615","FA","27","","678,882","0","0","-","0","0","0","0","0","0","0","0","0"
"*04qt0*","Kostas Antetokounmpo","(N/A)","PF","616","FA","28","","678,882","0","0","-","0","0","0","0","0","0","0","0","0"
"*03kqq*","Keith Appling","(N/A)","PG","617","FA","34","","678,882","0","0","-","0","0","0","0","0","0","0","0","0"
"*043un*","Ryan Arcidiacono","(N/A)","PG","618","FA","32","","678,882","0","0","-","0","0","0","0","0","0","0","0","0"
"*065vb*","Adonis Arms","(N/A)","SF,PF","619","FA","28","","678,882","0","0","-","0","0","0","0","0","0","0","0","0"
"*06rph*","Taran Armstrong","(N/A)","PG","620","FA","24","","678,882","0","0","-","0","0","0","0","0","0","0","0","0"
"*04k0p*","Jamel Artis","(N/A)","SF","621","FA","33","","678,882","0","0","-","0","0","0","0","0","0","0","0","0"
"*03sgl*","Brandon Ashley","(N/A)","PF","622","FA","32","","678,882","0","0","-","0","0","0","0","0","0","0","0","0"
"*03whv*","Darion Atkins","(N/A)","PF","623","FA","33","","678,882","0","0","-","0","0","0","0","0","0","0","0","0"
"*03xmr*","Eric Atkins","(N/A)","PG","624","FA","34","","678,882","0","0","-","0","0","0","0","0","0","0","0","0"
"*06hin*","Chase Audige","(N/A)","PG,SG","625","FA","27","","678,882","0","0","-","0","0","0","0","0","0","0","0","0"
"*0483i*","Zach Auguste","(N/A)","PF","626","FA","33","","678,882","0","0","-","0","0","0","0","0","0","0","0","0"
"*04a9w*","Isaiah Austin","(N/A)","C","627","FA","32","","678,882","0","0","-","0","0","0","0","0","0","0","0","0"
"*0723g*","Zack Austin","(N/A)","SG,SF,PF","628","FA","24","","678,882","0","0","-","0","0","0","0","0","0","0","0","0"
"*06mod*","Luke Avdalovic","(N/A)","PG","629","FA","27","","678,882","0","0","-","0","0","0","0","0","0","0","0","0"
"*048zw*","J.J. Avila","(N/A)","SF","630","FA","34","","678,882","0","0","-","0","0","0","0","0","0","0","0","0"
"*076uo*","Tobe Awaka","CHI","PF","631","FA","22","","678,883","0","0","-","0","0","0","0","0","0","0","0","0"
"*05uur*","Joel Ayayi","(N/A)","SG","632","FA","26","","678,882","0","0","-","0","0","0","0","0","0","0","0","0"
"*05qu5*","Udoka Azubuike","(N/A)","C","633","FA","26","","678,882","0","0","-","0","0","0","0","0","0","0","0","0"
"*059dn*","Yudai Baba","(N/A)","SF","634","FA","30","","678,882","0","0","-","0","0","0","0","0","0","0","0","0"
"*03wr5*","Jordan Bachynski","(N/A)","C","635","FA","36","","678,882","0","0","-","0","0","0","0","0","0","0","0","0"
"*04ex3*","Dwayne Bacon","(N/A)","SG","636","FA","30","","678,882","0","0","-","0","0","0","0","0","0","0","0","0"
"*06pvx*","Armando Bacot","(N/A)","SF,PF,C","637","FA","26","","678,882","0","0","-","0","0","0","0","0","0","0","0","0"
"*065b6*","Ibou Badji","(N/A)","C","638","FA","23","","678,882","0","0","-","0","0","0","0","0","0","0","0","0"
"*06rui*","Marcus Bagley","(N/A)","SF","639","FA","24","","678,882","0","0","-","0","0","0","0","0","0","0","0","0"
"*06cdb*","Amari Bailey","(N/A)","PG","640","FA","22","","678,882","0","0","-","0","0","0","0","0","0","0","0","0"
"*03e7c*","Cameron Bairstow","(N/A)","PF,C","641","FA","35","","678,882","0","0","-","0","0","0","0","0","0","0","0","0"
"*043ck*","Ron Baker","(N/A)","PG,SG","642","FA","33","","678,882","0","0","-","0","0","0","0","0","0","0","0","0"
"*048zq*","Gracin Bakumanya","(N/A)","C","643","FA","29","","678,882","0","0","-","0","0","0","0","0","0","0","0","0"
"*042nc*","Wade Baldwin IV","(N/A)","PG","644","FA","30","","678,882","0","0","-","0","0","0","0","0","0","0","0","0"
"*05qz3*","LiAngelo Ball","(N/A)","SG","645","FA","27","","678,882","0","0","-","0","0","0","0","0","0","0","0","0"
"*05wql*","Mitch Ballock","(N/A)","SG","646","FA","28","","678,882","0","0","-","0","0","0","0","0","0","0","0","0"
"*0440z*","Ondrej Balvin","(N/A)","C","647","FA","33","","678,882","0","0","-","0","0","0","0","0","0","0","0","0"
"*05xo0*","James Banks","(N/A)","C","648","FA","28","","678,882","0","0","-","0","0","0","0","0","0","0","0","0"
"*04804*","Anthony Barber","(N/A)","PG","649","FA","32","","678,882","0","0","-","0","0","0","0","0","0","0","0","0"
"*04xhp*","Jaylen Barford","(N/A)","PG","650","FA","30","","678,882","0","0","-","0","0","0","0","0","0","0","0","0"
"*04vy3*","Jordan Barnett","(N/A)","SF","651","FA","30","","678,882","0","0","-","0","0","0","0","0","0","0","0","0"
"*02ng4*","Will Barton","(N/A)","SG","652","FA","35","","678,882","0","0","-","0","0","0","0","0","0","0","0","0"
"*05ybb*","Paris Bass","(N/A)","SF","653","FA","30","","678,882","0","0","-","0","0","0","0","0","0","0","0","0"
"*0725e*","Daniel Batcho","(N/A)","SF,PF","654","FA","24","","678,882","0","0","-","0","0","0","0","0","0","0","0","0"
"*06cd3*","Emoni Bates","(N/A)","SF","655","FA","22","","678,882","0","0","-","0","0","0","0","0","0","0","0","0"
"*06y0j*","Tamar Bates","UTA","SG","656","FA","23","","678,883","0","0","-","0","0","0","0","0","0","0","0","0"
"*04qso*","Keita Bates-Diop","(N/A)","SF","657","FA","30","","678,882","0","0","-","0","0","0","0","0","0","0","0","0"
"*06mnw*","RaeQuan Battle","(N/A)","PG,SG","658","FA","25","","678,882","0","0","-","0","0","0","0","0","0","0","0","0"
"*059vt*","Tyus Battle","(N/A)","SG","659","FA","28","","678,882","0","0","-","0","0","0","0","0","0","0","0","0"
"*03ku0*","Kadeem Batts","(N/A)","PF","660","FA","35","","678,882","0","0","-","0","0","0","0","0","0","0","0","0"
"*06hfb*","Damion Baugh","(N/A)","SG","661","FA","26","","678,882","0","0","-","0","0","0","0","0","0","0","0","0"
"*05xp2*","Troy Baxter","(N/A)","SF","662","FA","30","","678,882","0","0","-","0","0","0","0","0","0","0","0","0"
"*02qe4*","Kent Bazemore","(N/A)","SG,SF","663","FA","37","","678,882","0","0","-","0","0","0","0","0","0","0","0","0"
"*051p3*","Darius Bazley","(N/A)","PF","664","FA","26","","678,882","0","0","-","0","0","0","0","0","0","0","0","0"
"*04jw6*","V.J. Beachem","(N/A)","SF","665","FA","31","","678,882","0","0","-","0","0","0","0","0","0","0","0","0"
"*065uu*","Justin Bean","(N/A)","SF,PF","666","FA","29","","678,882","0","0","-","0","0","0","0","0","0","0","0","0"
"*042ne*","Malik Beasley","(N/A)","SG","667","SAC","29","","678,882","0","0","-","0","0","0","0","0","0","0","0","0"
"*06he2*","Charles Bediako","(N/A)","C","668","FA","24","","678,882","0","0","-","0","0","0","0","0","0","0","0","0"
"*06mmb*","Reece Beekman","(N/A)","PG","669","FA","24","","678,882","0","0","-","0","0","0","0","0","0","0","0","0"
"*05ujj*","Juhann Begarin","(N/A)","PG,SG","670","FA","23","","678,882","0","0","-","0","0","0","0","0","0","0","0","0"
"*04ex1*","Jordan Bell","(N/A)","C","671","FA","31","","678,882","0","0","-","0","0","0","0","0","0","0","0","0"
"*042ng*","DeAndre' Bembry","(N/A)","SF,PF","672","FA","32","","678,882","0","0","-","0","0","0","0","0","0","0","0","0"
"*03xmu*","Dragan Bender","GS","PF,C","673","FA","28","","678,882","0","0","-","0","0","0","0","0","0","0","0","0"
"*03kuc*","Jerrelle Benimon","(N/A)","PF","674","FA","35","","678,882","0","0","-","0","0","0","0","0","0","0","0","0"
"*031lo*","Anthony Bennett","(N/A)","SF,PF","675","FA","33","","678,882","0","0","-","0","0","0","0","0","0","0","0","0"
"*042oa*","Ben Bentil","DAL","SF,PF","676","FA","31","","678,882","0","0","-","0","0","0","0","0","0","0","0","0"
"*065vd*","Jules Bernard","(N/A)","SG","677","FA","26","","678,882","0","0","-","0","0","0","0","0","0","0","0","0"
"*04vu0*","Joel Berry II","(N/A)","PG","678","FA","31","","678,882","0","0","-","0","0","0","0","0","0","0","0","0"
"*04yvw*","Dairis Bertans","(N/A)","SG","679","FA","36","","678,882","0","0","-","0","0","0","0","0","0","0","0","0"
"*027pt*","Davis Bertans","(N/A)","PF","680","FA","33","","678,882","0","0","-","0","0","0","0","0","0","0","0","0"
"*059fs*","Javon Bess","(N/A)","SG","681","FA","30","","678,882","0","0","-","0","0","0","0","0","0","0","0","0"
"*0622l*","Hugo Besson","(N/A)","PG","682","FA","25","","678,882","0","0","-","0","0","0","0","0","0","0","0","0"
"*05qss*","Tyler Bey","(N/A)","SF","683","FA","28","","678,882","0","0","-","0","0","0","0","0","0","0","0","0"
"*05xo5*","Giorgi Bezhanishvili","(N/A)","PF","684","FA","27","","678,882","0","0","-","0","0","0","0","0","0","0","0","0"
"*03iy1*","Sim Bhullar","(N/A)","C","685","FA","33","","678,882","0","0","-","0","0","0","0","0","0","0","0","0"
"*04xif*","Justin Bibbs","(N/A)","SG","686","FA","30","","678,882","0","0","-","0","0","0","0","0","0","0","0","0"
"*06cdi*","Tarik Biberovic","DAL","SF","687","FA","25","","2,926,829","0","0","-","0","0","0","0","0","0","0","0","0"
"*059ci*","Kavell Bigby-Williams","(N/A)","C","688","FA","30","","678,882","0","0","-","0","0","0","0","0","0","0","0","0"
"*076uf*","Tyler Bilodeau","BKN","PF","689","FA","22","","678,883","0","0","-","0","0","0","0","0","0","0","0","0"
"*065h6*","Marcus Bingham","(N/A)","SF,PF","690","FA","26","","678,882","0","0","-","0","0","0","0","0","0","0","0","0"
"*03kdj*","Khem Birch","(N/A)","C","691","FA","33","","678,882","0","0","-","0","0","0","0","0","0","0","0","0"
"*04exj*","Jabari Bird","(N/A)","SG","692","FA","32","","678,882","0","0","-","0","0","0","0","0","0","0","0","0"
"*06dq7*","Onuralp Bitim","(N/A)","SG","693","FA","27","","678,882","0","0","-","0","0","0","0","0","0","0","0","0"
"*03jr4*","Tarik Black","(N/A)","PF,C","694","FA","34","","678,882","0","0","-","0","0","0","0","0","0","0","0","0"
"*04fke*","James Blackmon Jr.","(N/A)","SG","695","FA","31","","678,882","0","0","-","0","0","0","0","0","0","0","0","0"
"*04ggl*","Antonio Blakeney","(N/A)","PG","696","FA","29","","678,882","0","0","-","0","0","0","0","0","0","0","0","0"
"*01uyx*","Eric Bledsoe","(N/A)","PG","697","FA","36","","678,882","0","0","-","0","0","0","0","0","0","0","0","0"
"*059q8*","Keljin Blevins","(N/A)","SG","698","FA","30","","678,882","0","0","-","0","0","0","0","0","0","0","0","0"
"*04exm*","Jaron Blossomgame","(N/A)","SF","699","FA","32","","678,882","0","0","-","0","0","0","0","0","0","0","0","0"
"*0393h*","Vander Blue","(N/A)","PG","700","FA","34","","678,882","0","0","-","0","0","0","0","0","0","0","0","0"
"*04sax*","Trevon Bluiett","(N/A)","PG,SG","701","FA","31","","678,882","0","0","-","0","0","0","0","0","0","0","0","0"
"*059y5*","Bennie Boatwright","(N/A)","PF","702","FA","30","","678,882","0","0","-","0","0","0","0","0","0","0","0","0"
"*051po*","Bol Bol","(N/A)","PF,C","703","FA","26","","678,882","0","0","-","0","0","0","0","0","0","0","0","0"
"*04ewz*","Jonah Bolden","(N/A)","PF","704","FA","30","","678,882","0","0","-","0","0","0","0","0","0","0","0","0"
"*059q2*","Marques Bolden","(N/A)","C","705","FA","28","","678,882","0","0","-","0","0","0","0","0","0","0","0","0"
"*05qsw*","Leandro Bolmaro","(N/A)","SG","706","FA","25","","678,882","0","0","-","0","0","0","0","0","0","0","0","0"
"*042ob*","Joel Bolomboy","(N/A)","PF","707","FA","32","","678,882","0","0","-","0","0","0","0","0","0","0","0","0"
"*04xmx*","Tim Bond","(N/A)","SG","708","FA","30","","678,882","0","0","-","0","0","0","0","0","0","0","0","0"
"*051q1*","Jordan Bone","(N/A)","PG","709","FA","28","","678,882","0","0","-","0","0","0","0","0","0","0","0","0"
"*04qsg*","Isaac Bonga","(N/A)","SG","710","FA","26","","678,882","0","0","-","0","0","0","0","0","0","0","0","0"
"*03zl3*","Askia Booker","(N/A)","SG","711","FA","32","","678,882","0","0","-","0","0","0","0","0","0","0","0","0"
"*059gh*","Phil Booth","(N/A)","PG","712","FA","30","","678,882","0","0","-","0","0","0","0","0","0","0","0","0"
"*05ujp*","Brandon Boston","(N/A)","SG,SF","714","FA","24","","678,882","0","0","-","0","0","0","0","0","0","0","0","0"
"*076wf*","Kylan Boswell","CHA","PG","715","FA","21","","678,883","0","0","-","0","0","0","0","0","0","0","0","0"
"*05uil*","James Bouknight","(N/A)","SG","716","FA","25","","678,882","0","0","-","0","0","0","0","0","0","0","0","0"
"*06exl*","Souley Boum","(N/A)","PG","717","FA","27","","678,882","0","0","-","0","0","0","0","0","0","0","0","0"
"*05qyz*","Jordan Bowden","(N/A)","SG","718","FA","29","","678,882","0","0","-","0","0","0","0","0","0","0","0","0"
"*059ce*","Brian Bowen","(N/A)","SG,SF","719","FA","27","","678,882","0","0","-","0","0","0","0","0","0","0","0","0"
"*059fx*","Ky Bowman","(N/A)","PG","720","FA","29","","678,882","0","0","-","0","0","0","0","0","0","0","0","0"
"*01uyd*","Avery Bradley","(N/A)","SG","721","FA","35","","678,882","0","0","-","0","0","0","0","0","0","0","0","0"
"*076tv*","Jaden Bradley","TOR","PG","722","FA","22","","678,883","0","0","-","0","0","0","0","0","0","0","0","0"
"*06mnu*","Pedro Bradshaw","(N/A)","SF,PF","723","FA","27","","678,882","0","0","-","0","0","0","0","0","0","0","0","0"
"*051pu*","Jarrell Brantley","(N/A)","PF","724","FA","30","","678,882","0","0","-","0","0","0","0","0","0","0","0","0"
"*051pr*","Ignas Brazdeikis","(N/A)","SF","725","FA","27","","678,882","0","0","-","0","0","0","0","0","0","0","0","0"
"*076tz*","Trevon Brazile","DEN","PF","726","HOT","23","","678,882","0","0","-","0","0","0","0","0","0","0","0","0"
"*06mma*","Jalen Bridges","(N/A)","SF","727","FA","25","","678,882","0","0","-","0","0","0","0","0","0","0","0","0"
"*04lbx*","Amida Brimah","(N/A)","C","728","FA","32","","678,882","0","0","-","0","0","0","0","0","0","0","0","0"
"*04l1o*","Isaiah Briscoe","(N/A)","PG","729","FA","30","","678,882","0","0","-","0","0","0","0","0","0","0","0","0"
"*059ca*","Oshae Brissett","(N/A)","SF","730","FA","28","","678,882","0","0","-","0","0","0","0","0","0","0","0","0"
"*064s9*","Izaiah Brockington","(N/A)","PG","731","FA","27","","678,882","0","0","-","0","0","0","0","0","0","0","0","0"
"*04tk0*","Ryan Broekhoff","(N/A)","SG,SF","732","FA","35","","678,882","0","0","-","0","0","0","0","0","0","0","0","0"
"*042nw*","Malcolm Brogdon","(N/A)","PG","733","FA","33","","678,882","0","0","-","0","0","0","0","0","0","0","0","0"
"*058n6*","Armoni Brooks","(N/A)","PG","734","FA","28","","678,882","0","0","-","0","0","0","0","0","0","0","0","0"
"*0666f*","Eli Brooks","(N/A)","PG,SG","735","FA","27","","678,882","0","0","-","0","0","0","0","0","0","0","0","0"
"*065us*","Garrison Brooks","(N/A)","SF,PF,C","736","FA","27","","678,882","0","0","-","0","0","0","0","0","0","0","0","0"
"*06pty*","Keion Brooks","(N/A)","SF","737","FA","25","","678,882","0","0","-","0","0","0","0","0","0","0","0","0"
"*059vu*","Barry Brown Jr.","(N/A)","PG","738","FA","29","","678,882","0","0","-","0","0","0","0","0","0","0","0","0"
"*03e7d*","Alec Brown","(N/A)","C","739","FA","34","","678,882","0","0","-","0","0","0","0","0","0","0","0","0"
"*03r7o*","Anthony Brown","(N/A)","SF","740","FA","33","","678,882","0","0","-","0","0","0","0","0","0","0","0","0"
"*059g4*","Bryce Brown","(N/A)","PG,SG","741","FA","29","","678,882","0","0","-","0","0","0","0","0","0","0","0","0"
"*059cd*","Charlie Brown","(N/A)","SG","742","FA","29","","678,882","0","0","-","0","0","0","0","0","0","0","0","0"
"*05uut*","Chaundee Brown","(N/A)","SG","743","FA","27","","678,882","0","0","-","0","0","0","0","0","0","0","0","0"
"*063cz*","Gabe Brown","(N/A)","SF,PF","744","FA","26","","678,882","0","0","-","0","0","0","0","0","0","0","0","0"
"*05ujh*","Greg Brown","(N/A)","PF","745","FA","24","","678,882","0","0","-","0","0","0","0","0","0","0","0","0"
"*03kqr*","Jabari Brown","(N/A)","SG","746","FA","33","","678,882","0","0","-","0","0","0","0","0","0","0","0","0"
"*0622b*","Kendall Brown","(N/A)","SG","747","FA","23","","678,882","0","0","-","0","0","0","0","0","0","0","0","0"
"*031n2*","Lorenzo Brown","(N/A)","PG","748","FA","35","","678,882","0","0","-","0","0","0","0","0","0","0","0","0"
"*076ul*","Maliq Brown","SA","PF","749","FA","22","","678,883","0","0","-","0","0","0","0","0","0","0","0","0"
"*03e78*","Markel Brown","(N/A)","SG","750","FA","34","","678,882","0","0","-","0","0","0","0","0","0","0","0","0"
"*0598b*","Moses Brown","(N/A)","C","752","FA","26","","678,882","0","0","-","0","0","0","0","0","0","0","0","0"
"*04ex9*","Sterling Brown","(N/A)","SG","753","FA","31","","678,882","0","0","-","0","0","0","0","0","0","0","0","0"
"*078ev*","Terrell Brown","UTA","PG,SG","754","W <small>(Sat)</small>","28","","636,436","0","0","-","0","0","0","0","0","0","0","0","0"
"*0666e*","Tevin Brown","(N/A)","PG,SG","755","FA","27","","678,882","0","0","-","0","0","0","0","0","0","0","0","0"
"*04qrs*","Troy Brown","(N/A)","SF","756","FA","27","","678,882","0","0","-","0","0","0","0","0","0","0","0","0"
"*043vz*","Nicolas Brussino","(N/A)","SG,SF","757","FA","33","","678,882","0","0","-","0","0","0","0","0","0","0","0","0"
"*05s01*","Elijah Bryant","(N/A)","SG,SF","758","FA","31","","678,882","0","0","-","0","0","0","0","0","0","0","0","0"
"*05r0f*","Shaq Buchanan","(N/A)","PG","759","FA","29","","678,882","0","0","-","0","0","0","0","0","0","0","0","0"
"*06qq7*","Boo Buie","(N/A)","PG,SG","760","FA","26","","678,882","0","0","-","0","0","0","0","0","0","0","0","0"
"*031mc*","Reggie Bullock","(N/A)","SF","761","FA","35","","678,882","0","0","-","0","0","0","0","0","0","0","0","0"
"*031lw*","Trey Burke","(N/A)","PG","762","FA","33","","678,882","0","0","-","0","0","0","0","0","0","0","0","0"
"*027ov*","Alec Burks","(N/A)","SG","763","FA","35","","678,882","0","0","-","0","0","0","0","0","0","0","0","0"
"*06mm9*","DJ Burns","(N/A)","SF,PF","764","FA","25","","678,882","0","0","-","0","0","0","0","0","0","0","0","0"
"*05xok*","Jordan Burns","(N/A)","PG","765","FA","28","","678,882","0","0","-","0","0","0","0","0","0","0","0","0"
"*03kt8*","Deonte Burton","(N/A)","PG","767","FA","35","","678,882","0","0","-","0","0","0","0","0","0","0","0","0"
"*04rvx*","Deonte Burton","(N/A)","SG,SF","768","FA","32","","678,882","0","0","-","0","0","0","0","0","0","0","0","0"
"*05uje*","Jared Butler","(N/A)","PG,SG","770","FA","25","","678,882","0","0","-","0","0","0","0","0","0","0","0","0"
"*06mp1*","JC Butler","(N/A)","SF,PF","769","FA","26","","678,882","0","0","-","0","0","0","0","0","0","0","0","0"
"*065vc*","John Butler","(N/A)","C","771","FA","23","","678,882","0","0","-","0","0","0","0","0","0","0","0","0"
"*0728s*","Lamont Butler","(N/A)","PG,SG","772","FA","24","","678,882","0","0","-","0","0","0","0","0","0","0","0","0"
"*03e6o*","Bruno Caboclo","(N/A)","SF,PF","773","FA","30","","678,882","0","0","-","0","0","0","0","0","0","0","0","0"
"*059cc*","Devontae Cacok","(N/A)","PF","774","FA","29","","678,882","0","0","-","0","0","0","0","0","0","0","0","0"
"*059q9*","Perrion Callandret","(N/A)","PG","775","FA","31","","678,882","0","0","-","0","0","0","0","0","0","0","0","0"
"*05qv8*","Facundo Campazzo","(N/A)","PG","776","FA","35","","678,882","0","0","-","0","0","0","0","0","0","0","0","0"
"*031mk*","Isaiah Canaan","MIL","PG","777","FA","35","","678,882","0","0","-","0","0","0","0","0","0","0","0","0"
"*04exc*","Vlatko Cancar","(N/A)","PF","778","FA","29","","678,882","0","0","-","0","0","0","0","0","0","0","0","0"
"*059vy*","Devin Cannady","(N/A)","PG","779","FA","30","","678,882","0","0","-","0","0","0","0","0","0","0","0","0"
"*05qtn*","Vernon Carey","(N/A)","C","780","FA","25","","678,882","0","0","-","0","0","0","0","0","0","0","0","0"
"*052u4*","Jordan Caroline","(N/A)","SF","781","FA","30","","678,882","0","0","-","0","0","0","0","0","0","0","0","0"
"*04xl5*","Phillip Carr","(N/A)","PF","783","FA","30","","678,882","0","0","-","0","0","0","0","0","0","0","0","0"
"*04qsr*","Tony Carr","(N/A)","PG","784","FA","28","","678,882","0","0","-","0","0","0","0","0","0","0","0","0"
"*04vu1*","Jeffrey Carroll","(N/A)","SG","785","FA","31","","678,882","0","0","-","0","0","0","0","0","0","0","0","0"
"*043cm*","Robert Carter Jr.","(N/A)","PF","786","FA","32","","678,882","0","0","-","0","0","0","0","0","0","0","0","0"
"*03x59*","Sampson Carter","(N/A)","PF","787","FA","35","","678,882","0","0","-","0","0","0","0","0","0","0","0","0"
"*031ly*","Michael Carter-Williams","(N/A)","PG","788","FA","34","","678,882","0","0","-","0","0","0","0","0","0","0","0","0"
"*05wvx*","D.J. Carton","(N/A)","SG","789","FA","26","","678,882","0","0","-","0","0","0","0","0","0","0","0","0"
"*03wlh*","Kyle Casey","(N/A)","PF","790","FA","36","","678,882","0","0","-","0","0","0","0","0","0","0","0","0"
"*076uq*","Rafael Castro","MIL","C","791","FA","23","","678,882","0","0","-","0","0","0","0","0","0","0","0","0"
"*03apz*","Willie Cauley-Stein","(N/A)","C","792","FA","32","","678,882","0","0","-","0","0","0","0","0","0","0","0","0"
"*04kjg*","Troy Caupain","(N/A)","SG","793","FA","30","","678,882","0","0","-","0","0","0","0","0","0","0","0","0"
"*04kpp*","Tyler Cavanaugh","(N/A)","PF,C","794","FA","32","","678,882","0","0","-","0","0","0","0","0","0","0","0","0"
"*05qzv*","Ahmad Caver","(N/A)","PG","795","FA","29","","678,882","0","0","-","0","0","0","0","0","0","0","0","0"
"*06cnb*","Malcolm Cazalon","(N/A)","SG","796","FA","24","","678,882","0","0","-","0","0","0","0","0","0","0","0","0"
"*076tf*","Chris Cenac","BOS","PF","797","IND","19","","2,988,120","0","0","-","0","0","0","0","0","0","0","0","0"
"*04xhq*","Joe Chealey","(N/A)","PG","798","FA","30","","678,882","0","0","-","0","0","0","0","0","0","0","0","0"
"*0554x*","Zylan Cheatham","(N/A)","SF","799","FA","30","","678,882","0","0","-","0","0","0","0","0","0","0","0","0"
"*03h91*","Will Cherry","(N/A)","PG","800","FA","35","","678,882","0","0","-","0","0","0","0","0","0","0","0","0"
"*05qzi*","Yoeli Childs","(N/A)","SF","801","FA","28","","678,882","0","0","-","0","0","0","0","0","0","0","0","0"
"*04xgm*","Chris Chiozza","(N/A)","PG","802","FA","30","","678,882","0","0","-","0","0","0","0","0","0","0","0","0"
"*06mm3*","Ulrich Chomche","(N/A)","PF","803","FA","20","","678,882","0","0","-","0","0","0","0","0","0","0","0","0"
"*042n5*","Marquese Chriss","(N/A)","PF","804","FA","29","","678,882","0","0","-","0","0","0","0","0","0","0","0","0"
"*03r7q*","Rakeem Christmas","(N/A)","PF","805","FA","34","","678,882","0","0","-","0","0","0","0","0","0","0","0","0"
"*05uiy*","Josh Christopher","(N/A)","SG","806","FA","24","","678,882","0","0","-","0","0","0","0","0","0","0","0","0"
"*04ug6*","Gary Clark","(N/A)","SF","807","FA","31","","678,882","0","0","-","0","0","0","0","0","0","0","0","0"
"*033h9*","Ian Clark","(N/A)","PG,SG","808","FA","35","","678,882","0","0","-","0","0","0","0","0","0","0","0","0"
"*06hsm*","Kihei Clark","(N/A)","PG","809","FA","26","","678,882","0","0","-","0","0","0","0","0","0","0","0","0"
"*03woy*","Coty Clarke","BOS","SF","810","FA","34","","678,882","0","0","-","0","0","0","0","0","0","0","0","0"
"*04hot*","Gian Clavell","(N/A)","PG","811","FA","32","","678,882","0","0","-","0","0","0","0","0","0","0","0","0"
"*0570u*","Chris Clemons","(N/A)","PG,SG","812","FA","29","","678,882","0","0","-","0","0","0","0","0","0","0","0","0"
"*04laz*","Antonius Cleveland","(N/A)","SG","813","FA","32","","678,882","0","0","-","0","0","0","0","0","0","0","0","0"
"*0722e*","Matthew Cleveland","(N/A)","PG,SG","814","FA","23","","678,882","0","0","-","0","0","0","0","0","0","0","0","0"
"*05xac*","Matt Coleman","(N/A)","PG","815","FA","28","","678,882","0","0","-","0","0","0","0","0","0","0","0","0"
"*06ho6*","Yuri Collins","(N/A)","PG","816","FA","25","","678,882","0","0","-","0","0","0","0","0","0","0","0","0"
"*044ia*","Kyle Collinsworth","(N/A)","SG","817","FA","34","","678,882","0","0","-","0","0","0","0","0","0","0","0","0"
"*04xhu*","Bonzie Colson","(N/A)","SF","818","FA","30","","678,882","0","0","-","0","0","0","0","0","0","0","0","0"
"*06aw1*","Chance Comanche","(N/A)","C","819","FA","30","","678,882","0","0","-","0","0","0","0","0","0","0","0","0"
"*06giy*","George Conditt","(N/A)","PF","820","FA","25","","678,882","0","0","-","0","0","0","0","0","0","0","0","0"
"*076tq*","Ryan Conwell","MIA","SG","821","HBB","22","","1,357,763","0","0","-","0","0","0","0","0","0","0","0","0"
"*0484m*","Elgin Cook","(N/A)","SF","822","FA","33","","678,882","0","0","-","0","0","0","0","0","0","0","0","0"
"*05qzl*","Keandre Cook","(N/A)","SG","823","FA","29","","678,882","0","0","-","0","0","0","0","0","0","0","0","0"
"*03xh1*","Quinn Cook","(N/A)","PG","824","FA","33","","678,882","0","0","-","0","0","0","0","0","0","0","0","0"
"*057ot*","Tyler Cook","(N/A)","PF","825","FA","28","","678,882","0","0","-","0","0","0","0","0","0","0","0","0"
"*048zr*","Derek Cooke Jr.","(N/A)","PF","826","FA","34","","678,882","0","0","-","0","0","0","0","0","0","0","0","0"
"*04is9*","Charles Cooke","MIA","SG","827","FA","32","","678,882","0","0","-","0","0","0","0","0","0","0","0","0"
"*06ajv*","Xavier Cooks","(N/A)","PF","828","FA","30","","678,882","0","0","-","0","0","0","0","0","0","0","0","0"
"*03j8m*","Jack Cooley","(N/A)","PF,C","829","FA","35","","678,882","0","0","-","0","0","0","0","0","0","0","0","0"
"*076ut*","Carson Cooper","MEM","C","830","FA","22","","678,882","0","0","-","0","0","0","0","0","0","0","0","0"
"*076um*","Quadir Copeland","HOU","PG","831","FA","23","","678,883","0","0","-","0","0","0","0","0","0","0","0","0"
"*042oc*","Petr Cornelie","(N/A)","PF","832","FA","31","","678,882","0","0","-","0","0","0","0","0","0","0","0","0"
"*04838*","Matt Costello","(N/A)","PF","833","FA","33","","678,882","0","0","-","0","0","0","0","0","0","0","0","0"
"*03i9w*","Bryce Cotton","(N/A)","PG","834","FA","33","","678,882","0","0","-","0","0","0","0","0","0","0","0","0"
"*06ceg*","Ricky Council","(N/A)","SF,PF","835","FA","25","","678,882","0","0","-","0","0","0","0","0","0","0","0","0"
"*01uz3*","DeMarcus Cousins","(N/A)","C","836","FA","35","","678,882","0","0","-","0","0","0","0","0","0","0","0","0"
"*042oi*","Isaiah Cousins","(N/A)","SG","837","FA","32","","678,882","0","0","-","0","0","0","0","0","0","0","0","0"
"*049lf*","Jaleel Cousins","(N/A)","C","838","FA","32","","678,882","0","0","-","0","0","0","0","0","0","0","0","0"
"*038xi*","Robert Covington","(N/A)","SF","839","FA","35","","678,882","0","0","-","0","0","0","0","0","0","0","0","0"
"*031mh*","Allen Crabbe","(N/A)","SG,SF","840","FA","34","","678,882","0","0","-","0","0","0","0","0","0","0","0","0"
"*03jvr*","Aaron Craft","(N/A)","PG","841","FA","35","","678,882","0","0","-","0","0","0","0","0","0","0","0","0"
"*04jw5*","Torrey Craig","(N/A)","SF","842","FA","35","","678,882","0","0","-","0","0","0","0","0","0","0","0","0"
"*03ktw*","Chris Crawford","(N/A)","SG","843","FA","33","","678,882","0","0","-","0","0","0","0","0","0","0","0","0"
"*03ku1*","Drew Crawford","(N/A)","SG","844","FA","35","","678,882","0","0","-","0","0","0","0","0","0","0","0","0"
"*04xjp*","Mitch Creek","(N/A)","SG","845","FA","34","","678,882","0","0","-","0","0","0","0","0","0","0","0","0"
"*06mnx*","Kevin Cross","(N/A)","SF,PF","846","FA","26","","678,882","0","0","-","0","0","0","0","0","0","0","0","0"
"*02nfy*","Jae Crowder","(N/A)","PF","847","FA","36","","678,882","0","0","-","0","0","0","0","0","0","0","0","0"
"*0723e*","Steven Crowl","(N/A)","SF,PF","848","FA","25","","678,882","0","0","-","0","0","0","0","0","0","0","0","0"
"*05xni*","Jalen Crutcher","(N/A)","PG","849","FA","27","","678,882","0","0","-","0","0","0","0","0","0","0","0","0"
"*06ppp*","Yongxi Cui","(N/A)","SG","850","FA","23","","678,882","0","0","-","0","0","0","0","0","0","0","0","0"
"*05xp3*","Derek Culver","(N/A)","C","851","FA","28","","678,882","0","0","-","0","0","0","0","0","0","0","0","0"
"*051om*","Jarrett Culver","(N/A)","SG","852","FA","27","","678,882","0","0","-","0","0","0","0","0","0","0","0","0"
"*05ya0*","Jarron Cumberland","(N/A)","SG","853","FA","28","","678,882","0","0","-","0","0","0","0","0","0","0","0","0"
"*03woc*","Will Cummings","(N/A)","PG","854","FA","33","","678,882","0","0","-","0","0","0","0","0","0","0","0","0"
"*02nfo*","Jared Cunningham","(N/A)","PG,SG","855","FA","35","","678,882","0","0","-","0","0","0","0","0","0","0","0","0"
"*0392h*","Olek Czyz","(N/A)","SF","856","FA","36","","678,882","0","0","-","0","0","0","0","0","0","0","0","0"
"*07244*","Dain Dainja","(N/A)","SF,PF","857","FA","24","","678,882","0","0","-","0","0","0","0","0","0","0","0","0"
"*06cen*","Caleb Daniels","(N/A)","SG","858","FA","27","","678,882","0","0","-","0","0","0","0","0","0","0","0","0"
"*0393p*","Troy Daniels","(N/A)","PG,SG","859","FA","35","","678,882","0","0","-","0","0","0","0","0","0","0","0","0"
"*05qyr*","Nate Darling","(N/A)","SG","860","FA","27","","678,882","0","0","-","0","0","0","0","0","0","0","0","0"
"*038i9*","Brandon Davies","(N/A)","PF","861","FA","35","","678,882","0","0","-","0","0","0","0","0","0","0","0","0"
"*06hf9*","Antoine Davis","(N/A)","PG","862","FA","27","","678,882","0","0","-","0","0","0","0","0","0","0","0","0"
"*042ns*","Deyonta Davis","(N/A)","PF","863","FA","29","","678,882","0","0","-","0","0","0","0","0","0","0","0","0"
"*0724o*","Johnell Davis","(N/A)","PG,SG","864","FA","0","","678,882","0","0","-","0","0","0","0","0","0","0","0","0"
"*06219*","Johnny Davis","(N/A)","SG","865","FA","24","","678,882","0","0","-","0","0","0","0","0","0","0","0","0"
"*059u3*","Jon Davis","(N/A)","PG","866","FA","29","","678,882","0","0","-","0","0","0","0","0","0","0","0","0"
"*06hdx*","Kendric Davis","(N/A)","PG","867","FA","27","","678,882","0","0","-","0","0","0","0","0","0","0","0","0"
"*06z7u*","RJ Davis","(N/A)","PG,SG","868","FA","24","","678,882","0","0","-","0","0","0","0","0","0","0","0","0"
"*056aq*","Terence Davis","(N/A)","SG","869","FA","29","","678,882","0","0","-","0","0","0","0","0","0","0","0","0"
"*04vxz*","Tyler Davis","(N/A)","C","870","FA","29","","678,882","0","0","-","0","0","0","0","0","0","0","0","0"
"*03kqm*","Andre Dawkins","BOS","SG","871","FA","34","","678,882","0","0","-","0","0","0","0","0","0","0","0","0"
"*059cj*","Aubrey Dawkins","(N/A)","SG","872","FA","31","","678,882","0","0","-","0","0","0","0","0","0","0","0","0"
"*03r89*","Branden Dawson","(N/A)","SF,PF","873","FA","33","","678,882","0","0","-","0","0","0","0","0","0","0","0","0"
"*0483k*","Shawn Dawson","(N/A)","SF","874","FA","32","","678,882","0","0","-","0","0","0","0","0","0","0","0","0"
"*062sp*","Darius Days","(N/A)","PF","875","FA","26","","678,882","0","0","-","0","0","0","0","0","0","0","0","0"
"*076sz*","Sergio De Larrea","DAL","PG","876","DAL","20","","3,182,280","0","0","-","0","0","0","0","0","0","0","0","0"
"*04lcm*","George de Paula","(N/A)","PG","1786","FA","30","","678,882","0","0","-","0","0","0","0","0","0","0","0","0"
"*05rk9*","Gabriel Deck","(N/A)","SF,PF","878","FA","31","","678,882","0","0","-","0","0","0","0","0","0","0","0","0"
"*038xl*","Dewayne Dedmon","(N/A)","C","879","FA","36","","678,882","0","0","-","0","0","0","0","0","0","0","0","0"
"*03ulp*","Bryce Dejean-Jones","NO","PG,SG","880","FA","33","","678,882","0","0","-","0","0","0","0","0","0","0","0","0"
"*03byi*","Sam Dekker","(N/A)","SF,PF","881","FA","32","","678,882","0","0","-","0","0","0","0","0","0","0","0","0"
"*05qys*","Javin DeLaurier","(N/A)","PF,C","877","FA","28","","678,882","0","0","-","0","0","0","0","0","0","0","0","0"
"*04xhx*","Angel Delgado","(N/A)","C","882","FA","31","","678,882","0","0","-","0","0","0","0","0","0","0","0","0"
"*038og*","Matthew Dellavedova","(N/A)","PG","883","FA","35","","678,882","0","0","-","0","0","0","0","0","0","0","0","0"
"*06666*","Eric Demers","(N/A)","PG,SG","884","FA","29","","678,882","0","0","-","0","0","0","0","0","0","0","0","0"
"*04z79*","Cody Demps","(N/A)","SG","885","FA","32","","678,882","0","0","-","0","0","0","0","0","0","0","0","0"
"*06eo4*","Dexter Dennis","(N/A)","SG","886","FA","27","","678,882","0","0","-","0","0","0","0","0","0","0","0","0"
"*04vy0*","Marcus Derrickson","(N/A)","PF","887","FA","30","","678,882","0","0","-","0","0","0","0","0","0","0","0","0"
"*0623b*","Michael Devoe","(N/A)","SG","888","FA","26","","678,882","0","0","-","0","0","0","0","0","0","0","0","0"
"*05qvv*","Mamadi Diakite","(N/A)","PF","889","FA","29","","678,882","0","0","-","0","0","0","0","0","0","0","0","0"
"*0779m*","Alpha Diallo","DEN","PG,SG","890","FA","29","","636,436","0","0","-","0","0","0","0","0","0","0","0","0"
"*03llu*","Cheick Diallo","(N/A)","PF,C","891","FA","29","","678,882","0","0","-","0","0","0","0","0","0","0","0","0"
"*049sa*","Hamidou Diallo","(N/A)","SG","892","FA","28","","678,882","0","0","-","0","0","0","0","0","0","0","0","0"
"*05qz6*","Lamine Diane","(N/A)","SF,PF","893","FA","28","","678,882","0","0","-","0","0","0","0","0","0","0","0","0"
"*06mo7*","Mohamed Diarra","(N/A)","PF","894","FA","25","","678,882","0","0","-","0","0","0","0","0","0","0","0","0"
"*031m8*","Gorgui Dieng","(N/A)","C","895","FA","36","","678,882","0","0","-","0","0","0","0","0","0","0","0","0"
"*03e74*","Spencer Dinwiddie","(N/A)","PG","896","FA","33","","678,882","0","0","-","0","0","0","0","0","0","0","0","0"
"*06222*","Khalifa Diop","(N/A)","C","897","FA","24","","678,882","0","0","-","0","0","0","0","0","0","0","0","0"
"*076u8*","Josh Dix","OKC","SG","898","FA","22","","678,883","0","0","-","0","0","0","0","0","0","0","0","0"
"*06vy1*","Eric Dixon","(N/A)","PF","899","FA","25","","678,882","0","0","-","0","0","0","0","0","0","0","0","0"
"*06mlp*","Nikola Djurisic","(N/A)","SF,PF","900","FA","22","","678,882","0","0","-","0","0","0","0","0","0","0","0","0"
"*06ptx*","Marcus Domask","(N/A)","SF","901","FA","26","","678,882","0","0","-","0","0","0","0","0","0","0","0","0"
"*076tp*","Tre Donaldson","MIA","PG,SG","902","FA","22","","678,883","0","0","-","0","0","0","0","0","0","0","0","0"
"*04ex4*","Tyler Dorsey","(N/A)","PG,SG","903","FA","30","","678,882","0","0","-","0","0","0","0","0","0","0","0","0"
"*04ex7*","Damyean Dotson","(N/A)","SG","904","FA","32","","678,882","0","0","-","0","0","0","0","0","0","0","0","0"
"*05qsu*","Devon Dotson","(N/A)","PG,SG","905","FA","27","","678,882","0","0","-","0","0","0","0","0","0","0","0","0"
"*051ov*","Sekou Doumbouya","(N/A)","SF,PF","906","FA","25","","678,882","0","0","-","0","0","0","0","0","0","0","0","0"
"*05wkd*","Jeff Dowtin","(N/A)","PG","907","FA","29","","678,882","0","0","-","0","0","0","0","0","0","0","0","0"
"*04idm*","Milton Doyle","(N/A)","PG","908","FA","32","","678,882","0","0","-","0","0","0","0","0","0","0","0","0"
"*04ik2*","PJ Dozier","(N/A)","SG","909","FA","29","","678,882","0","0","-","0","0","0","0","0","0","0","0","0"
"*06gnm*","Henri Drell","(N/A)","SF","910","FA","26","","678,882","0","0","-","0","0","0","0","0","0","0","0","0"
"*038xh*","Larry Drew II","NO","PG","911","FA","36","","678,882","0","0","-","0","0","0","0","0","0","0","0","0"
"*05uin*","Chris Duarte","(N/A)","SG","912","FA","29","","678,882","0","0","-","0","0","0","0","0","0","0","0","0"
"*06mmj*","Alex Ducas","(N/A)","SG,SF","913","FA","25","","678,882","0","0","-","0","0","0","0","0","0","0","0","0"
"*03sdf*","Duje Dukan","(N/A)","SF","914","FA","34","","678,882","0","0","-","0","0","0","0","0","0","0","0","0"
"*05wvu*","David Duke","(N/A)","SG","915","FA","26","","678,882","0","0","-","0","0","0","0","0","0","0","0","0"
"*049pk*","Kellen Dunham","(N/A)","SG","916","FA","33","","678,882","0","0","-","0","0","0","0","0","0","0","0","0"
"*064s8*","Anthony Duruji","(N/A)","SF,PF","917","FA","28","","678,882","0","0","-","0","0","0","0","0","0","0","0","0"
"*049kg*","Trevon Duval","(N/A)","PG","918","FA","28","","678,882","0","0","-","0","0","0","0","0","0","0","0","0"
"*03e70*","Cleanthony Early","(N/A)","SF","920","FA","35","","678,882","0","0","-","0","0","0","0","0","0","0","0","0"
"*06mo6*","Sean East","(N/A)","PG","921","FA","26","","678,882","0","0","-","0","0","0","0","0","0","0","0","0"
"*01uzb*","Devin Ebanks","(N/A)","SG,SF","922","FA","36","","678,882","0","0","-","0","0","0","0","0","0","0","0","0"
"*05qxu*","Paul Eboua","(N/A)","SF,PF","923","FA","26","","678,882","0","0","-","0","0","0","0","0","0","0","0","0"
"*05uxy*","Jaime Echenique","(N/A)","C","924","FA","29","","678,882","0","0","-","0","0","0","0","0","0","0","0","0"
"*03ku7*","Jarell Eddie","(N/A)","SG","925","FA","34","","678,882","0","0","-","0","0","0","0","0","0","0","0","0"
"*051pd*","Carsen Edwards","(N/A)","SG","926","FA","28","","678,882","0","0","-","0","0","0","0","0","0","0","0","0"
"*06mq1*","Jesse Edwards","(N/A)","C","927","FA","26","","678,882","0","0","-","0","0","0","0","0","0","0","0","0"
"*05uji*","Kessler Edwards","(N/A)","SF,PF","928","FA","25","","678,882","0","0","-","0","0","0","0","0","0","0","0","0"
"*065b7*","Kyler Edwards","(N/A)","PG,SG","929","FA","27","","678,882","0","0","-","0","0","0","0","0","0","0","0","0"
"*05xcl*","Rob Edwards","(N/A)","SG","930","FA","29","","678,882","0","0","-","0","0","0","0","0","0","0","0","0"
"*04qss*","Vincent Edwards","(N/A)","SF","931","FA","30","","678,882","0","0","-","0","0","0","0","0","0","0","0","0"
"*059g6*","John Egbunu","(N/A)","C","932","FA","31","","678,882","0","0","-","0","0","0","0","0","0","0","0","0"
"*03wow*","Nnanna Egwu","(N/A)","C","933","FA","33","","678,882","0","0","-","0","0","0","0","0","0","0","0","0"
"*03hz0*","Melvin Ejim","(N/A)","SF,PF","934","FA","35","","678,882","0","0","-","0","0","0","0","0","0","0","0","0"
"*076td*","Zuby Ejiofor","ATL","PF","935","HBB","22","","3,453,360","0","0","-","0","0","0","0","0","0","0","0","0"
"*05quc*","CJ Elleby","(N/A)","SF","936","FA","26","","678,882","0","0","-","0","0","0","0","0","0","0","0","0"
"*042nd*","Henry Ellenson","(N/A)","PF","937","FA","29","","678,882","0","0","-","0","0","0","0","0","0","0","0","0"
"*06pw5*","Boogie Ellis","(N/A)","PG","938","FA","25","","678,882","0","0","-","0","0","0","0","0","0","0","0","0"
"*048yi*","Perry Ellis","(N/A)","PF","939","FA","32","","678,882","0","0","-","0","0","0","0","0","0","0","0","0"
"*05y9z*","Malik Ellison","(N/A)","PG,SG,SF,PF","940","FA","29","","678,882","0","0","-","0","0","0","0","0","0","0","0","0"
"*031n0*","James Ennis","(N/A)","SF","941","FA","36","","678,882","0","0","-","0","0","0","0","0","0","0","0","0"
"*03byh*","Tyler Ennis","(N/A)","PG","942","FA","31","","678,882","0","0","-","0","0","0","0","0","0","0","0","0"
"*06q8b*","Aaron Estrada","(N/A)","PG","943","FA","25","","678,882","0","0","-","0","0","0","0","0","0","0","0","0"
"*076ud*","Isaiah Evans","MIN","SG","944","Utah","20","","678,882","0","0","-","0","0","0","0","0","0","0","0","0"
"*04qs5*","Jacob Evans","(N/A)","SG","945","FA","29","","678,882","0","0","-","0","0","0","0","0","0","0","0","0"
"*04ex2*","Jawun Evans","(N/A)","PG","946","FA","30","","678,882","0","0","-","0","0","0","0","0","0","0","0","0"
"*04xie*","Keenan Evans","DET","PG","947","FA","29","","678,882","0","0","-","0","0","0","0","0","0","0","0","0"
"*01eoh*","Tyreke Evans","(N/A)","PG,SG","948","FA","36","","678,882","0","0","-","0","0","0","0","0","0","0","0","0"
"*03acx*","Dante Exum","(N/A)","PG","949","FA","31","","678,882","0","0","-","0","0","0","0","0","0","0","0","0"
"*02nfu*","Festus Ezeli","(N/A)","C","950","FA","36","","678,882","0","0","-","0","0","0","0","0","0","0","0","0"
"*03jxp*","C.J. Fair","(N/A)","PF","951","FA","34","","678,882","0","0","-","0","0","0","0","0","0","0","0","0"
"*0558u*","Tacko Fall","(N/A)","C","952","FA","30","","678,882","0","0","-","0","0","0","0","0","0","0","0","0"
"*027p7*","Kenneth Faried","(N/A)","PF,C","953","FA","36","","678,882","0","0","-","0","0","0","0","0","0","0","0","0"
"*01uyt*","Derrick Favors","(N/A)","PF,C","954","FA","35","","678,882","0","0","-","0","0","0","0","0","0","0","0","0"
"*042od*","Kay Felder","(N/A)","PG","955","FA","31","","678,882","0","0","-","0","0","0","0","0","0","0","0","0"
"*03rxn*","Cristiano Felicio","(N/A)","C","956","FA","34","","678,882","0","0","-","0","0","0","0","0","0","0","0","0"
"*031mj*","Carrick Felix","(N/A)","SG,SF","957","FA","35","","678,882","0","0","-","0","0","0","0","0","0","0","0","0"
"*04ewl*","Terrance Ferguson","(N/A)","SG,SF","958","FA","28","","678,882","0","0","-","0","0","0","0","0","0","0","0","0"
"*049le*","Vashil Fernandez","(N/A)","C","959","FA","34","","678,882","0","0","-","0","0","0","0","0","0","0","0","0"
"*051pe*","Bruno Fernando","(N/A)","C","960","FA","27","","678,882","0","0","-","0","0","0","0","0","0","0","0","0"
"*0483a*","Yogi Ferrell","(N/A)","PG,SG","961","FA","33","","678,882","0","0","-","0","0","0","0","0","0","0","0","0"
"*06mot*","Max Fiedler","(N/A)","SF,PF","962","FA","25","","678,882","0","0","-","0","0","0","0","0","0","0","0","0"
"*05xoj*","L.J. Figueroa","(N/A)","PG,SG,SF,PF","963","FA","28","","678,882","0","0","-","0","0","0","0","0","0","0","0","0"
"*05qzg*","Malik Fitts","(N/A)","PF","964","FA","29","","678,882","0","0","-","0","0","0","0","0","0","0","0","0"
"*06hrn*","Adam Flagler","SAC","SG","965","FA","26","","678,883","0","0","-","0","0","0","0","0","0","0","0","0"
"*06mnz*","Allen Flanigan","(N/A)","PG,SG","966","FA","25","","678,882","0","0","-","0","0","0","0","0","0","0","0","0"
"*059wt*","Skyler Flatten","(N/A)","SG","967","FA","31","","678,882","0","0","-","0","0","0","0","0","0","0","0","0"
"*05qsn*","Malachi Flynn","(N/A)","PG","969","FA","28","","678,882","0","0","-","0","0","0","0","0","0","0","0","0"
"*02wy0*","Kyle Fogg","(N/A)","PG,SG","970","FA","36","","678,882","0","0","-","0","0","0","0","0","0","0","0","0"
"*04847*","Bryn Forbes","(N/A)","SG","971","FA","33","","678,882","0","0","-","0","0","0","0","0","0","0","0","0"
"*05y7a*","Aleem Ford","(N/A)","SF","972","FA","29","","678,882","0","0","-","0","0","0","0","0","0","0","0","0"
"*05qzf*","Jordan Ford","(N/A)","PG","973","FA","28","","678,882","0","0","-","0","0","0","0","0","0","0","0","0"
"*0480a*","Quincy Ford","(N/A)","SF","974","FA","33","","678,882","0","0","-","0","0","0","0","0","0","0","0","0"
"*05qu7*","Trent Forrest","(N/A)","PG","975","FA","28","","678,882","0","0","-","0","0","0","0","0","0","0","0","0"
"*05xob*","Marcus Foster","(N/A)","SG","976","FA","31","","678,882","0","0","-","0","0","0","0","0","0","0","0","0"
"*0623g*","Michael Foster","(N/A)","SF,PF","977","FA","23","","678,882","0","0","-","0","0","0","0","0","0","0","0","0"
"*02nfk*","Evan Fournier","(N/A)","SG","978","FA","33","","678,882","0","0","-","0","0","0","0","0","0","0","0","0"
"*06hdw*","Armaan Franklin","(N/A)","PG","979","FA","25","","678,882","0","0","-","0","0","0","0","0","0","0","0","0"
"*031mr*","Jamaal Franklin","DEN","SG,SF","980","FA","35","","678,882","0","0","-","0","0","0","0","0","0","0","0","0"
"*059fu*","Robert Franks","(N/A)","SF","981","FA","29","","678,882","0","0","-","0","0","0","0","0","0","0","0","0"
"*04qsc*","Melvin Frazier Jr.","(N/A)","SG","982","FA","29","","678,882","0","0","-","0","0","0","0","0","0","0","0","0"
"*03v03*","Michael Frazier","(N/A)","SG","983","FA","32","","678,882","0","0","-","0","0","0","0","0","0","0","0","0"
"*03ku2*","Tim Frazier","(N/A)","PG","984","FA","35","","678,882","0","0","-","0","0","0","0","0","0","0","0","0"
"*0493y*","Trey Freeman","(N/A)","PG","985","FA","33","","678,882","0","0","-","0","0","0","0","0","0","0","0","0"
"*062k1*","Javon Freeman-Liberty","(N/A)","PG","986","FA","26","","678,882","0","0","-","0","0","0","0","0","0","0","0","0"
"*06mop*","Samson Froling","(N/A)","C","987","FA","26","","678,882","0","0","-","0","0","0","0","0","0","0","0","0"
"*06fwl*","Alex Fudge","(N/A)","SF","988","FA","23","","678,882","0","0","-","0","0","0","0","0","0","0","0","0"
"*06hdv*","Andrew Funk","(N/A)","SG","989","FA","26","","678,882","0","0","-","0","0","0","0","0","0","0","0","0"
"*06qf9*","Taylor Funk","(N/A)","SF,PF","990","FA","28","","678,882","0","0","-","0","0","0","0","0","0","0","0","0"
"*04vu2*","Wenyen Gabriel","(N/A)","PF","991","FA","29","","678,882","0","0","-","0","0","0","0","0","0","0","0","0"
"*0393q*","Abdul Gaddy","(N/A)","PG,SG","992","FA","34","","678,882","0","0","-","0","0","0","0","0","0","0","0","0"
"*01uzm*","Tiny Gallon","(N/A)","PF","993","FA","35","","678,882","0","0","-","0","0","0","0","0","0","0","0","0"
"*06kv0*","Jaylin Galloway","(N/A)","SF","994","FA","23","","678,882","0","0","-","0","0","0","0","0","0","0","0","0"
"*03k50*","Langston Galloway","(N/A)","SG","995","FA","34","","678,882","0","0","-","0","0","0","0","0","0","0","0","0"
"*059cf*","Jakeenan Gant","(N/A)","SG","996","FA","30","","678,882","0","0","-","0","0","0","0","0","0","0","0","0"
"*07241*","Dawson Garcia","(N/A)","SF,PF,C","997","FA","24","","678,882","0","0","-","0","0","0","0","0","0","0","0","0"
"*06hrf*","Patrick Gardner","(N/A)","C","998","FA","27","","678,882","0","0","-","0","0","0","0","0","0","0","0","0"
"*045qh*","Patricio Garino","(N/A)","SG","999","FA","33","","678,882","0","0","-","0","0","0","0","0","0","0","0","0"
"*05wah*","Marcus Garrett","(N/A)","SG","1000","FA","27","","678,882","0","0","-","0","0","0","0","0","0","0","0","0"
"*05uix*","Usman Garuba","(N/A)","PF","1001","FA","24","","678,882","0","0","-","0","0","0","0","0","0","0","0","0"
"*04xdt*","Kaiser Gates","(N/A)","SF","1002","FA","29","","678,882","0","0","-","0","0","0","0","0","0","0","0","0"
"*042o8*","Michael Gbinije","(N/A)","SF","1003","FA","34","","678,882","0","0","-","0","0","0","0","0","0","0","0","0"
"*0490w*","Marcus Georges-Hunt","(N/A)","SG","1004","FA","32","","678,882","0","0","-","0","0","0","0","0","0","0","0","0"
"*03xmw*","Harry Giles","(N/A)","C","1005","FA","28","","678,882","0","0","-","0","0","0","0","0","0","0","0","0"
"*05qu6*","Romaro Gill","(N/A)","C","1006","FA","31","","678,882","0","0","-","0","0","0","0","0","0","0","0","0"
"*05qzc*","Freddie Gillespie","(N/A)","SF,PF","1007","FA","29","","678,882","0","0","-","0","0","0","0","0","0","0","0","0"
"*076uk*","Ja'Kobi Gillespie","SA","PG","1008","IND","22","","678,883","0","0","-","0","0","0","0","0","0","0","0","0"
"*065ut*","Jacob Gilyard","(N/A)","PG","1009","FA","28","","678,882","0","0","-","0","0","0","0","0","0","0","0","0"
"*065vf*","Grant Golden","(N/A)","SF,PF","1010","FA","28","","678,882","0","0","-","0","0","0","0","0","0","0","0","0"
"*031mf*","Archie Goodwin","(N/A)","PG,SG","1011","FA","31","","678,882","0","0","-","0","0","0","0","0","0","0","0","0"
"*04w4b*","Brandon Goodwin","(N/A)","PG","1012","FA","30","","678,882","0","0","-","0","0","0","0","0","0","0","0","0"
"*06hsn*","Dane Goodwin","(N/A)","SG","1013","FA","26","","678,882","0","0","-","0","0","0","0","0","0","0","0","0"
"*06hi9*","Jazian Gortman","(N/A)","PG","1014","FA","23","","678,882","0","0","-","0","0","0","0","0","0","0","0","0"
"*062sq*","Kellan Grady","(N/A)","PG,SG","1015","FA","28","","678,882","0","0","-","0","0","0","0","0","0","0","0","0"
"*04qsb*","Devonte' Graham","(N/A)","PG","1016","FA","31","","678,882","0","0","-","0","0","0","0","0","0","0","0","0"
"*03ua0*","Treveon Graham","(N/A)","SG,SF","1017","FA","32","","678,882","0","0","-","0","0","0","0","0","0","0","0","0"
"*03r7g*","Jerian Grant","(N/A)","PG,SG","1018","FA","33","","678,882","0","0","-","0","0","0","0","0","0","0","0","0"
"*04vqv*","Donte Grantham","(N/A)","SG","1019","FA","31","","678,882","0","0","-","0","0","0","0","0","0","0","0","0"
"*057ow*","Hassani Gravett","(N/A)","PG","1021","FA","30","","678,882","0","0","-","0","0","0","0","0","0","0","0","0"
"*04mr6*","Josh Gray","(N/A)","PG","1022","FA","32","","678,882","0","0","-","0","0","0","0","0","0","0","0","0"
"*05ujx*","RaiQuan Gray","(N/A)","PF","1023","FA","27","","678,882","0","0","-","0","0","0","0","0","0","0","0","0"
"*04uq2*","Rob Gray","(N/A)","PG","1024","FA","32","","678,882","0","0","-","0","0","0","0","0","0","0","0","0"
"*06moi*","Darin Green","(N/A)","SG","1025","FA","25","","678,882","0","0","-","0","0","0","0","0","0","0","0","0"
"*031mw*","Erick Green","(N/A)","PG,SG","1026","FA","35","","678,882","0","0","-","0","0","0","0","0","0","0","0","0"
"*03927*","JaMychal Green","(N/A)","PF","1027","FA","36","","678,882","0","0","-","0","0","0","0","0","0","0","0","0"
"*0621f*","AJ Griffin","(N/A)","SF","1028","FA","22","","678,882","0","0","-","0","0","0","0","0","0","0","0","0"
"*038kh*","Eric Griffin","(N/A)","SF","1029","FA","36","","678,882","0","0","-","0","0","0","0","0","0","0","0","0"
"*055si*","Marko Guduric","(N/A)","SG","1030","FA","31","","678,882","0","0","-","0","0","0","0","0","0","0","0","0"
"*051pz*","Kyle Guy","(N/A)","SG","1031","FA","28","","678,882","0","0","-","0","0","0","0","0","0","0","0","0"
"*04v3j*","Isaac Haas","(N/A)","C","1032","FA","30","","678,882","0","0","-","0","0","0","0","0","0","0","0","0"
"*05quf*","Ashton Hagans","(N/A)","PG","1033","FA","27","","678,882","0","0","-","0","0","0","0","0","0","0","0","0"
"*04qst*","Devon Hall","(N/A)","SG","1035","FA","31","","678,882","0","0","-","0","0","0","0","0","0","0","0","0"
"*059qb*","Donta Hall","(N/A)","PF","1036","FA","28","","678,882","0","0","-","0","0","0","0","0","0","0","0","0"
"*06303*","Jordan Hall","(N/A)","PG,SG,SF,PF","1037","FA","24","","678,882","0","0","-","0","0","0","0","0","0","0","0","0"
"*05qzm*","Josh Hall","(N/A)","SF","1038","FA","25","","678,882","0","0","-","0","0","0","0","0","0","0","0","0"
"*06mnr*","Malik Hall","(N/A)","SF,PF","1039","FA","26","","678,882","0","0","-","0","0","0","0","0","0","0","0","0"
"*05r05*","Tyler Hall","(N/A)","PG,SG","1040","FA","33","","678,882","0","0","-","0","0","0","0","0","0","0","0","0"
"*06237*","Bryce Hamilton","(N/A)","SG","1041","FA","25","","678,882","0","0","-","0","0","0","0","0","0","0","0","0"
"*042of*","Daniel Hamilton","(N/A)","SF","1042","FA","30","","678,882","0","0","-","0","0","0","0","0","0","0","0","0"
"*04lk8*","Isaac Hamilton","(N/A)","SG","1043","FA","32","","678,882","0","0","-","0","0","0","0","0","0","0","0","0"
"*04xid*","Johnny Hamilton","(N/A)","C","1044","FA","32","","678,882","0","0","-","0","0","0","0","0","0","0","0","0"
"*02ng9*","Justin Hamilton","(N/A)","PF,C","1045","FA","36","","678,882","0","0","-","0","0","0","0","0","0","0","0","0"
"*05qt7*","Rayshaun Hammonds","(N/A)","SF,PF","1046","FA","27","","678,882","0","0","-","0","0","0","0","0","0","0","0","0"
"*042o5*","A.J. Hammons","(N/A)","C","1047","FA","33","","678,882","0","0","-","0","0","0","0","0","0","0","0","0"
"*05qt5*","R.J. Hampton","(N/A)","PG","1048","FA","25","","678,882","0","0","-","0","0","0","0","0","0","0","0","0"
"*051q0*","Jaylen Hands","(N/A)","PG","1049","FA","27","","678,882","0","0","-","0","0","0","0","0","0","0","0","0"
"*03r7w*","Olivier Hanlan","(N/A)","PG","1050","FA","33","","678,882","0","0","-","0","0","0","0","0","0","0","0","0"
"*04z9c*","Dusty Hannahs","(N/A)","PG,SG","1051","FA","32","","678,882","0","0","-","0","0","0","0","0","0","0","0","0"
"*02nff*","Maurice Harkless","(N/A)","SF","1052","FA","33","","678,882","0","0","-","0","0","0","0","0","0","0","0","0"
"*059ij*","Jared Harper","(N/A)","PG","1053","FA","28","","678,882","0","0","-","0","0","0","0","0","0","0","0","0"
"*03tru*","KT Harrell","(N/A)","SG","1054","FA","34","","678,882","0","0","-","0","0","0","0","0","0","0","0","0"
"*03byg*","Montrezl Harrell","(N/A)","C","1055","FA","32","","678,882","0","0","-","0","0","0","0","0","0","0","0","0"
"*05qso*","Jalen Harris","(N/A)","SG","1056","FA","27","","678,882","0","0","-","0","0","0","0","0","0","0","0","0"
"*03e6z*","Joe Harris","(N/A)","SG,SF","1057","FA","34","","678,882","0","0","-","0","0","0","0","0","0","0","0","0"
"*05qzd*","Kevon Harris","(N/A)","SG","1058","FA","29","","678,882","0","0","-","0","0","0","0","0","0","0","0","0"
"*03rzs*","Aaron Harrison","(N/A)","PG","1059","FA","31","","678,882","0","0","-","0","0","0","0","0","0","0","0","0"
"*02xdr*","Andrew Harrison","(N/A)","PG,SG","1060","FA","31","","678,882","0","0","-","0","0","0","0","0","0","0","0","0"
"*048zs*","Shaquille Harrison","(N/A)","SG","1061","FA","32","","678,882","0","0","-","0","0","0","0","0","0","0","0","0"
"*06ceq*","Joey Hauser","(N/A)","SF","1062","FA","27","","678,882","0","0","-","0","0","0","0","0","0","0","0","0"
"*01uz7*","Gordon Hayward","(N/A)","SF","1063","FA","36","","678,882","0","0","-","0","0","0","0","0","0","0","0","0"
"*04ljk*","Reggie Hearn","(N/A)","SG","1064","FA","34","","678,882","0","0","-","0","0","0","0","0","0","0","0","0"
"*06hfa*","Max Heidegger","(N/A)","PG","1065","FA","29","","678,882","0","0","-","0","0","0","0","0","0","0","0","0"
"*05uuf*","Aaron Henry","(N/A)","SF","1066","FA","26","","678,882","0","0","-","0","0","0","0","0","0","0","0","0"
"*04mmf*","Myke Henry","(N/A)","SF","1067","FA","33","","678,882","0","0","-","0","0","0","0","0","0","0","0","0"
"*0665b*","Pierria Henry","(N/A)","PG,SG","1068","FA","33","","678,882","0","0","-","0","0","0","0","0","0","0","0","0"
"*02nfe*","John Henson","(N/A)","PF,C","1069","FA","35","","678,882","0","0","-","0","0","0","0","0","0","0","0","0"
"*051q3*","Dewan Hernandez","(N/A)","C","1070","FA","29","","678,882","0","0","-","0","0","0","0","0","0","0","0","0"
"*042nb*","Juancho Hernangomez","(N/A)","PF","1071","FA","30","","678,882","0","0","-","0","0","0","0","0","0","0","0","0"
"*03r7p*","Willy Hernangomez","(N/A)","C","1072","FA","32","","678,882","0","0","-","0","0","0","0","0","0","0","0","0"
"*04qsx*","Kevin Hervey","(N/A)","SF,PF","1073","FA","30","","678,882","0","0","-","0","0","0","0","0","0","0","0","0"
"*03r7d*","Mario Hezonja","CLE","SG,SF,PF","1074","FA","31","","678,882","0","0","-","0","0","0","0","0","0","0","0","0"
"*04jw1*","Isaiah Hicks","(N/A)","PF","1075","FA","32","","678,882","0","0","-","0","0","0","0","0","0","0","0","0"
"*04ylf*","Stephan Hicks","IND","SG","1076","FA","34","","678,882","0","0","-","0","0","0","0","0","0","0","0","0"
"*059fv*","Ahmed Hill","(N/A)","SG","1077","FA","30","","678,882","0","0","-","0","0","0","0","0","0","0","0","0"
"*05wmn*","Malcolm Hill","(N/A)","SF","1078","FA","30","","678,882","0","0","-","0","0","0","0","0","0","0","0","0"
"*031ma*","Solomon Hill","(N/A)","SG,SF","1079","FA","35","","678,882","0","0","-","0","0","0","0","0","0","0","0","0"
"*059ck*","Amir Hinton","(N/A)","PG","1080","FA","29","","678,882","0","0","-","0","0","0","0","0","0","0","0","0"
"*05qyw*","Nate Hinton","(N/A)","SG","1081","FA","27","","678,882","0","0","-","0","0","0","0","0","0","0","0","0"
"*0522u*","Jaylen Hoard","(N/A)","SF,PF","1082","FA","27","","678,882","0","0","-","0","0","0","0","0","0","0","0","0"
"*06cp1*","D'Moi Hodge","(N/A)","SG","1083","FA","27","","678,882","0","0","-","0","0","0","0","0","0","0","0","0"
"*03r7i*","Rondae Hollis-Jefferson","(N/A)","SF","1084","FA","31","","678,882","0","0","-","0","0","0","0","0","0","0","0","0"
"*058zc*","Aric Holman","(N/A)","PF,C","1085","FA","29","","678,882","0","0","-","0","0","0","0","0","0","0","0","0"
"*03trr*","Jonathan Holmes","(N/A)","PF","1086","FA","33","","678,882","0","0","-","0","0","0","0","0","0","0","0","0"
"*03r7r*","Richaun Holmes","(N/A)","PF,C","1087","FA","32","","678,882","0","0","-","0","0","0","0","0","0","0","0","0"
"*05qzk*","Caleb Homesley","(N/A)","SG","1088","FA","29","","678,882","0","0","-","0","0","0","0","0","0","0","0","0"
"*059q3*","Daulton Hommes","(N/A)","SF","1089","FA","30","","678,882","0","0","-","0","0","0","0","0","0","0","0","0"
"*027pk*","Tyler Honeycutt","(N/A)","SF","1090","FA","36","","678,882","0","0","-","0","0","0","0","0","0","0","0","0"
"*03apy*","Rodney Hood","(N/A)","SG","1091","FA","33","","678,882","0","0","-","0","0","0","0","0","0","0","0","0"
"*06cce*","Jalen Hood-Schifino","(N/A)","SG","1092","FA","23","","678,882","0","0","-","0","0","0","0","0","0","0","0","0"
"*076u0*","Bryce Hopkins","DEN","SF","1093","FA","23","","678,882","0","0","-","0","0","0","0","0","0","0","0","0"
"*03c6y*","Scotty Hopson","(N/A)","SG","1094","FA","36","","678,882","0","0","-","0","0","0","0","0","0","0","0","0"
"*06mof*","DJ Horne","(N/A)","PG","1095","FA","25","","678,882","0","0","-","0","0","0","0","0","0","0","0","0"
"*0666a*","Jeriah Horne","(N/A)","SF,PF","1096","FA","28","","678,882","0","0","-","0","0","0","0","0","0","0","0","0"
"*051pq*","Talen Horton-Tucker","(N/A)","SG","1097","FA","25","","678,882","0","0","-","0","0","0","0","0","0","0","0","0"
"*04849*","Danuel House","(N/A)","SF","1098","FA","33","","678,882","0","0","-","0","0","0","0","0","0","0","0","0"
"*05qui*","Markus Howard","(N/A)","SG","1099","FA","27","","678,882","0","0","-","0","0","0","0","0","0","0","0","0"
"*052lc*","William Howard","(N/A)","SF","1100","FA","32","","678,882","0","0","-","0","0","0","0","0","0","0","0","0"
"*038oh*","Richard Howell","(N/A)","PF","1101","FA","35","","678,882","0","0","-","0","0","0","0","0","0","0","0","0"
"*06236*","Trevor Hudgins","(N/A)","PG","1102","FA","27","","678,882","0","0","-","0","0","0","0","0","0","0","0","0"
"*03e6w*","Josh Huestis","(N/A)","SF","1103","FA","34","","678,882","0","0","-","0","0","0","0","0","0","0","0","0"
"*05qta*","Elijah Hughes","(N/A)","SG","1104","FA","28","","678,882","0","0","-","0","0","0","0","0","0","0","0","0"
"*04xlp*","Isaac Humphries","(N/A)","PF","1105","FA","28","","678,882","0","0","-","0","0","0","0","0","0","0","0","0"
"*05ux6*","Feron Hunt","(N/A)","SF","1106","FA","27","","678,882","0","0","-","0","0","0","0","0","0","0","0","0"
"*072ag*","Chase Hunter","(N/A)","SG","1107","FA","0","","678,882","0","0","-","0","0","0","0","0","0","0","0","0"
"*03nwp*","R.J. Hunter","(N/A)","SG","1108","FA","32","","678,882","0","0","-","0","0","0","0","0","0","0","0","0"
"*05uun*","Matthew Hurt","(N/A)","PF","1109","FA","26","","678,882","0","0","-","0","0","0","0","0","0","0","0","0"
"*04qrz*","Chandler Hutchison","(N/A)","SF,PF","1110","FA","30","","678,882","0","0","-","0","0","0","0","0","0","0","0","0"
"*005lo*","Serge Ibaka","(N/A)","PF,C","1111","FA","36","","678,882","0","0","-","0","0","0","0","0","0","0","0","0"
"*03e6x*","Damien Inglis","(N/A)","SF","1112","FA","31","","678,882","0","0","-","0","0","0","0","0","0","0","0","0"
"*04ll4*","Ike Iroegbu","(N/A)","SG","1113","FA","31","","678,882","0","0","-","0","0","0","0","0","0","0","0","0"
"*076uc*","Vsevolod Ishchenko","DAL","SG","1115","FA","21","","678,882","0","0","-","0","0","0","0","0","0","0","0","0"
"*04ewx*","Wes Iwundu","(N/A)","SG,SF","1116","FA","31","","678,882","0","0","-","0","0","0","0","0","0","0","0","0"
"*042o4*","Demetrius Jackson","(N/A)","PG","1117","FA","31","","678,882","0","0","-","0","0","0","0","0","0","0","0","0"
"*04ewv*","Frank Jackson","(N/A)","PG","1118","FA","28","","678,882","0","0","-","0","0","0","0","0","0","0","0","0"
"*03llx*","Josh Jackson","(N/A)","SF","1119","FA","29","","678,882","0","0","-","0","0","0","0","0","0","0","0","0"
"*04ewg*","Justin Jackson","(N/A)","SF","1120","FA","31","","678,882","0","0","-","0","0","0","0","0","0","0","0","0"
"*04qsk*","Justin Jackson","ORL","SF,PF","1121","FA","29","","678,882","0","0","-","0","0","0","0","0","0","0","0","0"
"*031ms*","Pierre Jackson","(N/A)","PG","1122","FA","34","","678,882","0","0","-","0","0","0","0","0","0","0","0","0"
"*027p9*","Reggie Jackson","(N/A)","PG","1123","FA","36","","678,882","0","0","-","0","0","0","0","0","0","0","0","0"
"*06moo*","Josiah-Jordan James","(N/A)","PG,SG","1124","FA","25","","678,882","0","0","-","0","0","0","0","0","0","0","0","0"
"*051pk*","Justin James","(N/A)","SG,SF","1125","FA","29","","678,882","0","0","-","0","0","0","0","0","0","0","0","0"
"*041f7*","Mike James","(N/A)","PG","1126","FA","35","","678,882","0","0","-","0","0","0","0","0","0","0","0","0"
"*0483j*","Stefan Jankovic","(N/A)","PF","1127","FA","33","","678,882","0","0","-","0","0","0","0","0","0","0","0","0"
"*04exl*","Ognen Jaramaz","NY","PG","1128","FA","30","","678,882","0","0","-","0","0","0","0","0","0","0","0","0"
"*031me*","Livio Jean-Charles","(N/A)","SF,PF","1129","FA","32","","678,882","0","0","-","0","0","0","0","0","0","0","0","0"
"*049s7*","Jonathan Jeanne","(N/A)","C","1130","FA","29","","678,882","0","0","-","0","0","0","0","0","0","0","0","0"
"*04l1w*","Amile Jefferson","(N/A)","PF","1131","FA","33","","678,882","0","0","-","0","0","0","0","0","0","0","0","0"
"*05xoc*","Damien Jefferson","(N/A)","SF,PF","1132","FA","28","","678,882","0","0","-","0","0","0","0","0","0","0","0","0"
"*076tj*","Joshua Jefferson","BKN","PF","1133","OBP","22","","678,882","0","0","-","0","0","0","0","0","0","0","0","0"
"*06375*","Drake Jeffries","(N/A)","PG,SG","1134","FA","27","","678,882","0","0","-","0","0","0","0","0","0","0","0","0"
"*02nfn*","John Jenkins","(N/A)","SG,SF","1135","FA","35","","678,882","0","0","-","0","0","0","0","0","0","0","0","0"
"*01enu*","Brandon Jennings","(N/A)","PG","1136","FA","36","","678,882","0","0","-","0","0","0","0","0","0","0","0","0"
"*05qu2*","Justinian Jessup","(N/A)","SG","1137","FA","28","","678,882","0","0","-","0","0","0","0","0","0","0","0","0"
"*0623j*","Theo John","(N/A)","PF","1138","FA","27","","678,882","0","0","-","0","0","0","0","0","0","0","0","0"
"*04qsq*","Alize Johnson","(N/A)","SF,PF","1139","FA","30","","678,882","0","0","-","0","0","0","0","0","0","0","0","0"
"*04w4k*","BJ Johnson","(N/A)","SF","1140","FA","30","","678,882","0","0","-","0","0","0","0","0","0","0","0","0"
"*042nk*","Brice Johnson","(N/A)","PF","1141","FA","32","","678,882","0","0","-","0","0","0","0","0","0","0","0","0"
"*03r81*","Dakari Johnson","(N/A)","C","1142","FA","30","","678,882","0","0","-","0","0","0","0","0","0","0","0","0"
"*05ujl*","David Johnson","(N/A)","PG,SG","1143","FA","25","","678,882","0","0","-","0","0","0","0","0","0","0","0","0"
"*067x0*","Jalen Johnson","(N/A)","SG","1144","FA","28","","678,882","0","0","-","0","0","0","0","0","0","0","0","0"
"*01en7*","James Johnson","(N/A)","PF","1145","FA","39","","678,882","0","0","-","0","0","0","0","0","0","0","0","0"
"*06hht*","Javan Johnson","(N/A)","SF,PF","1146","FA","27","","678,882","0","0","-","0","0","0","0","0","0","0","0","0"
"*04lbu*","Jaylen Johnson","(N/A)","SF","1147","FA","29","","678,882","0","0","-","0","0","0","0","0","0","0","0","0"
"*05uiv*","Keon Johnson","(N/A)","PG,SG","1148","FA","24","","678,882","0","0","-","0","0","0","0","0","0","0","0","0"
"*06cd7*","Keyontae Johnson","(N/A)","SF","1149","FA","26","","678,882","0","0","-","0","0","0","0","0","0","0","0","0"
"*03e76*","Nick Johnson","(N/A)","SG","1151","FA","33","","678,882","0","0","-","0","0","0","0","0","0","0","0","0"
"*03nwj*","Stanley Johnson","(N/A)","SF","1152","FA","30","","678,882","0","0","-","0","0","0","0","0","0","0","0","0"
"*03hz1*","Tyler Johnson","(N/A)","PG","1153","FA","34","","678,882","0","0","-","0","0","0","0","0","0","0","0","0"
"*02ngj*","Darius Johnson-Odom","(N/A)","SG","1154","FA","36","","678,882","0","0","-","0","0","0","0","0","0","0","0","0"
"*06hsk*","Jarkel Joiner","(N/A)","PG","1155","FA","27","","678,882","0","0","-","0","0","0","0","0","0","0","0","0"
"*04l1s*","Peter Jok","(N/A)","PG","1156","FA","32","","678,882","0","0","-","0","0","0","0","0","0","0","0","0"
"*05uj8*","Rokas Jokubaitis","(N/A)","PG,SG","1157","FA","25","","678,882","0","0","-","0","0","0","0","0","0","0","0","0"
"*05ux5*","Carlik Jones","(N/A)","PG","1158","FA","28","","678,882","0","0","-","0","0","0","0","0","0","0","0","0"
"*042nr*","Damian Jones","(N/A)","C","1159","FA","31","","678,882","0","0","-","0","0","0","0","0","0","0","0","0"
"*0484k*","Jalen Jones","(N/A)","SG,SF","1160","FA","33","","678,882","0","0","-","0","0","0","0","0","0","0","0","0"
"*04za3*","Jemerrio Jones","(N/A)","SG,SF","1161","FA","31","","678,882","0","0","-","0","0","0","0","0","0","0","0","0"
"*05uit*","Kai Jones","(N/A)","C","1162","FA","25","","678,882","0","0","-","0","0","0","0","0","0","0","0","0"
"*076ua*","Lajae Jones","GS","PG,SG","1163","FA","22","","678,882","0","0","-","0","0","0","0","0","0","0","0","0"
"*06mon*","Lance Jones","(N/A)","PG,SG","1164","FA","25","","678,882","0","0","-","0","0","0","0","0","0","0","0","0"
"*05qy1*","Mason Jones","(N/A)","SG","1165","FA","28","","678,882","0","0","-","0","0","0","0","0","0","0","0","0"
"*02nfs*","Perry Jones","(N/A)","SF,PF","1166","FA","34","","678,882","0","0","-","0","0","0","0","0","0","0","0","0"
"*02nfi*","Terrence Jones","HOU","SF,PF","1167","FA","34","","678,882","0","0","-","0","0","0","0","0","0","0","0","0"
"*06hik*","Tevian Jones","(N/A)","PG,SG","1168","FA","26","","678,882","0","0","-","0","0","0","0","0","0","0","0","0"
"*027pf*","Cory Joseph","(N/A)","PG","1169","FA","34","","678,882","0","0","-","0","0","0","0","0","0","0","0","0"
"*06hki*","Keshawn Justice","(N/A)","SF,PF","1170","FA","26","","678,882","0","0","-","0","0","0","0","0","0","0","0","0"
"*04exn*","Alpha Kaba","ATL","PF","1171","FA","29","","678,882","0","0","-","0","0","0","0","0","0","0","0","0"
"*051p7*","Mfiondu Kabengele","(N/A)","PF,C","1172","FA","28","","678,882","0","0","-","0","0","0","0","0","0","0","0","0"
"*0393u*","Myck Kabongo","(N/A)","PG","1173","FA","34","","678,882","0","0","-","0","0","0","0","0","0","0","0","0"
"*05ujy*","Georgios Kalaitzakis","(N/A)","SF","1174","FA","27","","678,882","0","0","-","0","0","0","0","0","0","0","0","0"
"*04414*","Nikola Kalinic","(N/A)","SF","1175","FA","34","","678,882","0","0","-","0","0","0","0","0","0","0","0","0"
"*06hrt*","Gabe Kalscheur","(N/A)","PG,SG","1176","FA","27","","678,882","0","0","-","0","0","0","0","0","0","0","0","0"
"*06z7t*","Arthur Kaluma","LAL","SF,PF","1177","FA","24","","678,882","0","0","-","0","0","0","0","0","0","0","0","0"
"*06229*","Ismael Kamagate","(N/A)","C","1178","FA","25","","678,882","0","0","-","0","0","0","0","0","0","0","0","0"
"*03nwo*","Frank Kaminsky","(N/A)","C","1179","FA","33","","678,882","0","0","-","0","0","0","0","0","0","0","0","0"
"*03hz2*","Michalis Kamperidis","(N/A)","SF","1180","FA","32","","678,882","0","0","-","0","0","0","0","0","0","0","0","0"
"*027p2*","Enes Kanter","(N/A)","C","1181","FA","34","","678,882","0","0","-","0","0","0","0","0","0","0","0","0"
"*076t5*","Alex Karaban","SAC","SF","1182","SAC","23","","2,948,280","0","0","-","0","0","0","0","0","0","0","0","0"
"*076ue*","Trey Kaufman-Renn","MIN","PF","1183","FA","23","","678,882","0","0","-","0","0","0","0","0","0","0","0","0"
"*076tr*","Jack Kayil","NY","PG","1184","DEN","0","","678,882","0","0","-","0","0","0","0","0","0","0","0","0"
"*06pst*","Kylor Kelley","(N/A)","C","1185","FA","28","","678,882","0","0","-","0","0","0","0","0","0","0","0","0"
"*02j7d*","D.J. Kennedy","(N/A)","SG,SF","1186","FA","36","","678,882","0","0","-","0","0","0","0","0","0","0","0","0"
"*05ycx*","Braxton Key","(N/A)","SF","1187","FA","29","","678,882","0","0","-","0","0","0","0","0","0","0","0","0"
"*074lu*","Tyreke Key","(N/A)","SG","1188","FA","27","","678,882","0","0","-","0","0","0","0","0","0","0","0","0"
"*052ld*","Stanton Kidd","(N/A)","PF","1189","FA","34","","678,882","0","0","-","0","0","0","0","0","0","0","0","0"
"*02nf2*","Michael Kidd-Gilchrist","(N/A)","SF","1190","FA","32","","678,882","0","0","-","0","0","0","0","0","0","0","0","0"
"*06376*","Sacha Killeya-Jones","(N/A)","SF,PF","1191","FA","27","","678,882","0","0","-","0","0","0","0","0","0","0","0","0"
"*03lg0*","Sean Kilpatrick","(N/A)","PG,SG","1192","FA","36","","678,882","0","0","-","0","0","0","0","0","0","0","0","0"
"*04qsz*","George King","(N/A)","SG,SF","1193","FA","32","","678,882","0","0","-","0","0","0","0","0","0","0","0","0"
"*059qc*","Louis King","(N/A)","SF","1194","FA","27","","678,882","0","0","-","0","0","0","0","0","0","0","0","0"
"*06ces*","Mojave King","(N/A)","SG","1195","FA","24","","678,882","0","0","-","0","0","0","0","0","0","0","0","0"
"*059cl*","V.J. King","(N/A)","SG","1196","FA","29","","678,882","0","0","-","0","0","0","0","0","0","0","0","0"
"*06hif*","Taevion Kinsey","(N/A)","PG,SG","1197","FA","26","","678,882","0","0","-","0","0","0","0","0","0","0","0","0"
"*0663u*","Noah Kirkwood","(N/A)","PG,SG","1198","FA","26","","678,882","0","0","-","0","0","0","0","0","0","0","0","0"
"*0665a*","Reggie Kissoonlal","(N/A)","SF,PF","1199","FA","30","","678,882","0","0","-","0","0","0","0","0","0","0","0","0"
"*027or*","Brandon Knight","(N/A)","PG,SG","1200","FA","34","","678,882","0","0","-","0","0","0","0","0","0","0","0","0"
"*05qts*","Nathan Knight","(N/A)","PF","1201","FA","28","","678,882","0","0","-","0","0","0","0","0","0","0","0","0"
"*049kh*","Kevin Knox","(N/A)","SF","1202","FA","26","","678,882","0","0","-","0","0","0","0","0","0","0","0","0"
"*04jw9*","Bronson Koenig","(N/A)","SG","1203","FA","31","","678,882","0","0","-","0","0","0","0","0","0","0","0","0"
"*059cb*","Sagaba Konate","(N/A)","SF","1204","FA","28","","678,882","0","0","-","0","0","0","0","0","0","0","0","0"
"*06q9l*","Miller Kopp","(N/A)","SF,PF","1205","FA","27","","678,882","0","0","-","0","0","0","0","0","0","0","0","0"
"*05ujv*","Balsa Koprivica","(N/A)","C","1206","FA","26","","678,882","0","0","-","0","0","0","0","0","0","0","0","0"
"*042nl*","Furkan Korkmaz","(N/A)","SG","1207","FA","29","","678,882","0","0","-","0","0","0","0","0","0","0","0","0"
"*059g1*","Christ Koumadje","(N/A)","C","1208","FA","30","","678,882","0","0","-","0","0","0","0","0","0","0","0","0"
"*059ik*","David Kramer","(N/A)","PG","1209","FA","29","","678,882","0","0","-","0","0","0","0","0","0","0","0","0"
"*06452*","Tommy Kuhse","(N/A)","PG,SG","1210","FA","28","","678,882","0","0","-","0","0","0","0","0","0","0","0","0"
"*04qsv*","Arnoldas Kulboka","(N/A)","SF","1211","FA","28","","678,882","0","0","-","0","0","0","0","0","0","0","0","0"
"*04qsh*","Rodions Kurucs","(N/A)","SF,PF","1212","FA","28","","678,882","0","0","-","0","0","0","0","0","0","0","0","0"
"*043pn*","Mindaugas Kuzminskas","(N/A)","SF,PF","1213","FA","36","","678,882","0","0","-","0","0","0","0","0","0","0","0","0"
"*03se2*","Michale Kyser","(N/A)","PF","1214","FA","34","","678,882","0","0","-","0","0","0","0","0","0","0","0","0"
"*059y6*","Trevor Lacey","(N/A)","PG","1215","FA","34","","678,882","0","0","-","0","0","0","0","0","0","0","0","0"
"*05qvg*","Anthony Lamb","(N/A)","SF","1216","FA","28","","678,882","0","0","-","0","0","0","0","0","0","0","0","0"
"*02nfc*","Jeremy Lamb","(N/A)","SG","1217","FA","34","","678,882","0","0","-","0","0","0","0","0","0","0","0","0"
"*051ou*","Romeo Langford","(N/A)","SG","1218","FA","26","","678,882","0","0","-","0","0","0","0","0","0","0","0","0"
"*049dw*","Nicolas Laprovittola","(N/A)","PG","1219","FA","36","","678,882","0","0","-","0","0","0","0","0","0","0","0","0"
"*031m5*","Shane Larkin","(N/A)","PG","1220","FA","33","","678,882","0","0","-","0","0","0","0","0","0","0","0","0"
"*04tm1*","Terry Larrier","(N/A)","PF","1221","FA","30","","678,882","0","0","-","0","0","0","0","0","0","0","0","0"
"*031n5*","Joffrey Lauvergne","(N/A)","PF,C","1222","FA","34","","678,882","0","0","-","0","0","0","0","0","0","0","0","0"
"*055sh*","Vic Law","(N/A)","PG,SF","1223","FA","30","","678,882","0","0","-","0","0","0","0","0","0","0","0","0"
"*076ub*","Tobi Lawal","DAL","PF","1224","FA","23","","678,883","0","0","-","0","0","0","0","0","0","0","0","0"
"*059q4*","Dedric Lawson","(N/A)","SF,PF","1225","FA","28","","678,882","0","0","-","0","0","0","0","0","0","0","0","0"
"*042o6*","Jake Layman","(N/A)","SF","1226","FA","32","","678,882","0","0","-","0","0","0","0","0","0","0","0","0"
"*04ewj*","T.J. Leaf","(N/A)","PF","1228","FA","29","","678,882","0","0","-","0","0","0","0","0","0","0","0","0"
"*0524h*","Jalen Lecque","(N/A)","PG,SG","1229","FA","26","","678,882","0","0","-","0","0","0","0","0","0","0","0","0"
"*06psp*","Jaedon LeDee","(N/A)","SF","1227","FA","27","","678,882","0","0","-","0","0","0","0","0","0","0","0","0"
"*0484l*","Damion Lee","(N/A)","SG","1230","FA","33","","678,882","0","0","-","0","0","0","0","0","0","0","0","0"
"*04uwn*","Marcus Lee","(N/A)","C","1231","FA","31","","678,882","0","0","-","0","0","0","0","0","0","0","0","0"
"*05qu4*","Saben Lee","(N/A)","PG","1232","FA","27","","678,882","0","0","-","0","0","0","0","0","0","0","0","0"
"*04mus*","Walt Lemon Jr.","(N/A)","SF","1233","FA","35","","678,882","0","0","-","0","0","0","0","0","0","0","0","0"
"*031ls*","Alex Len","(N/A)","C","1234","FA","33","","678,882","0","0","-","0","0","0","0","0","0","0","0","0"
"*02nfb*","Meyers Leonard","(N/A)","C","1236","FA","34","","678,882","0","0","-","0","0","0","0","0","0","0","0","0"
"*04exd*","Mathias Lessort","(N/A)","PF","1237","FA","30","","678,882","0","0","-","0","0","0","0","0","0","0","0","0"
"*0623f*","Justin Lewis","(N/A)","PF","1238","FA","24","","678,882","0","0","-","0","0","0","0","0","0","0","0","0"
"*05qtc*","Kira Lewis","(N/A)","PG","1239","FA","25","","678,882","0","0","-","0","0","0","0","0","0","0","0","0"
"*076ug*","Malique Lewis","MIL","PF","1240","FA","21","","678,882","0","0","-","0","0","0","0","0","0","0","0","0"
"*05wy5*","Matt Lewis","(N/A)","SG","1241","FA","27","","678,882","0","0","-","0","0","0","0","0","0","0","0","0"
"*06cdg*","Maxwell Lewis","(N/A)","SF","1242","FA","24","","678,882","0","0","-","0","0","0","0","0","0","0","0","0"
"*05uju*","Scottie Lewis","(N/A)","PG,SG","1243","FA","26","","678,882","0","0","-","0","0","0","0","0","0","0","0","0"
"*06h8i*","Scottie Lindsey","(N/A)","SG","1245","FA","30","","678,882","0","0","-","0","0","0","0","0","0","0","0","0"
"*051p5*","Nassir Little","(N/A)","PF","1246","FA","26","","678,882","0","0","-","0","0","0","0","0","0","0","0","0"
"*06235*","Kenneth Lofton","(N/A)","PF","1247","FA","23","","678,882","0","0","-","0","0","0","0","0","0","0","0","0"
"*04vy1*","Zach Lofton","(N/A)","SG","1248","FA","33","","678,882","0","0","-","0","0","0","0","0","0","0","0","0"
"*04846*","Shawn Long","(N/A)","PF,C","1249","FA","33","","678,882","0","0","-","0","0","0","0","0","0","0","0","0"
"*076t3*","Karim Lopez","MEM","SF","1250","SPG","19","","678,882","0","0","-","0","0","0","0","0","0","0","0","0"
"*051pf*","Didi Louzada","(N/A)","SG","1251","FA","27","","678,882","0","0","-","0","0","0","0","0","0","0","0","0"
"*04uq4*","Jordan Loyd","(N/A)","PG","1252","FA","33","","678,882","0","0","-","0","0","0","0","0","0","0","0","0"
"*06vxz*","RJ Luis","(N/A)","SG,SF","1253","FA","23","","678,882","0","0","-","0","0","0","0","0","0","0","0","0"
"*060me*","Iffe Lundberg","(N/A)","SG","1254","FA","31","","678,882","0","0","-","0","0","0","0","0","0","0","0","0"
"*06cd0*","Seth Lundy","(N/A)","SF","1255","FA","26","","678,882","0","0","-","0","0","0","0","0","0","0","0","0"
"*042nj*","Timothe Luwawu-Cabarrot","(N/A)","SF","1256","FA","31","","678,882","0","0","-","0","0","0","0","0","0","0","0","0"
"*04ewo*","Tyler Lydon","(N/A)","PF","1257","FA","30","","678,882","0","0","-","0","0","0","0","0","0","0","0","0"
"*03ad5*","Trey Lyles","MIN","PF","1258","FA","30","","3,876,529","0","0","-","0","0","0","0","0","0","0","0","0"
"*043cl*","Sheldon Mac","(N/A)","SG","1259","FA","33","","678,882","0","0","-","0","0","0","0","0","0","0","0","0"
"*02wcx*","Scott Machado","LAL","PG,SG","1260","FA","36","","678,882","0","0","-","0","0","0","0","0","0","0","0","0"
"*027pj*","Shelvin Mack","(N/A)","PG","1261","FA","36","","678,882","0","0","-","0","0","0","0","0","0","0","0","0"
"*04xgh*","Daryl Macon","(N/A)","PG","1262","FA","30","","678,882","0","0","-","0","0","0","0","0","0","0","0","0"
"*04xhr*","J.P. Macura","CLE","SG","1263","FA","31","","678,882","0","0","-","0","0","0","0","0","0","0","0","0"
"*05qt2*","Yam Madar","(N/A)","PG","1264","FA","25","","678,882","0","0","-","0","0","0","0","0","0","0","0","0"
"*0728o*","Gabe Madsen","(N/A)","PG,SG","1265","FA","25","","678,882","0","0","-","0","0","0","0","0","0","0","0","0"
"*03zl4*","Josh Magette","(N/A)","PG","1266","FA","36","","678,882","0","0","-","0","0","0","0","0","0","0","0","0"
"*05qz2*","Will Magnay","(N/A)","SF,PF,C","1267","FA","28","","678,882","0","0","-","0","0","0","0","0","0","0","0","0"
"*05xn9*","Denzel Mahoney","(N/A)","SG","1268","FA","28","","678,882","0","0","-","0","0","0","0","0","0","0","0","0"
"*063rs*","Makur Maker","(N/A)","C","1269","FA","25","","678,882","0","0","-","0","0","0","0","0","0","0","0","0"
"*059y7*","Matur Maker","(N/A)","C","1270","FA","28","","678,882","0","0","-","0","0","0","0","0","0","0","0","0"
"*03lgm*","Thon Maker","(N/A)","PF,C","1271","FA","29","","678,882","0","0","-","0","0","0","0","0","0","0","0","0"
"*06hqq*","Hunter Maldonado","(N/A)","SG","1272","FA","27","","678,882","0","0","-","0","0","0","0","0","0","0","0","0"
"*05qsr*","Theo Maledon","(N/A)","PG","1273","FA","25","","678,882","0","0","-","0","0","0","0","0","0","0","0","0"
"*05qy9*","Karim Mane","(N/A)","PG","1274","FA","26","","678,882","0","0","-","0","0","0","0","0","0","0","0","0"
"*06hpm*","Kyle Mangas","(N/A)","PG","1275","FA","27","","678,882","0","0","-","0","0","0","0","0","0","0","0","0"
"*05qu3*","Nico Mannion","(N/A)","PG","1276","FA","25","","678,882","0","0","-","0","0","0","0","0","0","0","0","0"
"*076su*","Aday Mara","OKC","C","1277","LBL","21","","5,791,680","0","0","-","0","0","0","0","0","0","0","0","0"
"*03e7j*","Devyn Marble","(N/A)","SG,SF","1278","FA","33","","678,882","0","0","-","0","0","0","0","0","0","0","0","0"
"*06z7s*","Augustas Marciulionis","(N/A)","PG,SG","1279","FA","24","","678,882","0","0","-","0","0","0","0","0","0","0","0","0"
"*051q4*","Vanja Marinkovic","(N/A)","SG,SF","1280","FA","29","","678,882","0","0","-","0","0","0","0","0","0","0","0","0"
"*06v8d*","Bogoljub Markovic","MIL","PF","1281","NOP","21","","1,357,763","0","0","-","0","0","0","0","0","0","0","0","0"
"*03trs*","Derrick Marks","(N/A)","SG","1282","FA","32","","678,882","0","0","-","0","0","0","0","0","0","0","0","0"
"*03r7j*","Jarell Martin","(N/A)","PF,C","1283","FA","32","","678,882","0","0","-","0","0","0","0","0","0","0","0","0"
"*06ceo*","Jaylen Martin","(N/A)","SF","1284","FA","22","","678,882","0","0","-","0","0","0","0","0","0","0","0","0"
"*052c4*","Jeremiah Martin","(N/A)","PG","1285","FA","30","","678,882","0","0","-","0","0","0","0","0","0","0","0","0"
"*057a2*","Kelan Martin","(N/A)","SF,PF","1286","FA","31","","678,882","0","0","-","0","0","0","0","0","0","0","0","0"
"*05qym*","Kenyon Martin","(N/A)","SF","1287","FA","25","","678,882","0","0","-","0","0","0","0","0","0","0","0","0"
"*076tw*","Nick Martinelli","LAC","SF,PF","1288","FA","22","","678,883","0","0","-","0","0","0","0","0","0","0","0","0"
"*0725c*","Mitch Mascari","(N/A)","PG,SG","1289","FA","25","","678,882","0","0","-","0","0","0","0","0","0","0","0","0"
"*04ewy*","Frank Mason","(N/A)","PG","1290","FA","32","","678,882","0","0","-","0","0","0","0","0","0","0","0","0"
"*06moe*","Yauhen Massalski","(N/A)","PF","1291","FA","27","","678,882","0","0","-","0","0","0","0","0","0","0","0","0"
"*059vz*","CJ Massinburg","(N/A)","PG","1292","FA","29","","678,882","0","0","-","0","0","0","0","0","0","0","0","0"
"*04xgl*","Yante Maten","(N/A)","SF","1293","FA","29","","678,882","0","0","-","0","0","0","0","0","0","0","0","0"
"*04jw2*","Mangok Mathiang","(N/A)","PF,C","1294","FA","33","","678,882","0","0","-","0","0","0","0","0","0","0","0","0"
"*055c5*","Dakota Mathias","(N/A)","SG","1295","FA","31","","678,882","0","0","-","0","0","0","0","0","0","0","0","0"
"*06yb4*","Cameron Matthews","(N/A)","SF,PF","1296","FA","24","","678,882","0","0","-","0","0","0","0","0","0","0","0","0"
"*05qyo*","Charles Matthews","(N/A)","PG,SG","1297","FA","29","","678,882","0","0","-","0","0","0","0","0","0","0","0","0"
"*055c6*","Luke Maye","(N/A)","PF","1298","FA","29","","678,882","0","0","-","0","0","0","0","0","0","0","0","0"
"*06he0*","Matthew Mayer","(N/A)","PF","1299","FA","26","","678,882","0","0","-","0","0","0","0","0","0","0","0","0"
"*05qtu*","Skylar Mays","(N/A)","SG","1300","FA","28","","678,882","0","0","-","0","0","0","0","0","0","0","0","0"
"*03jvs*","James Michael McAdoo","(N/A)","PF","1301","FA","33","","678,882","0","0","-","0","0","0","0","0","0","0","0","0"
"*04ll1*","Tahjere McCall","(N/A)","SG","1302","FA","31","","678,882","0","0","-","0","0","0","0","0","0","0","0","0"
"*042ny*","Patrick McCaw","(N/A)","SG,SF","1303","FA","30","","678,882","0","0","-","0","0","0","0","0","0","0","0","0"
"*06hrm*","Caleb McConnell","(N/A)","SG","1304","FA","27","","678,882","0","0","-","0","0","0","0","0","0","0","0","0"
"*04uq7*","Brandon McCoy","(N/A)","C","1305","FA","28","","678,882","0","0","-","0","0","0","0","0","0","0","0","0"
"*06304*","Javante McCoy","(N/A)","PG,SG","1306","FA","28","","678,882","0","0","-","0","0","0","0","0","0","0","0","0"
"*04lci*","Erik McCree","(N/A)","SF","1307","FA","32","","678,882","0","0","-","0","0","0","0","0","0","0","0","0"
"*03ad6*","Chris McCullough","(N/A)","PF","1308","FA","31","","678,882","0","0","-","0","0","0","0","0","0","0","0","0"
"*051pw*","Jalen McDaniels","(N/A)","SF","1309","FA","28","","678,882","0","0","-","0","0","0","0","0","0","0","0","0"
"*03e6y*","K.J. McDaniels","(N/A)","SF","1310","FA","33","","678,882","0","0","-","0","0","0","0","0","0","0","0","0"
"*05qte*","Sean McDermott","(N/A)","SF","1311","FA","29","","678,882","0","0","-","0","0","0","0","0","0","0","0","0"
"*059fy*","William McDowell-White","(N/A)","SG","1312","FA","28","","678,882","0","0","-","0","0","0","0","0","0","0","0","0"
"*03e6p*","Mitch McGary","(N/A)","PF,C","1313","FA","34","","678,882","0","0","-","0","0","0","0","0","0","0","0","0"
"*06fpq*","Darius McGhee","(N/A)","PG","1314","FA","27","","678,882","0","0","-","0","0","0","0","0","0","0","0","0"
"*06prn*","Gabe McGlothan","(N/A)","SF,PF","1315","FA","27","","678,882","0","0","-","0","0","0","0","0","0","0","0","0"
"*05xnj*","Cameron McGriff","(N/A)","SF","1316","FA","28","","678,882","0","0","-","0","0","0","0","0","0","0","0","0"
"*0392f*","Rodney McGruder","(N/A)","SG","1317","FA","35","","678,882","0","0","-","0","0","0","0","0","0","0","0","0"
"*04jwc*","Alfonzo McKinnie","(N/A)","SF","1318","FA","33","","678,882","0","0","-","0","0","0","0","0","0","0","0","0"
"*05wc6*","JaQuori McLaughlin","(N/A)","PG","1319","FA","28","","678,882","0","0","-","0","0","0","0","0","0","0","0","0"
"*031lu*","Ben McLemore","(N/A)","SG","1320","FA","33","","678,882","0","0","-","0","0","0","0","0","0","0","0","0"
"*06mom*","Jamuni McNeace","(N/A)","C","1321","FA","30","","678,882","0","0","-","0","0","0","0","0","0","0","0","0"
"*03e7m*","Jordan McRae","(N/A)","PG,SG","1322","FA","35","","678,882","0","0","-","0","0","0","0","0","0","0","0","0"
"*06muu*","Jack McVeigh","(N/A)","PF","1323","FA","30","","678,882","0","0","-","0","0","0","0","0","0","0","0","0"
"*04gwa*","Kennedy Meeks","(N/A)","C","1324","FA","31","","678,882","0","0","-","0","0","0","0","0","0","0","0","0"
"*055bw*","Nicolo Melli","(N/A)","PF","1325","FA","35","","678,882","0","0","-","0","0","0","0","0","0","0","0","0"
"*02nfm*","Fab Melo","(N/A)","C","1326","FA","36","","678,882","0","0","-","0","0","0","0","0","0","0","0","0"
"*06hdz*","Nathan Mensah","(N/A)","SF,PF,C","1327","FA","28","","678,882","0","0","-","0","0","0","0","0","0","0","0","0"
"*04qsp*","Chimezie Metu","(N/A)","C","1328","FA","29","","678,882","0","0","-","0","0","0","0","0","0","0","0","0"
"*042nz*","David Michineau","LAC","PG","1329","FA","32","","678,882","0","0","-","0","0","0","0","0","0","0","0","0"
"*03e7f*","Vasilije Micic","(N/A)","PG,SF","1330","FA","32","","678,882","0","0","-","0","0","0","0","0","0","0","0","0"
"*03r7n*","Jordan Mickey","(N/A)","PF,C","1331","FA","32","","678,882","0","0","-","0","0","0","0","0","0","0","0","0"
"*059cg*","Eric Mika","(N/A)","C","1332","FA","31","","678,882","0","0","-","0","0","0","0","0","0","0","0","0"
"*059g2*","Isaiah Miles","(N/A)","SF","1333","FA","32","","678,882","0","0","-","0","0","0","0","0","0","0","0","0"
"*06ceh*","Mike Miles","(N/A)","PG","1334","FA","23","","678,882","0","0","-","0","0","0","0","0","0","0","0","0"
"*0723h*","Igor Milicic","(N/A)","SF,PF","1335","FA","23","","678,882","0","0","-","0","0","0","0","0","0","0","0","0"
"*076ty*","Baba Miller","LAC","SF","1336","GSW","22","","678,882","0","0","-","0","0","0","0","0","0","0","0","0"
"*02nga*","Darius Miller","(N/A)","SG,SF","1337","FA","36","","678,882","0","0","-","0","0","0","0","0","0","0","0","0"
"*05wy4*","Isaiah Miller","(N/A)","SG","1338","FA","27","","678,882","0","0","-","0","0","0","0","0","0","0","0","0"
"*03woz*","Malcolm Miller","(N/A)","SG,SF,PF","1339","FA","33","","678,882","0","0","-","0","0","0","0","0","0","0","0","0"
"*06mol*","Seth Millner","(N/A)","SF","1340","FA","26","","678,882","0","0","-","0","0","0","0","0","0","0","0","0"
"*01eog*","Patty Mills","(N/A)","PG","1341","FA","37","","678,882","0","0","-","0","0","0","0","0","0","0","0","0"
"*04qsu*","Shake Milton","(N/A)","SG","1342","FA","29","","678,882","0","0","-","0","0","0","0","0","0","0","0","0"
"*03r7k*","Nikola Milutinov","(N/A)","C","1343","FA","31","","678,882","0","0","-","0","0","0","0","0","0","0","0","0"
"*06avs*","Justin Minaya","(N/A)","SF","1344","FA","27","","678,882","0","0","-","0","0","0","0","0","0","0","0","0"
"*064to*","Davion Mintz","(N/A)","PG,SG","1345","FA","28","","678,882","0","0","-","0","0","0","0","0","0","0","0","0"
"*06mou*","Judah Mintz","(N/A)","PG,SG","1346","FA","23","","678,882","0","0","-","0","0","0","0","0","0","0","0","0"
"*027p8*","Nikola Mirotic","(N/A)","SF,PF","1347","FA","35","","678,882","0","0","-","0","0","0","0","0","0","0","0","0"
"*076u2*","Dillon Mitchell","BOS","SF","1348","FA","22","","678,882","0","0","-","0","0","0","0","0","0","0","0","0"
"*06qf7*","Trhae Mitchell","(N/A)","PG,SG","1349","FA","28","","678,882","0","0","-","0","0","0","0","0","0","0","0","0"
"*04l17*","Naz Mitrou-Long","(N/A)","PG,SG","1350","FA","33","","678,882","0","0","-","0","0","0","0","0","0","0","0","0"
"*0622c*","Isaiah Mobley","(N/A)","PF","1351","FA","26","","678,882","0","0","-","0","0","0","0","0","0","0","0","0"
"*06667*","Aminu Mohammed","(N/A)","PG,SG","1352","FA","24","","678,882","0","0","-","0","0","0","0","0","0","0","0","0"
"*0524i*","Adam Mokoka","(N/A)","SG","1353","FA","28","","678,882","0","0","-","0","0","0","0","0","0","0","0","0"
"*0623i*","Iverson Molinar","(N/A)","PG","1354","FA","26","","678,882","0","0","-","0","0","0","0","0","0","0","0","0"
"*062xs*","Chima Moneke","(N/A)","SF,PF","1355","FA","30","","678,882","0","0","-","0","0","0","0","0","0","0","0","0"
"*01uyg*","Greg Monroe","(N/A)","C","1356","FA","36","","678,882","0","0","-","0","0","0","0","0","0","0","0","0"
"*03rxk*","Luis Montero","(N/A)","SF","1357","FA","33","","678,882","0","0","-","0","0","0","0","0","0","0","0","0"
"*05qz8*","EJ Montgomery","(N/A)","SF,PF","1358","FA","26","","678,882","0","0","-","0","0","0","0","0","0","0","0","0"
"*05ya2*","Xavier Moon","(N/A)","SG","1359","FA","31","","678,882","0","0","-","0","0","0","0","0","0","0","0","0"
"*0590n*","Matt Mooney","(N/A)","PG,SG","1360","FA","29","","678,882","0","0","-","0","0","0","0","0","0","0","0","0"
"*04j1u*","Ben Moore","(N/A)","SF","1361","FA","31","","678,882","0","0","-","0","0","0","0","0","0","0","0","0"
"*04vxx*","Doral Moore","(N/A)","C","1362","FA","29","","678,882","0","0","-","0","0","0","0","0","0","0","0","0"
"*0729i*","Isaih Moore","(N/A)","SF,PF","1363","FA","25","","678,882","0","0","-","0","0","0","0","0","0","0","0","0"
"*06cej*","Omari Moore","(N/A)","SG,SF","1364","FA","25","","678,882","0","0","-","0","0","0","0","0","0","0","0","0"
"*06ho4*","Taze Moore","(N/A)","SG","1365","FA","28","","678,882","0","0","-","0","0","0","0","0","0","0","0","0"
"*03gyn*","Eric Moreland","(N/A)","PF","1366","FA","34","","678,882","0","0","-","0","0","0","0","0","0","0","0","0"
"*04jw7*","Jeremy Morgan","(N/A)","SG","1367","FA","31","","678,882","0","0","-","0","0","0","0","0","0","0","0","0"
"*058a2*","Juwan Morgan","(N/A)","PF","1368","FA","29","","678,882","0","0","-","0","0","0","0","0","0","0","0","0"
"*06mns*","Matt Morgan","(N/A)","PG,SG","1369","FA","28","","678,882","0","0","-","0","0","0","0","0","0","0","0","0"
"*027pq*","Darius Morris","(N/A)","PG,SG","1370","FA","35","","678,882","0","0","-","0","0","0","0","0","0","0","0","0"
"*04mx3*","Jaylen Morris","(N/A)","SG","1371","FA","30","","678,882","0","0","-","0","0","0","0","0","0","0","0","0"
"*027oy*","Marcus Morris","(N/A)","PF","1372","FA","36","","678,882","0","0","-","0","0","0","0","0","0","0","0","0"
"*027ox*","Markieff Morris","(N/A)","PF","1373","FA","36","","678,882","0","0","-","0","0","0","0","0","0","0","0","0"
"*0663x*","Darryl Morsell","(N/A)","PG,SG","1374","FA","27","","678,882","0","0","-","0","0","0","0","0","0","0","0","0"
"*027p5*","Donatas Motiejunas","(N/A)","PF,C","1375","FA","35","","678,882","0","0","-","0","0","0","0","0","0","0","0","0"
"*04fj7*","Johnathan Motley","(N/A)","SF,PF","1376","FA","31","","678,882","0","0","-","0","0","0","0","0","0","0","0","0"
"*05r1s*","Trey Mourning","(N/A)","PF","1377","FA","30","","678,882","0","0","-","0","0","0","0","0","0","0","0","0"
"*03acz*","Emmanuel Mudiay","(N/A)","PG","1378","FA","30","","678,882","0","0","-","0","0","0","0","0","0","0","0","0"
"*031m1*","Shabazz Muhammad","(N/A)","SG,SF","1379","FA","33","","678,882","0","0","-","0","0","0","0","0","0","0","0","0"
"*059ft*","Mychal Mulder","(N/A)","PG","1380","FA","32","","678,882","0","0","-","0","0","0","0","0","0","0","0","0"
"*05qz5*","Ade Murkey","(N/A)","PG,SG","1381","FA","28","","678,882","0","0","-","0","0","0","0","0","0","0","0","0"
"*06moc*","Grayson Murphy","(N/A)","PG,SG","1382","FA","27","","678,882","0","0","-","0","0","0","0","0","0","0","0","0"
"*059cx*","Jordan Murphy","(N/A)","SG","1383","FA","29","","678,882","0","0","-","0","0","0","0","0","0","0","0","0"
"*0723j*","Matthew Murrell","(N/A)","PG,SG","1384","FA","24","","678,882","0","0","-","0","0","0","0","0","0","0","0","0"
"*04qs6*","Dzanan Musa","(N/A)","SF","1385","FA","27","","678,882","0","0","-","0","0","0","0","0","0","0","0","0"
"*042oh*","Abdel Nader","(N/A)","SF,PF","1387","FA","32","","678,882","0","0","-","0","0","0","0","0","0","0","0","0"
"*06vy0*","Eli John Ndiaye","(N/A)","PF","1388","FA","22","","678,882","0","0","-","0","0","0","0","0","0","0","0","0"
"*049ra*","Mamadou N'Diaye","(N/A)","C","1386","FA","32","","678,882","0","0","-","0","0","0","0","0","0","0","0","0"
"*076u9*","Izaiyah Nelson","ORL","PF","1389","FA","22","","678,883","0","0","-","0","0","0","0","0","0","0","0","0"
"*06moh*","Jameer Nelson","(N/A)","PG,SG","1390","FA","24","","678,882","0","0","-","0","0","0","0","0","0","0","0","0"
"*05wqk*","RJ Nembhard","(N/A)","SG","1391","FA","27","","678,882","0","0","-","0","0","0","0","0","0","0","0","0"
"*031mx*","Raul Neto","(N/A)","PG","1392","FA","34","","678,882","0","0","-","0","0","0","0","0","0","0","0","0"
"*03llw*","Malik Newman","(N/A)","PG,SG","1393","FA","29","","678,882","0","0","-","0","0","0","0","0","0","0","0","0"
"*076tx*","Narcisse Ngoy","LAC","C","1394","FA","22","","678,882","0","0","-","0","0","0","0","0","0","0","0","0"
"*042o9*","Georges Niang","(N/A)","PF","1395","FA","33","","678,882","0","0","-","0","0","0","0","0","0","0","0","0"
"*06va2*","Saliou Niang","(N/A)","SF,PF","1396","FA","22","","678,882","0","0","-","0","0","0","0","0","0","0","0","0"
"*06moy*","Joirdon Nicholas","(N/A)","SF,PF","1397","FA","27","","678,882","0","0","-","0","0","0","0","0","0","0","0","0"
"*076ts*","Tyler Nickel","NY","SF,PF","1398","FA","22","","678,882","0","0","-","0","0","0","0","0","0","0","0","0"
"*05vyx*","Daishen Nix","(N/A)","PG","1399","FA","24","","678,882","0","0","-","0","0","0","0","0","0","0","0","0"
"*06cbj*","James Nnaji","(N/A)","C","1400","FA","21","","678,882","0","0","-","0","0","0","0","0","0","0","0","0"
"*04lbv*","Landry Nnoko","(N/A)","C","1401","FA","32","","678,882","0","0","-","0","0","0","0","0","0","0","0","0"
"*031lt*","Nerlens Noel","(N/A)","C","1402","FA","32","","678,882","0","0","-","0","0","0","0","0","0","0","0","0"
"*06eoe*","Obadiah Noel","(N/A)","SG","1403","FA","27","","678,882","0","0","-","0","0","0","0","0","0","0","0","0"
"*031m3*","Lucas Nogueira","(N/A)","PF,C","1404","FA","34","","678,882","0","0","-","0","0","0","0","0","0","0","0","0"
"*06hhm*","Landers Nolley","(N/A)","SG","1405","FA","26","","678,882","0","0","-","0","0","0","0","0","0","0","0","0"
"*06cp3*","Miles Norris","(N/A)","PF","1406","FA","26","","678,882","0","0","-","0","0","0","0","0","0","0","0","0"
"*0522v*","Zach Norvell","(N/A)","SG","1407","FA","28","","678,882","0","0","-","0","0","0","0","0","0","0","0","0"
"*051pn*","Jaylen Nowell","(N/A)","SG","1408","FA","27","","678,882","0","0","-","0","0","0","0","0","0","0","0","0"
"*06cer*","Markquis Nowell","(N/A)","PG,SG","1409","FA","26","","678,882","0","0","-","0","0","0","0","0","0","0","0","0"
"*04416*","Frank Ntilikina","(N/A)","PG","1410","FA","28","","678,882","0","0","-","0","0","0","0","0","0","0","0","0"
"*06mli*","Juan Nunez","(N/A)","PG,SG","1411","FA","22","","678,882","0","0","-","0","0","0","0","0","0","0","0","0"
"*04xgj*","Kendrick Nunn","(N/A)","PG","1412","FA","31","","678,882","0","0","-","0","0","0","0","0","0","0","0","0"
"*0393n*","James Nunnally","(N/A)","SF","1413","FA","36","","678,882","0","0","-","0","0","0","0","0","0","0","0","0"
"*04aqo*","David Nwaba","(N/A)","SF","1414","FA","33","","678,882","0","0","-","0","0","0","0","0","0","0","0","0"
"*05qt6*","Jordan Nwora","(N/A)","SF","1415","FA","27","","678,882","0","0","-","0","0","0","0","0","0","0","0","0"
"*0622h*","Yannick Nzosa","(N/A)","C","1416","FA","22","","678,882","0","0","-","0","0","0","0","0","0","0","0","0"
"*03siq*","JJ O'Brien","(N/A)","SF","1417","FA","34","","678,882","0","0","-","0","0","0","0","0","0","0","0","0"
"*03e72*","Johnny O'Bryant III","(N/A)","PF","1418","FA","33","","678,882","0","0","-","0","0","0","0","0","0","0","0","0"
"*0484a*","Daniel Ochefu","(N/A)","C","1422","FA","32","","678,882","0","0","-","0","0","0","0","0","0","0","0","0"
"*06669*","Alex O'Connell","(N/A)","PG,SG","1419","FA","27","","678,882","0","0","-","0","0","0","0","0","0","0","0","0"
"*059il*","Norense Odiase","(N/A)","C","1423","FA","30","","678,882","0","0","-","0","0","0","0","0","0","0","0","0"
"*04ex0*","Semi Ojeleye","(N/A)","SF,PF","1424","FA","31","","678,882","0","0","-","0","0","0","0","0","0","0","0","0"
"*03ad1*","Jahlil Okafor","(N/A)","C","1425","FA","30","","678,882","0","0","-","0","0","0","0","0","0","0","0","0"
"*051ow*","Chuma Okeke","(N/A)","PF","1426","FA","27","","678,882","0","0","-","0","0","0","0","0","0","0","0","0"
"*076uh*","AK Okereke","LAL","SF,PF","1427","FA","0","","678,883","0","0","-","0","0","0","0","0","0","0","0","0"
"*04qs8*","Elie Okobo","(N/A)","PG","1428","FA","28","","678,882","0","0","-","0","0","0","0","0","0","0","0","0"
"*076t4*","Ebuka Okorie","DET","PG","1429","SPG","19","","4,481,280","0","0","-","0","0","0","0","0","0","0","0","0"
"*051pc*","KZ Okpala","(N/A)","PF","1430","FA","27","","678,882","0","0","-","0","0","0","0","0","0","0","0","0"
"*076tu*","Felix Okpara","WAS","C","1431","FA","22","","678,883","0","0","-","0","0","0","0","0","0","0","0","0"
"*031lp*","Victor Oladipo","(N/A)","SG","1432","FA","34","","678,882","0","0","-","0","0","0","0","0","0","0","0","0"
"*06mob*","Quincy Olivari","(N/A)","PG","1433","FA","25","","678,882","0","0","-","0","0","0","0","0","0","0","0","0"
"*04fj9*","Cameron Oliver","(N/A)","SF,PF","1434","FA","30","","678,882","0","0","-","0","0","0","0","0","0","0","0","0"
"*05uuo*","Eugene Omoruyi","(N/A)","SF","1435","FA","29","","678,882","0","0","-","0","0","0","0","0","0","0","0","0"
"*04xic*","Nuni Omot","(N/A)","SF","1436","FA","31","","678,882","0","0","-","0","0","0","0","0","0","0","0","0"
"*06239*","Shareef O'Neal","(N/A)","PF","1420","FA","26","","678,882","0","0","-","0","0","0","0","0","0","0","0","0"
"*06hie*","Nick Ongenda","(N/A)","C","1437","FA","25","","678,882","0","0","-","0","0","0","0","0","0","0","0","0"
"*051q2*","Miye Oni","(N/A)","SG","1438","FA","29","","678,882","0","0","-","0","0","0","0","0","0","0","0","0"
"*05ux2*","EJ Onu","(N/A)","PF","1439","FA","27","","678,882","0","0","-","0","0","0","0","0","0","0","0","0"
"*042nx*","Chinanu Onuaku","(N/A)","PF,C","1440","FA","29","","678,882","0","0","-","0","0","0","0","0","0","0","0","0"
"*076tt*","Ugonna Onyenso","DET","C","1441","NOP","21","","678,883","0","0","-","0","0","0","0","0","0","0","0","0"
"*02ngd*","Kyle O'Quinn","(N/A)","PF,C","1421","FA","36","","678,882","0","0","-","0","0","0","0","0","0","0","0","0"
"*06prm*","Gabe Osabuohien","(N/A)","SF,PF","1442","FA","27","","678,882","0","0","-","0","0","0","0","0","0","0","0","0"
"*031n1*","Romero Osby","(N/A)","SF,PF","1443","FA","36","","678,882","0","0","-","0","0","0","0","0","0","0","0","0"
"*03r7m*","Cedi Osman","(N/A)","SF","1444","FA","31","","678,882","0","0","-","0","0","0","0","0","0","0","0","0"
"*05que*","Daniel Oturu","(N/A)","C","1445","FA","26","","678,882","0","0","-","0","0","0","0","0","0","0","0","0"
"*04hon*","Yakuba Ouattara","(N/A)","SG","1446","FA","34","","678,882","0","0","-","0","0","0","0","0","0","0","0","0"
"*076u7*","Otega Oweh","OKC","SG","1447","FA","23","","678,883","0","0","-","0","0","0","0","0","0","0","0","0"
"*059im*","Tariq Owens","(N/A)","PF","1448","FA","31","","678,882","0","0","-","0","0","0","0","0","0","0","0","0"
"*05ybc*","Jaysean Paige","(N/A)","PG","1449","FA","32","","678,882","0","0","-","0","0","0","0","0","0","0","0","0"
"*042oe*","Marcus Paige","(N/A)","PG","1450","FA","32","","678,882","0","0","-","0","0","0","0","0","0","0","0","0"
"*059qa*","James Palmer Jr.","(N/A)","SG","1451","FA","30","","678,882","0","0","-","0","0","0","0","0","0","0","0","0"
"*05yaa*","Trayvon Palmer","(N/A)","SG","1452","FA","31","","678,882","0","0","-","0","0","0","0","0","0","0","0","0"
"*05wn0*","Kevin Pangos","(N/A)","SG","1453","FA","33","","678,882","0","0","-","0","0","0","0","0","0","0","0","0"
"*042n9*","Georgios Papagiannis","(N/A)","C","1454","FA","29","","678,882","0","0","-","0","0","0","0","0","0","0","0","0"
"*02ngc*","Kostas Papanikolaou","(N/A)","SF,PF","1455","FA","36","","678,882","0","0","-","0","0","0","0","0","0","0","0","0"
"*02v2t*","Jabari Parker","(N/A)","SF,PF","1456","FA","31","","678,882","0","0","-","0","0","0","0","0","0","0","0","0"
"*03zl2*","Bobby Ray Parks Jr.","(N/A)","SG","1457","FA","33","","678,882","0","0","-","0","0","0","0","0","0","0","0","0"
"*051pl*","Eric Paschall","(N/A)","PF","1458","FA","29","","678,882","0","0","-","0","0","0","0","0","0","0","0","0"
"*04ewp*","Anzejs Pasecniks","(N/A)","C","1459","FA","30","","678,882","0","0","-","0","0","0","0","0","0","0","0","0"
"*05qzb*","Devonte Patterson","(N/A)","SF","1460","FA","29","","678,882","0","0","-","0","0","0","0","0","0","0","0","0"
"*04ewh*","Justin Patton","(N/A)","C","1461","FA","29","","678,882","0","0","-","0","0","0","0","0","0","0","0","0"
"*03e6m*","Elfrid Payton","(N/A)","PG","1462","FA","32","","678,882","0","0","-","0","0","0","0","0","0","0","0","0"
"*04l1u*","L.J. Peak","(N/A)","SG","1463","FA","30","","678,882","0","0","-","0","0","0","0","0","0","0","0","0"
"*076tg*","Koa Peat","PHO","PF","1464","ATL","19","","2,926,800","0","0","-","0","0","0","0","0","0","0","0","0"
"*04vyd*","Norvel Pelle","(N/A)","C","1465","FA","33","","678,882","0","0","-","0","0","0","0","0","0","0","0","0"
"*06mnq*","Drew Pember","(N/A)","SF,PF","1466","FA","22","","678,882","0","0","-","0","0","0","0","0","0","0","0","0"
"*06kxd*","Maozinha Pereira","(N/A)","SF","1467","FA","25","","678,882","0","0","-","0","0","0","0","0","0","0","0","0"
"*059fw*","Josh Perkins","(N/A)","PG","1468","FA","30","","678,882","0","0","-","0","0","0","0","0","0","0","0","0"
"*04k4q*","London Perrantes","(N/A)","PG","1469","FA","31","","678,882","0","0","-","0","0","0","0","0","0","0","0","0"
"*05qsz*","Reggie Perry","(N/A)","PF","1470","FA","26","","678,882","0","0","-","0","0","0","0","0","0","0","0","0"
"*04exh*","Alec Peters","(N/A)","PF","1471","FA","31","","678,882","0","0","-","0","0","0","0","0","0","0","0","0"
"*059cm*","Lamar Peters","(N/A)","PG","1472","FA","28","","678,882","0","0","-","0","0","0","0","0","0","0","0","0"
"*05ujo*","Filip Petrusev","(N/A)","PF,C","1474","FA","26","","678,882","0","0","-","0","0","0","0","0","0","0","0","0"
"*05xog*","John Petty","(N/A)","SG","1475","FA","27","","678,882","0","0","-","0","0","0","0","0","0","0","0","0"
"*04zi8*","Tarik Phillip","(N/A)","PG","1476","FA","32","","678,882","0","0","-","0","0","0","0","0","0","0","0","0"
"*076sw*","Labaron Philon","PHI","PG","1477","IND","20","","3,597,120","0","0","-","0","0","0","0","0","0","0","0","0"
"*05wvv*","Jamorko Pickett","(N/A)","SF","1478","FA","28","","678,882","0","0","-","0","0","0","0","0","0","0","0","0"
"*076u5*","Jaron Pierre","NO","SG","1479","FA","24","","678,882","0","0","-","0","0","0","0","0","0","0","0","0"
"*07235*","Jonathan Pierre","(N/A)","SF,PF","1480","FA","23","","678,882","0","0","-","0","0","0","0","0","0","0","0","0"
"*0665c*","Nate Pierre-Louis","(N/A)","SF,PF","1481","FA","27","","678,882","0","0","-","0","0","0","0","0","0","0","0","0"
"*055ol*","Isaiah Pineiro","(N/A)","SG","1482","FA","31","","678,882","0","0","-","0","0","0","0","0","0","0","0","0"
"*04uq6*","Theo Pinson","(N/A)","SG","1483","FA","30","","678,882","0","0","-","0","0","0","0","0","0","0","0","0"
"*059vm*","Kavion Pippen","(N/A)","C","1484","FA","29","","678,882","0","0","-","0","0","0","0","0","0","0","0","0"
"*043i5*","Marshall Plumlee","(N/A)","C","1485","FA","34","","678,882","0","0","-","0","0","0","0","0","0","0","0","0"
"*03r86*","Sir'Dominic Pointer","(N/A)","SF","1486","FA","34","","678,882","0","0","-","0","0","0","0","0","0","0","0","0"
"*052h2*","Vincent Poirier","(N/A)","C","1487","FA","32","","678,882","0","0","-","0","0","0","0","0","0","0","0","0"
"*05qud*","Aleksej Pokusevski","(N/A)","PF","1488","FA","24","","678,882","0","0","-","0","0","0","0","0","0","0","0","0"
"*06psv*","Tyler Polley","(N/A)","SF","1489","FA","27","","678,882","0","0","-","0","0","0","0","0","0","0","0","0"
"*059fz*","Shamorie Ponds","(N/A)","PG","1490","FA","28","","678,882","0","0","-","0","0","0","0","0","0","0","0","0"
"*05uum*","Yves Pons","(N/A)","SF","1491","FA","27","","678,882","0","0","-","0","0","0","0","0","0","0","0","0"
"*03nws*","Malik Pope","(N/A)","SF","1492","FA","30","","678,882","0","0","-","0","0","0","0","0","0","0","0","0"
"*05gwp*","Jontay Porter","(N/A)","PF,C","1493","FA","26","","678,882","0","0","-","0","0","0","0","0","0","0","0","0"
"*031lq*","Otto Porter","(N/A)","SF","1494","FA","33","","678,882","0","0","-","0","0","0","0","0","0","0","0","0"
"*06gnp*","Justin Powell","(N/A)","SG","1495","FA","25","","678,882","0","0","-","0","0","0","0","0","0","0","0","0"
"*05qsv*","Myles Powell","(N/A)","PG,SG","1496","FA","29","","678,882","0","0","-","0","0","0","0","0","0","0","0","0"
"*047j6*","Alex Poythress","(N/A)","SF","1497","FA","32","","678,882","0","0","-","0","0","0","0","0","0","0","0","0"
"*04rvz*","Billy Preston","(N/A)","SF,PF","1498","FA","28","","678,882","0","0","-","0","0","0","0","0","0","0","0","0"
"*05uj7*","Jason Preston","(N/A)","PG","1499","FA","26","","678,882","0","0","-","0","0","0","0","0","0","0","0","0"
"*06mnt*","Charles Pride","(N/A)","PG,SG","1500","FA","26","","678,882","0","0","-","0","0","0","0","0","0","0","0","0"
"*05uim*","Joshua Primo","(N/A)","SG,SF","1501","FA","23","","678,882","0","0","-","0","0","0","0","0","0","0","0","0"
"*0621z*","Gabriele Procida","(N/A)","SG","1502","FA","24","","678,882","0","0","-","0","0","0","0","0","0","0","0","0"
"*042o2*","Zhou Qi","(N/A)","PF","1503","FA","30","","678,882","0","0","-","0","0","0","0","0","0","0","0","0"
"*076t8*","Jayden Quaintance","SA","PF","1504","Magic","19","","3,902,760","0","0","-","0","0","0","0","0","0","0","0","0"
"*044tf*","Tim Quarterman","(N/A)","PG","1505","FA","31","","678,882","0","0","-","0","0","0","0","0","0","0","0","0"
"*05qtg*","Trevelin Queen","(N/A)","SG","1506","FA","29","","678,882","0","0","-","0","0","0","0","0","0","0","0","0"
"*0623c*","Lester Quinones","(N/A)","SG","1507","FA","25","","678,882","0","0","-","0","0","0","0","0","0","0","0","0"
"*03llv*","Ivan Rabb","(N/A)","PF","1508","FA","29","","678,882","0","0","-","0","0","0","0","0","0","0","0","0"
"*05xo8*","Brandon Rachal","(N/A)","SG","1509","FA","26","","678,882","0","0","-","0","0","0","0","0","0","0","0","0"
"*06moj*","Tyrece Radford","(N/A)","PG","1510","FA","27","","678,882","0","0","-","0","0","0","0","0","0","0","0","0"
"*03r8a*","Nikola Radicevic","DEN","PG","1511","FA","32","","678,882","0","0","-","0","0","0","0","0","0","0","0","0"
"*05qtx*","Jahmi'us Ramsey","(N/A)","SG","1512","FA","25","","678,882","0","0","-","0","0","0","0","0","0","0","0","0"
"*045gs*","Chasson Randle","(N/A)","PG","1513","FA","33","","678,882","0","0","-","0","0","0","0","0","0","0","0","0"
"*03wp0*","Levi Randolph","(N/A)","SG","1514","FA","33","","678,882","0","0","-","0","0","0","0","0","0","0","0","0"
"*04k0r*","Xavier Rathan-Mayes","(N/A)","PG","1515","FA","32","","678,882","0","0","-","0","0","0","0","0","0","0","0","0"
"*055ok*","Josh Reaves","(N/A)","SG","1516","FA","29","","678,882","0","0","-","0","0","0","0","0","0","0","0","0"
"*051oq*","Cam Reddish","(N/A)","SG,SF","1517","FA","26","","678,882","0","0","-","0","0","0","0","0","0","0","0","0"
"*04eww*","Davon Reed","(N/A)","SG","1518","FA","31","","678,882","0","0","-","0","0","0","0","0","0","0","0","0"
"*076t7*","Tarris Reed","SA","C","1519","DEN","23","","3,076,920","0","0","-","0","0","0","0","0","0","0","0","0"
"*02x6i*","Willie Reed","(N/A)","PF,C","1520","FA","36","","678,882","0","0","-","0","0","0","0","0","0","0","0","0"
"*06pvu*","Alex Reese","(N/A)","PF","1521","FA","27","","678,882","0","0","-","0","0","0","0","0","0","0","0","0"
"*0664x*","A.J. Reeves","(N/A)","PG,SG","1522","FA","27","","678,882","0","0","-","0","0","0","0","0","0","0","0","0"
"*05xkz*","Nate Renfro","(N/A)","SF","1523","FA","29","","678,882","0","0","-","0","0","0","0","0","0","0","0","0"
"*04xl8*","Cameron Reynolds","(N/A)","SG,SF","1524","FA","31","","678,882","0","0","-","0","0","0","0","0","0","0","0","0"
"*063d0*","Jared Rhoden","(N/A)","SG","1525","FA","26","","678,882","0","0","-","0","0","0","0","0","0","0","0","0"
"*06cem*","Sir'Jabari Rice","(N/A)","SG","1526","FA","27","","678,882","0","0","-","0","0","0","0","0","0","0","0","0"
"*03r7u*","Josh Richardson","(N/A)","PG,SG","1527","FA","32","","678,882","0","0","-","0","0","0","0","0","0","0","0","0"
"*042nh*","Malachi Richardson","(N/A)","SG","1528","FA","30","","678,882","0","0","-","0","0","0","0","0","0","0","0","0"
"*05qtp*","Grant Riller","(N/A)","PG","1529","FA","29","","678,882","0","0","-","0","0","0","0","0","0","0","0","0"
"*02nfa*","Austin Rivers","(N/A)","SG","1530","FA","34","","678,882","0","0","-","0","0","0","0","0","0","0","0","0"
"*06hil*","Liam Robbins","(N/A)","SF,PF,C","1531","FA","27","","678,882","0","0","-","0","0","0","0","0","0","0","0","0"
"*031md*","Andre Roberson","(N/A)","SG,SF","1532","FA","34","","678,882","0","0","-","0","0","0","0","0","0","0","0","0"
"*06hrv*","Nate Roberts","(N/A)","C","1533","FA","26","","678,882","0","0","-","0","0","0","0","0","0","0","0","0"
"*04hop*","Devin Robinson","(N/A)","SG,SF","1534","FA","31","","678,882","0","0","-","0","0","0","0","0","0","0","0","0"
"*06prj*","Galen Robinson","(N/A)","PG","1535","FA","29","","678,882","0","0","-","0","0","0","0","0","0","0","0","0"
"*03aqc*","Glenn Robinson","(N/A)","SG,SF","1536","FA","32","","678,882","0","0","-","0","0","0","0","0","0","0","0","0"
"*04qrq*","Jerome Robinson","(N/A)","SG","1537","FA","29","","678,882","0","0","-","0","0","0","0","0","0","0","0","0"
"*056ap*","Justin Robinson","(N/A)","PG","1538","FA","28","","678,882","0","0","-","0","0","0","0","0","0","0","0","0"
"*051pp*","Isaiah Roby","(N/A)","PF","1539","FA","28","","678,882","0","0","-","0","0","0","0","0","0","0","0","0"
"*0723i*","DJ Rodman","(N/A)","PG,SG,SF,PF","1540","FA","25","","678,882","0","0","-","0","0","0","0","0","0","0","0","0"
"*06mo8*","Jackson Rowe","(N/A)","PF","1541","FA","29","","678,882","0","0","-","0","0","0","0","0","0","0","0","0"
"*03nwl*","Terry Rozier","MIA","PG","1542","Knicks","32","","678,882","0","0","-","0","0","0","0","0","0","0","0","0"
"*06mo9*","Mantas Rubstavicius","(N/A)","PG","1543","FA","24","","678,882","0","0","-","0","0","0","0","0","0","0","0","0"
"*05xco*","Matt Ryan","(N/A)","SF","1544","FA","29","","678,882","0","0","-","0","0","0","0","0","0","0","0","0"
"*06moz*","Neal Sako","(N/A)","C","1545","FA","27","","678,882","0","0","-","0","0","0","0","0","0","0","0","0"
"*051oz*","Luka Samanic","(N/A)","PF","1546","FA","26","","678,882","0","0","-","0","0","0","0","0","0","0","0","0"
"*04xm0*","Brandon Sampson","(N/A)","PG","1547","FA","29","","678,882","0","0","-","0","0","0","0","0","0","0","0","0"
"*03ku5*","JaKarr Sampson","(N/A)","SF","1548","FA","33","","678,882","0","0","-","0","0","0","0","0","0","0","0","0"
"*071oo*","Tyrese Samuel","(N/A)","SF,PF","1549","FA","26","","678,882","0","0","-","0","0","0","0","0","0","0","0","0"
"*0666c*","Jermaine Samuels","(N/A)","SF","1550","FA","27","","678,882","0","0","-","0","0","0","0","0","0","0","0","0"
"*06cek*","Adama Sanogo","(N/A)","C","1551","FA","24","","678,882","0","0","-","0","0","0","0","0","0","0","0","0"
"*04qsl*","Issuf Sanon","(N/A)","PG","1552","FA","26","","678,882","0","0","-","0","0","0","0","0","0","0","0","0"
"*02nfw*","Tomas Satoransky","(N/A)","SG","1553","FA","34","","678,882","0","0","-","0","0","0","0","0","0","0","0","0"
"*076ui*","Richie Saunders","MEM","SG","1554","GSW","24","","678,882","0","0","-","0","0","0","0","0","0","0","0","0"
"*05x7g*","Jordan Schakel","(N/A)","SF","1555","FA","28","","678,882","0","0","-","0","0","0","0","0","0","0","0","0"
"*051pm*","Admiral Schofield","(N/A)","PF","1556","FA","29","","678,882","0","0","-","0","0","0","0","0","0","0","0","0"
"*059xh*","Mike Scott","(N/A)","PG","1557","FA","32","","678,882","0","0","-","0","0","0","0","0","0","0","0","0"
"*03wou*","Shannon Scott","(N/A)","SG","1558","FA","33","","678,882","0","0","-","0","0","0","0","0","0","0","0","0"
"*05qsy*","Jay Scrubb","(N/A)","SG","1559","FA","25","","678,882","0","0","-","0","0","0","0","0","0","0","0","0"
"*0623k*","Dereon Seabron","(N/A)","SG","1560","FA","26","","678,882","0","0","-","0","0","0","0","0","0","0","0","0"
"*03byj*","Wayne Selden Jr.","(N/A)","SG","1561","FA","31","","678,882","0","0","-","0","0","0","0","0","0","0","0","0"
"*076ur*","Jaylin Sellers","CHI","PG","1562","FA","23","","678,883","0","0","-","0","0","0","0","0","0","0","0","0"
"*05qyy*","Nate Sestina","(N/A)","SF","1563","FA","29","","678,882","0","0","-","0","0","0","0","0","0","0","0","0"
"*0729d*","Steve Settle","(N/A)","SF,PF","1564","FA","25","","678,882","0","0","-","0","0","0","0","0","0","0","0","0"
"*0663t*","Jaden Shackelford","(N/A)","PG,SG","1565","FA","25","","678,882","0","0","-","0","0","0","0","0","0","0","0","0"
"*076uj*","Emanuel Sharp","SAC","SG","1566","Ignazzz","22","","1,357,763","0","0","-","0","0","0","0","0","0","0","0","0"
"*06nz5*","Jamarion Sharp","LAC","C","1567","FA","24","","678,882","0","0","-","0","0","0","0","0","0","0","0","0"
"*051py*","Marial Shayok","(N/A)","SG,SF","1568","FA","31","","678,882","0","0","-","0","0","0","0","0","0","0","0","0"
"*02ngi*","Tornike Shengelia","(N/A)","SF,PF","1569","FA","34","","678,882","0","0","-","0","0","0","0","0","0","0","0","0"
"*059g5*","Simi Shittu","(N/A)","PF,C","1570","FA","26","","678,882","0","0","-","0","0","0","0","0","0","0","0","0"
"*05xp4*","Devontae Shuler","(N/A)","PG","1571","FA","28","","678,882","0","0","-","0","0","0","0","0","0","0","0","0"
"*0723k*","Christian Shumate","(N/A)","SF,PF","1572","FA","24","","678,882","0","0","-","0","0","0","0","0","0","0","0","0"
"*027p1*","Iman Shumpert","(N/A)","SG,SF","1573","FA","36","","678,882","0","0","-","0","0","0","0","0","0","0","0","0"
"*03wox*","Jordan Sibert","(N/A)","SG","1574","FA","34","","678,882","0","0","-","0","0","0","0","0","0","0","0","0"
"*052c5*","Chris Silva","(N/A)","PF","1575","FA","29","","678,882","0","0","-","0","0","0","0","0","0","0","0","0"
"*04415*","Borisa Simanic","(N/A)","PF","1576","FA","28","","678,882","0","0","-","0","0","0","0","0","0","0","0","0"
"*03lg1*","Ben Simmons","(N/A)","PG,SG","1577","FA","30","","678,882","0","0","-","0","0","0","0","0","0","0","0","0"
"*03se0*","Jonathon Simmons","(N/A)","SG,SF","1578","FA","36","","678,882","0","0","-","0","0","0","0","0","0","0","0","0"
"*04is8*","Kobi Simmons","(N/A)","PG","1579","FA","29","","678,882","0","0","-","0","0","0","0","0","0","0","0","0"
"*05uw9*","Aamir Simms","(N/A)","PF","1580","FA","27","","678,882","0","0","-","0","0","0","0","0","0","0","0","0"
"*03lgl*","Justin Simon","(N/A)","SG","1581","FA","30","","678,882","0","0","-","0","0","0","0","0","0","0","0","0"
"*05qsm*","Marko Simonovic","(N/A)","C","1582","FA","26","","678,882","0","0","-","0","0","0","0","0","0","0","0","0"
"*05qtz*","Zavier Simpson","(N/A)","PG","1583","FA","29","","678,882","0","0","-","0","0","0","0","0","0","0","0","0"
"*064s6*","Jaylen Sims","(N/A)","PG,SG","1584","FA","27","","678,882","0","0","-","0","0","0","0","0","0","0","0","0"
"*051ph*","Deividas Sirvydis","(N/A)","SG","1585","FA","26","","678,882","0","0","-","0","0","0","0","0","0","0","0","0"
"*06iei*","Dmytro Skapintsev","(N/A)","C","1586","FA","28","","678,882","0","0","-","0","0","0","0","0","0","0","0","0"
"*06mnv*","Brandon Slater","(N/A)","SF,PF","1587","FA","26","","678,882","0","0","-","0","0","0","0","0","0","0","0","0"
"*049s8*","Nik Slavica","(N/A)","SF","1588","FA","29","","678,882","0","0","-","0","0","0","0","0","0","0","0","0"
"*051pj*","Alen Smailagic","(N/A)","PF","1589","FA","25","","678,882","0","0","-","0","0","0","0","0","0","0","0","0"
"*05wqq*","Javonte Smart","(N/A)","PG","1590","FA","27","","678,882","0","0","-","0","0","0","0","0","0","0","0","0"
"*076u6*","Braden Smith","IND","PG","1591","FA","23","","678,882","0","0","-","0","0","0","0","0","0","0","0","0"
"*05uuk*","Chris Smith","(N/A)","PG,SG,PF","1592","FA","26","","678,882","0","0","-","0","0","0","0","0","0","0","0","0"
"*049s5*","Dennis Smith","(N/A)","PG","1593","FA","28","","678,882","0","0","-","0","0","0","0","0","0","0","0","0"
"*03lgj*","Ray Smith","(N/A)","SF","1594","FA","29","","678,882","0","0","-","0","0","0","0","0","0","0","0","0"
"*04xbb*","Scoochie Smith","(N/A)","SG","1595","FA","31","","678,882","0","0","-","0","0","0","0","0","0","0","0","0"
"*06cet*","Terquavion Smith","(N/A)","PG","1596","FA","23","","678,882","0","0","-","0","0","0","0","0","0","0","0","0"
"*04qrt*","Zhaire Smith","(N/A)","SG","1597","FA","27","","678,882","0","0","-","0","0","0","0","0","0","0","0","0"
"*05qvt*","Xavier Sneed","(N/A)","SF","1598","FA","28","","678,882","0","0","-","0","0","0","0","0","0","0","0","0"
"*031m7*","Tony Snell","(N/A)","SG","1599","FA","34","","678,882","0","0","-","0","0","0","0","0","0","0","0","0"
"*03kub*","Richard Solomon","OKC","PF","1600","FA","34","","678,882","0","0","-","0","0","0","0","0","0","0","0","0"
"*06v5i*","Thomas Sorber","OKC","PF,C","1601","J42","20","","4,887,720","0","0","-","0","0","0","0","0","0","0","0","0"
"*06moa*","Roman Sorkin","(N/A)","PF","1602","FA","29","","678,882","0","0","-","0","0","0","0","0","0","0","0","0"
"*0389e*","James Southerland","(N/A)","SF","1603","FA","36","","678,882","0","0","-","0","0","0","0","0","0","0","0","0"
"*0622d*","Matteo Spagnolo","(N/A)","SG","1604","FA","23","","678,882","0","0","-","0","0","0","0","0","0","0","0","0"
"*04qsw*","Ray Spalding","(N/A)","PF","1605","FA","29","","678,882","0","0","-","0","0","0","0","0","0","0","0","0"
"*04qs7*","Omari Spellman","(N/A)","PF,C","1606","FA","29","","678,882","0","0","-","0","0","0","0","0","0","0","0","0"
"*05uj2*","Jaden Springer","(N/A)","PG","1607","FA","23","","678,882","0","0","-","0","0","0","0","0","0","0","0","0"
"*05qt8*","Cassius Stanley","(N/A)","SG","1608","FA","26","","678,882","0","0","-","0","0","0","0","0","0","0","0","0"
"*04xhv*","Jonathan Stark","(N/A)","PG","1609","FA","31","","678,882","0","0","-","0","0","0","0","0","0","0","0","0"
"*03e6l*","Nik Stauskas","(N/A)","SG","1610","FA","32","","678,882","0","0","-","0","0","0","0","0","0","0","0","0"
"*06hso*","Jake Stephens","(N/A)","C","1612","FA","26","","678,882","0","0","-","0","0","0","0","0","0","0","0","0"
"*01uza*","Lance Stephenson","(N/A)","SF","1613","FA","35","","678,882","0","0","-","0","0","0","0","0","0","0","0","0"
"*05qsj*","Lamar Stevens","(N/A)","PF","1614","FA","29","","678,882","0","0","-","0","0","0","0","0","0","0","0","0"
"*06qdx*","Erik Stevenson","(N/A)","PG,SG","1615","FA","27","","678,882","0","0","-","0","0","0","0","0","0","0","0","0"
"*05xcn*","DJ Steward","(N/A)","SG","1616","FA","24","","678,882","0","0","-","0","0","0","0","0","0","0","0","0"
"*05wvy*","D.J. Stewart","(N/A)","PG,SG","1617","FA","27","","678,882","0","0","-","0","0","0","0","0","0","0","0","0"
"*04xge*","Elijah Stewart","(N/A)","SG","1618","FA","30","","678,882","0","0","-","0","0","0","0","0","0","0","0","0"
"*076sv*","Bennett Stirtz","OKC","PG","1619","SDK","22","","4,717,320","0","0","-","0","0","0","0","0","0","0","0","0"
"*03ku8*","David Stockton","(N/A)","PG","1620","FA","35","","678,882","0","0","-","0","0","0","0","0","0","0","0","0"
"*03e71*","Jarnell Stokes","(N/A)","PF","1621","FA","32","","678,882","0","0","-","0","0","0","0","0","0","0","0","0"
"*03llt*","Diamond Stone","(N/A)","C","1622","FA","29","","678,882","0","0","-","0","0","0","0","0","0","0","0","0"
"*076un*","Peter Suder","(N/A)","SG","1623","FA","20","","678,883","0","0","-","0","0","0","0","0","0","0","0","0"
"*0480c*","Rasheed Sulaimon","(N/A)","SG","1624","FA","32","","678,882","0","0","-","0","0","0","0","0","0","0","0","0"
"*02nfl*","Jared Sullinger","(N/A)","PF,C","1625","FA","34","","678,882","0","0","-","0","0","0","0","0","0","0","0","0"
"*04exf*","Edmond Sumner","(N/A)","SG","1626","FA","30","","678,882","0","0","-","0","0","0","0","0","0","0","0","0"
"*05qvh*","Dwayne Sutton","(N/A)","SF,PF","1627","FA","29","","678,882","0","0","-","0","0","0","0","0","0","0","0","0"
"*076t1*","Dailyn Swain","CHI","SG","1628","GSW","21","","4,965,480","0","0","-","0","0","0","0","0","0","0","0","0"
"*04ewq*","Caleb Swanigan","(N/A)","PF,C","1629","FA","29","","678,882","0","0","-","0","0","0","0","0","0","0","0","0"
"*0623n*","Cole Swider","(N/A)","SF","1630","FA","27","","678,882","0","0","-","0","0","0","0","0","0","0","0","0"
"*05ya8*","Craig Sword","(N/A)","SG","1631","FA","32","","678,882","0","0","-","0","0","0","0","0","0","0","0","0"
"*03wqx*","Keifer Sykes","(N/A)","PG,SG","1632","FA","32","","678,882","0","0","-","0","0","0","0","0","0","0","0","0"
"*05x7f*","Anthony Tarke","(N/A)","SG","1633","FA","28","","678,882","0","0","-","0","0","0","0","0","0","0","0","0"
"*03e77*","Edy Tavares","(N/A)","C","1634","FA","34","","678,882","0","0","-","0","0","0","0","0","0","0","0","0"
"*059ws*","BJ Taylor","(N/A)","PG","1635","FA","29","","678,882","0","0","-","0","0","0","0","0","0","0","0","0"
"*048yg*","Isaiah Taylor","(N/A)","PG","1636","FA","32","","678,882","0","0","-","0","0","0","0","0","0","0","0","0"
"*05qzj*","Marlon Taylor","(N/A)","SG","1637","FA","28","","678,882","0","0","-","0","0","0","0","0","0","0","0","0"
"*05uuj*","Terry Taylor","(N/A)","PF","1638","FA","26","","678,882","0","0","-","0","0","0","0","0","0","0","0","0"
"*05uux*","MaCio Teague","(N/A)","SG","1639","FA","29","","678,882","0","0","-","0","0","0","0","0","0","0","0","0"
"*02nft*","Marquis Teague","(N/A)","PG","1640","FA","33","","678,882","0","0","-","0","0","0","0","0","0","0","0","0"
"*06mo4*","Christian Terrell","(N/A)","PG","1641","FA","29","","678,882","0","0","-","0","0","0","0","0","0","0","0","0"
"*04xhw*","Jared Terrell","(N/A)","PG","1642","FA","31","","678,882","0","0","-","0","0","0","0","0","0","0","0","0"
"*04xk5*","Emanuel Terry","(N/A)","SF,PF","1643","FA","29","","678,882","0","0","-","0","0","0","0","0","0","0","0","0"
"*05qth*","Tyrell Terry","(N/A)","PG","1644","FA","25","","678,882","0","0","-","0","0","0","0","0","0","0","0","0"
"*05qzo*","Jon Teske","(N/A)","C","1645","FA","29","","678,882","0","0","-","0","0","0","0","0","0","0","0","0"
"*04hoo*","Daniel Theis","(N/A)","C","1646","FA","34","","678,882","0","0","-","0","0","0","0","0","0","0","0","0"
"*0393m*","Adonis Thomas","(N/A)","SF,PF","1647","FA","33","","678,882","0","0","-","0","0","0","0","0","0","0","0","0"
"*05qyv*","Brodric Thomas","(N/A)","SG","1648","FA","29","","678,882","0","0","-","0","0","0","0","0","0","0","0","0"
"*04qsf*","Khyri Thomas","(N/A)","SG","1649","FA","30","","678,882","0","0","-","0","0","0","0","0","0","0","0","0"
"*052q1*","Matt Thomas","(N/A)","SG","1650","FA","32","","678,882","0","0","-","0","0","0","0","0","0","0","0","0"
"*076u4*","Meleek Thomas","CLE","SG","1651","HR","20","","1,357,763","0","0","-","0","0","0","0","0","0","0","0","0"
"*07245*","Saint Thomas","(N/A)","SF,PF","1652","FA","23","","678,882","0","0","-","0","0","0","0","0","0","0","0","0"
"*027om*","Tristan Thompson","(N/A)","C","1653","FA","35","","678,882","0","0","-","0","0","0","0","0","0","0","0","0"
"*05ujb*","JT Thor","(N/A)","PF","1654","FA","23","","678,882","0","0","-","0","0","0","0","0","0","0","0","0"
"*076u3*","Bruce Thornton","HOU","PG","1655","DEN","22","","1,357,763","0","0","-","0","0","0","0","0","0","0","0","0"
"*04exb*","Sindarius Thornwell","(N/A)","SG","1656","FA","31","","678,882","0","0","-","0","0","0","0","0","0","0","0","0"
"*03zl0*","Jarvis Threatt","(N/A)","PG","1657","FA","33","","678,882","0","0","-","0","0","0","0","0","0","0","0","0"
"*05qwu*","Killian Tillie","(N/A)","C","1658","FA","28","","678,882","0","0","-","0","0","0","0","0","0","0","0","0"
"*05ya9*","Justin Tillman","(N/A)","SF","1659","FA","30","","678,882","0","0","-","0","0","0","0","0","0","0","0","0"
"*05xnb*","Jeremiah Tilmon","(N/A)","C","1660","FA","27","","678,882","0","0","-","0","0","0","0","0","0","0","0","0"
"*05qze*","Tres Tinkle","(N/A)","SF","1661","FA","30","","678,882","0","0","-","0","0","0","0","0","0","0","0","0"
"*044te*","Mike Tobey","(N/A)","C","1662","FA","31","","678,882","0","0","-","0","0","0","0","0","0","0","0","0"
"*05uj5*","Isaiah Todd","(N/A)","PF","1663","FA","24","","678,882","0","0","-","0","0","0","0","0","0","0","0","0"
"*03l5d*","Yuki Togashi","(N/A)","PG","1664","FA","33","","678,882","0","0","-","0","0","0","0","0","0","0","0","0"
"*03r8b*","J.P. Tokoto","(N/A)","SF","1665","FA","32","","678,882","0","0","-","0","0","0","0","0","0","0","0","0"
"*06mpg*","Keisei Tominaga","(N/A)","PG","1666","FA","25","","678,882","0","0","-","0","0","0","0","0","0","0","0","0"
"*06hn1*","Au'Diese Toney","(N/A)","PG,SG","1667","FA","26","","678,882","0","0","-","0","0","0","0","0","0","0","0","0"
"*06v8i*","Alex Toohey","(N/A)","SF,PF","1668","FA","22","","678,882","0","0","-","0","0","0","0","0","0","0","0","0"
"*05qz0*","Jake Toolson","(N/A)","SG","1669","FA","30","","678,882","0","0","-","0","0","0","0","0","0","0","0","0"
"*059q7*","Juan Toscano-Anderson","(N/A)","SF","1670","FA","33","","678,882","0","0","-","0","0","0","0","0","0","0","0","0"
"*03se3*","Axel Toupane","(N/A)","SG","1671","FA","34","","678,882","0","0","-","0","0","0","0","0","0","0","0","0"
"*06mme*","Armel Traore","(N/A)","SF,PF","1672","FA","23","","678,882","0","0","-","0","0","0","0","0","0","0","0","0"
"*06hpn*","Reid Travis","(N/A)","PF","1673","FA","30","","678,882","0","0","-","0","0","0","0","0","0","0","0","0"
"*03wo8*","Travis Trice II","(N/A)","SG","1674","FA","33","","678,882","0","0","-","0","0","0","0","0","0","0","0","0"
"*03lgk*","Allonzo Trier","(N/A)","SG","1675","FA","30","","678,882","0","0","-","0","0","0","0","0","0","0","0","0"
"*04l9b*","Melo Trimble","(N/A)","PG","1676","FA","31","","678,882","0","0","-","0","0","0","0","0","0","0","0","0"
"*05qye*","Jahlil Tripp","(N/A)","SF,PF","1677","FA","28","","678,882","0","0","-","0","0","0","0","0","0","0","0","0"
"*06ceu*","Azuolas Tubelis","(N/A)","PF","1678","FA","24","","678,882","0","0","-","0","0","0","0","0","0","0","0","0"
"*06mov*","Jordan Tucker","(N/A)","SF,PF","1679","FA","28","","678,882","0","0","-","0","0","0","0","0","0","0","0","0"
"*02q81*","P.J. Tucker","(N/A)","SF","1680","FA","41","","678,882","0","0","-","0","0","0","0","0","0","0","0","0"
"*059qe*","Rayjon Tucker","(N/A)","SG","1681","FA","28","","678,882","0","0","-","0","0","0","0","0","0","0","0","0"
"*06hru*","Ryan Turell","(N/A)","SF,PF","1682","FA","27","","678,882","0","0","-","0","0","0","0","0","0","0","0","0"
"*05qxt*","Breein Tyree","(N/A)","PG,SG","1683","FA","28","","678,882","0","0","-","0","0","0","0","0","0","0","0","0"
"*076v0*","Ernest Udeh","CLE","C","1684","FA","22","","678,882","0","0","-","0","0","0","0","0","0","0","0","0"
"*042nu*","Tyler Ulis","(N/A)","PG","1685","FA","30","","678,882","0","0","-","0","0","0","0","0","0","0","0","0"
"*03wkm*","Robert Upshaw","(N/A)","C","1686","FA","32","","678,882","0","0","-","0","0","0","0","0","0","0","0","0"
"*04576*","Jarrod Uthoff","(N/A)","SF,PF","1687","FA","33","","678,882","0","0","-","0","0","0","0","0","0","0","0","0"
"*042na*","Denzel Valentine","(N/A)","SG","1688","FA","32","","678,882","0","0","-","0","0","0","0","0","0","0","0","0"
"*06hi8*","Vincent Valerio-Bodon","(N/A)","SF,PF","1689","FA","25","","678,882","0","0","-","0","0","0","0","0","0","0","0","0"
"*064s5*","Chandler Vaudrin","(N/A)","PG,SG","1691","FA","29","","678,882","0","0","-","0","0","0","0","0","0","0","0","0"
"*03r7f*","Rashad Vaughn","(N/A)","SG,SF","1692","FA","29","","678,882","0","0","-","0","0","0","0","0","0","0","0","0"
"*076u1*","Henri Veesaar","ATL","C","1693","BOS","22","","1,357,763","0","0","-","0","0","0","0","0","0","0","0","0"
"*06mo3*","Santiago Vescovi","(N/A)","PG","1694","FA","24","","678,882","0","0","-","0","0","0","0","0","0","0","0","0"
"*04exk*","Aleksandar Vezenkov","(N/A)","PF","1695","FA","31","","678,882","0","0","-","0","0","0","0","0","0","0","0","0"
"*05rzi*","Luca Vildoza","(N/A)","PG","1696","FA","30","","678,882","0","0","-","0","0","0","0","0","0","0","0","0"
"*05r0e*","Christian Vital","(N/A)","SG","1697","FA","29","","678,882","0","0","-","0","0","0","0","0","0","0","0","0"
"*03apw*","Noah Vonleh","(N/A)","PF,C","1698","FA","30","","678,882","0","0","-","0","0","0","0","0","0","0","0","0"
"*05uue*","Ishmail Wainright","(N/A)","SF","1700","FA","31","","678,882","0","0","-","0","0","0","0","0","0","0","0","0"
"*02nf4*","Dion Waiters","(N/A)","SG,SF","1701","FA","34","","678,882","0","0","-","0","0","0","0","0","0","0","0","0"
"*03wp1*","Corey Walden","(N/A)","PG","1702","FA","34","","678,882","0","0","-","0","0","0","0","0","0","0","0","0"
"*06fk6*","Jordan Walker","(N/A)","PG,SG","1703","FA","26","","678,882","0","0","-","0","0","0","0","0","0","0","0","0"
"*04qrv*","Lonnie Walker","DEN","SG","1704","FA","27","","678,882","0","0","-","0","0","0","0","0","0","0","0","0"
"*05uwr*","M.J. Walker","(N/A)","SG","1705","FA","28","","678,882","0","0","-","0","0","0","0","0","0","0","0","0"
"*01sc8*","John Wall","(N/A)","PG","1706","FA","35","","678,882","0","0","-","0","0","0","0","0","0","0","0","0"
"*042oj*","Tyrone Wallace","(N/A)","PG,SG","1707","FA","32","","678,882","0","0","-","0","0","0","0","0","0","0","0","0"
"*04jw8*","Derrick Walton","(N/A)","PG","1708","FA","31","","678,882","0","0","-","0","0","0","0","0","0","0","0","0"
"*06mok*","Tyson Ward","(N/A)","SF","1709","FA","29","","678,882","0","0","-","0","0","0","0","0","0","0","0","0"
"*048tg*","Jameel Warney","DAL","SF","1710","FA","32","","678,882","0","0","-","0","0","0","0","0","0","0","0","0"
"*03bxn*","T.J. Warren","(N/A)","SF","1711","FA","32","","678,882","0","0","-","0","0","0","0","0","0","0","0","0"
"*03xmk*","Julian Washburn","(N/A)","SF","1712","FA","34","","678,882","0","0","-","0","0","0","0","0","0","0","0","0"
"*05uuh*","Duane Washington","(N/A)","SG","1713","FA","26","","678,882","0","0","-","0","0","0","0","0","0","0","0","0"
"*06qf5*","Warren Washington","(N/A)","SF,PF","1714","FA","26","","678,882","0","0","-","0","0","0","0","0","0","0","0","0"
"*04xhy*","Yuta Watanabe","(N/A)","SF","1715","FA","31","","678,882","0","0","-","0","0","0","0","0","0","0","0","0"
"*051pv*","Tremont Waters","(N/A)","PG","1716","FA","28","","678,882","0","0","-","0","0","0","0","0","0","0","0","0"
"*06mm0*","Anton Watson","(N/A)","SF","1717","FA","25","","678,882","0","0","-","0","0","0","0","0","0","0","0","0"
"*05xoa*","Ibi Watson","(N/A)","SG","1718","FA","28","","678,882","0","0","-","0","0","0","0","0","0","0","0","0"
"*04xlm*","Paul Watson","(N/A)","SG,SF","1719","FA","31","","678,882","0","0","-","0","0","0","0","0","0","0","0","0"
"*051pt*","Quinndary Weatherspoon","(N/A)","SG","1720","FA","29","","678,882","0","0","-","0","0","0","0","0","0","0","0","0"
"*0484j*","James Webb III","(N/A)","SF","1721","FA","32","","678,882","0","0","-","0","0","0","0","0","0","0","0","0"
"*03xlt*","Briante Weber","(N/A)","PG","1722","FA","33","","678,882","0","0","-","0","0","0","0","0","0","0","0","0"
"*05xnf*","Romeo Weems","(N/A)","SF","1723","FA","25","","678,882","0","0","-","0","0","0","0","0","0","0","0","0"
"*04qsy*","Thomas Welsh","(N/A)","C","1724","FA","30","","678,882","0","0","-","0","0","0","0","0","0","0","0","0"
"*03zl1*","Byron Wesley","(N/A)","SG","1725","FA","33","","678,882","0","0","-","0","0","0","0","0","0","0","0","0"
"*05qzn*","Kaleb Wesson","(N/A)","PF,C","1726","FA","27","","678,882","0","0","-","0","0","0","0","0","0","0","0","0"
"*064s7*","Isaiah Whaley","(N/A)","SF,PF","1727","FA","28","","678,882","0","0","-","0","0","0","0","0","0","0","0","0"
"*06rur*","Phillip Wheeler","(N/A)","SF,PF","1728","FA","24","","678,882","0","0","-","0","0","0","0","0","0","0","0","0"
"*04l1t*","Andrew White","(N/A)","SF","1729","FA","33","","678,882","0","0","-","0","0","0","0","0","0","0","0","0"
"*06305*","Fabian White","(N/A)","SF,PF","1730","FA","27","","678,882","0","0","-","0","0","0","0","0","0","0","0","0"
"*062sr*","Jack White","(N/A)","SF","1731","FA","29","","678,882","0","0","-","0","0","0","0","0","0","0","0","0"
"*043vx*","Okaro White","(N/A)","SF,PF","1732","FA","33","","678,882","0","0","-","0","0","0","0","0","0","0","0","0"
"*042o1*","Isaiah Whitehead","(N/A)","PG,SG","1733","FA","31","","678,882","0","0","-","0","0","0","0","0","0","0","0","0"
"*05qyt*","Kahlil Whitney","(N/A)","SF","1734","FA","25","","678,882","0","0","-","0","0","0","0","0","0","0","0","0"
"*06mo5*","Jimmy Whitt","(N/A)","PG","1735","FA","29","","678,882","0","0","-","0","0","0","0","0","0","0","0","0"
"*05qvy*","Greg Whittington","(N/A)","SF,PF","1736","FA","33","","678,882","0","0","-","0","0","0","0","0","0","0","0","0"
"*05ujf*","Joe Wieskamp","(N/A)","SF","1737","FA","26","","678,882","0","0","-","0","0","0","0","0","0","0","0","0"
"*0590m*","Lindell Wigginton","(N/A)","PG","1738","FA","28","","678,882","0","0","-","0","0","0","0","0","0","0","0","0"
"*03sir*","Scottie Wilbekin","(N/A)","PG","1739","FA","33","","678,882","0","0","-","0","0","0","0","0","0","0","0","0"
"*04iy9*","Jacob Wiley","(N/A)","PG","1740","FA","31","","678,882","0","0","-","0","0","0","0","0","0","0","0","0"
"*03z95*","Alan Williams","(N/A)","PF,C","1741","FA","33","","678,882","0","0","-","0","0","0","0","0","0","0","0","0"
"*07242*","Brice Williams","(N/A)","SG,SF,PF","1742","FA","25","","678,882","0","0","-","0","0","0","0","0","0","0","0","0"
"*0666j*","Bryson Williams","(N/A)","SF,PF","1743","FA","28","","678,882","0","0","-","0","0","0","0","0","0","0","0","0"
"*06668*","Donovan Williams","(N/A)","SG","1744","FA","24","","678,882","0","0","-","0","0","0","0","0","0","0","0","0"
"*06ps6*","Jaylin Williams","(N/A)","SF,PF","1745","FA","26","","678,882","0","0","-","0","0","0","0","0","0","0","0","0"
"*04xgk*","Johnathan Williams","(N/A)","PF","1746","FA","31","","678,882","0","0","-","0","0","0","0","0","0","0","0","0"
"*06hqr*","KJ Williams","(N/A)","PF","1747","FA","26","","678,882","0","0","-","0","0","0","0","0","0","0","0","0"
"*06l10*","Malik Williams","(N/A)","C","1748","FA","27","","678,882","0","0","-","0","0","0","0","0","0","0","0","0"
"*04jw3*","T.J. Williams","(N/A)","SG","1749","FA","31","","678,882","0","0","-","0","0","0","0","0","0","0","0","0"
"*065px*","Trevion Williams","(N/A)","SF,PF,C","1750","FA","25","","678,882","0","0","-","0","0","0","0","0","0","0","0","0"
"*045qi*","Troy Williams","(N/A)","SG,SF","1751","FA","31","","678,882","0","0","-","0","0","0","0","0","0","0","0","0"
"*04exi*","Nigel Williams-Goss","(N/A)","PG","1752","FA","31","","678,882","0","0","-","0","0","0","0","0","0","0","0","0"
"*06hre*","Bryce Wills","(N/A)","SG","1753","FA","25","","678,882","0","0","-","0","0","0","0","0","0","0","0","0"
"*04ewi*","D.J. Wilson","(N/A)","PF","1755","FA","30","","678,882","0","0","-","0","0","0","0","0","0","0","0","0"
"*048yh*","Kyle Wiltjer","(N/A)","PF","1756","FA","33","","678,882","0","0","-","0","0","0","0","0","0","0","0","0"
"*051p6*","Dylan Windler","(N/A)","SF","1757","FA","29","","678,882","0","0","-","0","0","0","0","0","0","0","0","0"
"*03nwi*","Justise Winslow","(N/A)","SF","1758","FA","30","","678,882","0","0","-","0","0","0","0","0","0","0","0","0"
"*05qua*","Cassius Winston","(N/A)","PG","1759","FA","28","","678,882","0","0","-","0","0","0","0","0","0","0","0","0"
"*059qd*","Todd Withers","(N/A)","PF","1760","FA","30","","678,882","0","0","-","0","0","0","0","0","0","0","0","0"
"*06cd5*","Isaiah Wong","(N/A)","SG","1761","FA","25","","678,882","0","0","-","0","0","0","0","0","0","0","0","0"
"*03nwq*","Christian Wood","(N/A)","PF","1762","FA","30","","678,882","0","0","-","0","0","0","0","0","0","0","0","0"
"*06ptn*","Moses Wood","(N/A)","SF,PF","1763","FA","27","","678,882","0","0","-","0","0","0","0","0","0","0","0","0"
"*05qtw*","Robert Woodard","(N/A)","SG,SF","1764","FA","26","","678,882","0","0","-","0","0","0","0","0","0","0","0","0"
"*06moq*","Trey Woodbury","(N/A)","PG,SG","1765","FA","26","","678,882","0","0","-","0","0","0","0","0","0","0","0","0"
"*059cn*","Kenny Wooten","(N/A)","PF","1766","FA","28","","678,882","0","0","-","0","0","0","0","0","0","0","0","0"
"*03r7h*","Delon Wright","(N/A)","PG,SG","1767","FA","34","","678,882","0","0","-","0","0","0","0","0","0","0","0","0"
"*05uuw*","McKinley Wright","(N/A)","PG","1768","FA","27","","678,882","0","0","-","0","0","0","0","0","0","0","0","0"
"*05wqi*","Moses Wright","(N/A)","PF","1769","FA","27","","678,882","0","0","-","0","0","0","0","0","0","0","0","0"
"*051px*","Justin Wright-Foreman","(N/A)","PG","1770","FA","28","","678,882","0","0","-","0","0","0","0","0","0","0","0","0"
"*02nfp*","Tony Wroten","(N/A)","PG,SG","1771","FA","33","","678,882","0","0","-","0","0","0","0","0","0","0","0","0"
"*04xk6*","Ding Yanyuhang","(N/A)","SF","1772","FA","32","","678,882","0","0","-","0","0","0","0","0","0","0","0","0"
"*04w4j*","Gabe York","(N/A)","SG","1773","FA","33","","678,882","0","0","-","0","0","0","0","0","0","0","0","0"
"*03aq0*","James Young","(N/A)","SG","1774","FA","30","","678,882","0","0","-","0","0","0","0","0","0","0","0","0"
"*03r7x*","Joe Young","(N/A)","PG,SG","1775","FA","34","","678,882","0","0","-","0","0","0","0","0","0","0","0","0"
"*03g45*","Patric Young","(N/A)","PF","1776","FA","34","","678,882","0","0","-","0","0","0","0","0","0","0","0","0"
"*042nv*","Rade Zagorac","(N/A)","SF","1777","FA","30","","678,882","0","0","-","0","0","0","0","0","0","0","0","0"
"*05ujn*","Marcus Zegarowski","(N/A)","PG,SG","1778","FA","28","","678,882","0","0","-","0","0","0","0","0","0","0","0","0"
"*04817*","Nick Zeisloft","(N/A)","PG","1779","FA","33","","678,882","0","0","-","0","0","0","0","0","0","0","0","0"
"*031lr*","Cody Zeller","(N/A)","C","1780","FA","33","","678,882","0","0","-","0","0","0","0","0","0","0","0","0"
"*070te*","Fanbo Zeng","(N/A)","SF,PF","1781","FA","23","","678,882","0","0","-","0","0","0","0","0","0","0","0","0"
"*042og*","Wang Zhelin","(N/A)","C","1782","FA","32","","678,882","0","0","-","0","0","0","0","0","0","0","0","0"
"*042o0*","Stephen Zimmerman Jr.","(N/A)","PF,C","1783","FA","29","","678,882","0","0","-","0","0","0","0","0","0","0","0","0"
"*042o7*","Paul Zipser","(N/A)","SF,PF","1784","FA","32","","678,882","0","0","-","0","0","0","0","0","0","0","0","0"
"*042ni*","Ante Zizic","(N/A)","C","1785","FA","29","","678,882","0","0","-","0","0","0","0","0","0","0","0","0"
