name,k,draft_class,pick,rookie_season,debut_lag,g,mpg,y_pts,y_reb,y_ast,y_stl,y_blk,y_tov,y_fg3m,y_fgm,y_fga,y_ftm,y_fta
John Wall,john wall,2010,1.0,2011,0,69,37.710144927536234,16.391304347826086,4.594202898550725,8.318840579710145,1.7536231884057971,0.5072463768115942,3.782608695652174,0.4927536231884058,5.768115942028985,14.08695652173913,4.36231884057971,5.695652173913044
Kyrie Irving,kyrie irving,2011,1.0,2012,0,51,30.607843137254903,18.50980392156863,3.7450980392156863,5.392156862745098,1.0588235294117647,0.39215686274509803,3.1372549019607843,1.4313725490196079,6.862745098039215,14.647058823529411,3.3529411764705883,3.843137254901961
Anthony Davis,anthony davis,2012,1.0,2013,0,63,28.984126984126984,13.476190476190476,8.238095238095237,1.0,1.1587301587301588,1.7777777777777777,1.4126984126984128,0.0,5.428571428571429,10.53968253968254,2.619047619047619,3.507936507936508
Anthony Bennett,anthony bennett,2013,1.0,2014,0,52,12.807692307692308,4.173076923076923,2.980769230769231,0.3269230769230769,0.40384615384615385,0.15384615384615385,0.9038461538461539,0.25,1.5384615384615385,4.326923076923077,0.8461538461538461,1.3269230769230769
Andrew Wiggins,andrew wiggins,2014,1.0,2015,0,82,36.23170731707317,16.914634146341463,4.560975609756097,2.073170731707317,1.048780487804878,0.6097560975609756,2.158536585365854,0.47560975609756095,6.060975609756097,13.865853658536585,4.317073170731708,5.682926829268292
Karl-Anthony Towns,karl-anthony towns,2015,1.0,2016,0,82,31.963414634146343,18.329268292682926,10.451219512195122,1.9634146341463414,0.7073170731707317,1.6829268292682926,2.231707317073171,0.36585365853658536,7.621951219512195,14.060975609756097,2.7195121951219514,3.3536585365853657
Ben Simmons,ben simmons,2016,1.0,2018,1,81,33.77777777777778,15.790123456790123,8.135802469135802,8.160493827160494,1.728395061728395,0.8641975308641975,3.432098765432099,0.0,6.716049382716049,12.320987654320987,2.3580246913580245,4.209876543209877
Markelle Fultz,markelle fultz,2017,1.0,2018,0,14,18.0,7.142857142857143,3.0714285714285716,3.7857142857142856,0.8571428571428571,0.2857142857142857,1.2142857142857142,0.0,3.2142857142857144,7.928571428571429,0.7142857142857143,1.5
Deandre Ayton,deandre ayton,2018,1.0,2019,0,71,30.732394366197184,16.323943661971832,10.267605633802816,1.7605633802816902,0.8591549295774648,0.9436619718309859,1.7746478873239437,0.0,7.169014084507042,12.253521126760564,1.9859154929577465,2.6619718309859155
Zion Williamson,zion williamson,2019,1.0,2020,0,24,27.791666666666668,22.5,6.25,2.0833333333333335,0.6666666666666666,0.375,2.4583333333333335,0.25,8.75,15.0,4.75,7.416666666666667
Anthony Edwards,anthony edwards,2020,1.0,2021,0,70,31.957142857142856,19.257142857142856,4.6,2.9,1.1285714285714286,0.5,2.1714285714285713,2.3857142857142857,7.014285714285714,16.8,2.842857142857143,3.6857142857142855
Cade Cunningham,cade cunningham,2021,1.0,2022,0,64,32.578125,17.40625,5.53125,5.5625,1.21875,0.671875,3.65625,1.78125,6.703125,16.109375,2.21875,2.625
Paolo Banchero,paolo banchero,2022,1.0,2023,0,72,33.791666666666664,19.958333333333332,6.902777777777778,3.736111111111111,0.8333333333333334,0.5416666666666666,2.7777777777777777,1.1805555555555556,6.652777777777778,15.583333333333334,5.472222222222222,7.416666666666667
Cooper Flagg,cooper flagg,2025,1.0,2026,0,70,33.55714285714286,21.042857142857144,6.6571428571428575,4.514285714285714,1.2,0.9142857142857143,2.3,1.0285714285714285,7.985714285714286,17.057142857142857,4.042857142857143,4.885714285714286
Evan Turner,evan turner,2010,2.0,2011,0,78,23.076923076923077,7.243589743589744,3.923076923076923,2.0384615384615383,0.6282051282051282,0.1794871794871795,1.0256410256410255,0.1794871794871795,2.8846153846153846,6.782051282051282,1.294871794871795,1.6025641025641026
Derrick Williams,derrick williams,2011,2.0,2012,0,66,21.515151515151516,8.833333333333334,4.712121212121212,0.5757575757575758,0.45454545454545453,0.4696969696969697,1.1666666666666667,0.5606060606060606,3.106060606060606,7.545454545454546,2.0606060606060606,2.9545454545454546
Victor Oladipo,victor oladipo,2013,2.0,2014,0,80,31.075,13.825,4.1125,4.0875,1.6125,0.4625,3.2,0.925,4.9,11.7,3.1,3.975
Michael Kidd-Gilchrist,michael kidd-gilchrist,2012,2.0,2013,0,78,26.0,9.025641025641026,5.833333333333333,1.5,0.6923076923076923,0.8974358974358975,1.294871794871795,0.02564102564102564,3.6025641025641026,7.858974358974359,1.794871794871795,2.3974358974358974
Jabari Parker,jabari parker,2014,2.0,2015,0,25,29.52,12.32,5.52,1.68,1.24,0.2,1.88,0.16,5.16,10.52,1.84,2.64
D'Angelo Russell,dangelo russell,2015,2.0,2016,0,80,28.2125,13.175,3.425,3.325,1.1625,0.1625,2.45,1.625,4.9,11.95,1.75,2.375
Brandon Ingram,brandon ingram,2016,2.0,2017,0,79,28.860759493670887,9.367088607594937,4.0,2.1012658227848102,0.620253164556962,0.45569620253164556,1.4683544303797469,0.6962025316455697,3.4936708860759493,8.683544303797468,1.6835443037974684,2.7088607594936707
Lonzo Ball,lonzo ball,2017,2.0,2018,0,52,34.26923076923077,10.153846153846153,6.923076923076923,7.230769230769231,1.6923076923076923,0.8269230769230769,2.6153846153846154,1.7307692307692308,3.9038461538461537,10.846153846153847,0.6153846153846154,1.3653846153846154
Marvin Bagley III,marvin bagley,2018,2.0,2019,0,62,25.241935483870968,14.887096774193548,7.596774193548387,1.0,0.532258064516129,0.9516129032258065,1.5806451612903225,0.4838709677419355,5.741935483870968,11.387096774193548,2.9193548387096775,4.225806451612903
Ja Morant,ja morant,2019,2.0,2020,0,67,30.955223880597014,17.80597014925373,3.8656716417910446,7.2835820895522385,0.8656716417910447,0.26865671641791045,3.283582089552239,0.8955223880597015,6.6716417910447765,13.985074626865671,3.5671641791044775,4.597014925373134
James Wiseman,james wiseman,2020,2.0,2021,0,39,21.46153846153846,11.487179487179487,5.794871794871795,0.6666666666666666,0.28205128205128205,0.9230769230769231,1.5384615384615385,0.3076923076923077,4.897435897435898,9.435897435897436,1.3846153846153846,2.2051282051282053
Chet Holmgren,chet holmgren,2022,2.0,2024,1,82,29.426829268292682,16.548780487804876,7.902439024390244,2.4390243902439024,0.6463414634146342,2.317073170731707,1.5975609756097562,1.5731707317073171,6.158536585365853,11.621951219512194,2.658536585365854,3.3536585365853657
Brandon Miller,brandon miller,2023,2.0,2024,0,74,32.2027027027027,17.283783783783782,4.256756756756757,2.364864864864865,0.8918918918918919,0.5675675675675675,1.7837837837837838,2.4864864864864864,6.4324324324324325,14.635135135135135,1.9324324324324325,2.3378378378378377
Dylan Harper,dylan harper,2025,2.0,2026,0,70,22.67142857142857,11.914285714285715,3.442857142857143,3.8,0.7714285714285715,0.34285714285714286,1.4142857142857144,0.9428571428571428,4.828571428571428,9.571428571428571,1.3142857142857143,1.7285714285714286
Derrick Favors,derrick favors,2010,3.0,2011,0,78,19.692307692307693,6.833333333333333,5.282051282051282,0.5,0.3717948717948718,0.8717948717948718,0.9871794871794872,0.0,2.7564102564102564,5.333333333333333,1.3205128205128205,2.217948717948718
Otto Porter,otto porter,2013,3.0,2014,0,35,9.142857142857142,2.2285714285714286,1.6285714285714286,0.2857142857142857,0.22857142857142856,0.02857142857142857,0.4,0.11428571428571428,0.9428571428571428,2.6,0.22857142857142856,0.34285714285714286
Bradley Beal,bradley beal,2012,3.0,2013,0,56,31.160714285714285,13.928571428571429,3.767857142857143,2.4464285714285716,0.8928571428571429,0.5178571428571429,1.6071428571428572,1.625,5.035714285714286,12.267857142857142,2.232142857142857,2.8392857142857144
Joel Embiid,joel embiid,2014,3.0,2017,2,31,25.35483870967742,20.225806451612904,7.838709677419355,2.129032258064516,0.8709677419354839,2.4516129032258065,3.774193548387097,1.1612903225806452,6.451612903225806,13.838709677419354,6.161290322580645,7.870967741935484
Jahlil Okafor,jahlil okafor,2015,3.0,2016,0,53,30.07547169811321,17.50943396226415,7.037735849056604,1.2264150943396226,0.41509433962264153,1.150943396226415,2.339622641509434,0.018867924528301886,7.490566037735849,14.735849056603774,2.509433962264151,3.660377358490566
Jaylen Brown,jaylen brown,2016,3.0,2017,0,78,17.205128205128204,6.602564102564102,2.8205128205128207,0.8205128205128205,0.44871794871794873,0.23076923076923078,0.8717948717948718,0.5897435897435898,2.4615384615384617,5.423076923076923,1.0897435897435896,1.5897435897435896
Jayson Tatum,jayson tatum,2017,3.0,2018,0,79,30.531645569620252,13.962025316455696,5.037974683544304,1.620253164556962,1.0506329113924051,0.7341772151898734,1.3924050632911393,1.3164556962025316,5.0,10.481012658227849,2.6455696202531644,3.189873417721519
R.J. Barrett,rj barrett,2019,3.0,2020,0,56,30.464285714285715,14.339285714285714,4.982142857142857,2.5535714285714284,0.9821428571428571,0.30357142857142855,2.2142857142857144,1.125,5.214285714285714,12.982142857142858,2.7857142857142856,4.535714285714286
Evan Mobley,evan mobley,2021,3.0,2022,0,69,33.7536231884058,14.985507246376812,8.26086956521739,2.5217391304347827,0.8115942028985508,1.6666666666666667,1.9275362318840579,0.3333333333333333,6.115942028985507,12.028985507246377,2.420289855072464,3.652173913043478
Jabari Smith,jabari smith,2022,3.0,2023,0,79,31.0126582278481,12.784810126582279,7.2025316455696204,1.2784810126582278,0.5443037974683544,0.9367088607594937,1.3164556962025316,1.518987341772152,4.6075949367088604,11.291139240506329,2.050632911392405,2.607594936708861
Reed Sheppard,reed sheppard,2024,3.0,2025,0,52,12.576923076923077,4.403846153846154,1.5,1.4423076923076923,0.6730769230769231,0.3269230769230769,0.7115384615384616,0.9230769230769231,1.6153846153846154,4.596153846153846,0.25,0.3076923076923077
V.J. Edgecombe,vj edgecombe,2025,3.0,2026,0,75,35.013333333333335,15.986666666666666,5.64,4.2,1.4266666666666667,0.52,1.8266666666666667,1.9866666666666666,6.013333333333334,13.733333333333333,1.9733333333333334,2.4133333333333336
Dion Waiters,dion waiters,2012,4.0,2013,0,60,28.816666666666666,14.6,2.466666666666667,2.933333333333333,0.9666666666666667,0.25,1.9833333333333334,1.0333333333333334,5.5,13.366666666666667,2.566666666666667,3.4166666666666665
Tristan Thompson,tristan thompson,2011,4.0,2012,0,60,23.666666666666668,8.233333333333333,6.483333333333333,0.45,0.45,1.0333333333333334,1.35,0.0,3.2333333333333334,7.366666666666666,1.7666666666666666,3.2
Cody Zeller,cody zeller,2013,4.0,2014,0,81,17.19753086419753,5.962962962962963,4.283950617283951,1.1111111111111112,0.49382716049382713,0.49382716049382713,1.037037037037037,0.0,2.0987654320987654,4.901234567901234,1.7654320987654322,2.419753086419753
Aaron Gordon,aaron gordon,2014,4.0,2015,0,47,16.95744680851064,5.170212765957447,3.595744680851064,0.7021276595744681,0.44680851063829785,0.46808510638297873,0.8085106382978723,0.2765957446808511,1.9787234042553192,4.425531914893617,0.9361702127659575,1.297872340425532
Josh Jackson,josh jackson,2017,4.0,2018,0,77,25.454545454545453,13.142857142857142,4.558441558441558,1.5454545454545454,1.0389610389610389,0.45454545454545453,1.896103896103896,0.7402597402597403,5.0519480519480515,12.103896103896103,2.2987012987012987,3.6233766233766236
De'Andre Hunter,deandre hunter,2019,4.0,2020,0,63,31.984126984126984,12.34920634920635,4.5396825396825395,1.7619047619047619,0.6984126984126984,0.2857142857142857,1.6349206349206349,1.7142857142857142,4.444444444444445,10.857142857142858,1.746031746031746,2.2857142857142856
Jaren Jackson Jr.,jaren jackson,2018,4.0,2019,0,58,26.137931034482758,13.758620689655173,4.689655172413793,1.103448275862069,0.896551724137931,1.4137931034482758,1.6896551724137931,0.8793103448275862,5.137931034482759,10.155172413793103,2.603448275862069,3.396551724137931
Patrick Williams,patrick williams,2020,4.0,2021,0,48,28.5,9.791666666666666,4.75,1.3333333333333333,0.7916666666666666,0.6875,1.4166666666666667,0.8333333333333334,3.8333333333333335,7.979166666666667,1.2916666666666667,1.7083333333333333
Scottie Barnes,scottie barnes,2021,4.0,2022,0,74,35.36486486486486,15.324324324324325,7.527027027027027,3.4594594594594597,1.0810810810810811,0.7432432432432432,1.837837837837838,0.7837837837837838,6.202702702702703,12.594594594594595,2.135135135135135,2.9054054054054053
Keegan Murray,keegan murray,2022,4.0,2023,0,80,29.7625,12.2,4.6375,1.225,0.7625,0.525,0.75,2.575,4.425,9.775,0.775,1.0125
Stephon Castle,stephon castle,2024,4.0,2025,0,81,26.691358024691358,14.691358024691358,3.6666666666666665,4.098765432098766,0.9135802469135802,0.2716049382716049,2.185185185185185,1.1728395061728396,5.222222222222222,12.197530864197532,3.074074074074074,4.246913580246914
Kon Knueppel,kon knueppel,2025,4.0,2026,0,81,31.469135802469136,18.493827160493826,5.333333333333333,3.382716049382716,0.7037037037037037,0.2345679012345679,1.9876543209876543,3.3703703703703702,6.3580246913580245,13.382716049382717,2.4074074074074074,2.7901234567901234
DeMarcus Cousins,demarcus cousins,2010,5.0,2011,0,81,28.51851851851852,14.11111111111111,8.62962962962963,2.5185185185185186,1.0493827160493827,0.8395061728395061,3.308641975308642,0.037037037037037035,5.333333333333333,12.395061728395062,3.4074074074074074,4.962962962962963
Thomas Robinson,thomas robinson,2012,5.0,2013,0,70,15.114285714285714,4.757142857142857,4.5,0.6571428571428571,0.5857142857142857,0.37142857142857144,1.2571428571428571,0.0,1.9714285714285715,4.585714285714285,0.8142857142857143,1.5571428571428572
Alex Len,alex len,2013,5.0,2014,0,41,8.78048780487805,2.097560975609756,2.4146341463414633,0.0975609756097561,0.0975609756097561,0.43902439024390244,0.6341463414634146,0.0,0.8048780487804879,1.9024390243902438,0.4878048780487805,0.7560975609756098
Kris Dunn,kris dunn,2016,5.0,2017,0,78,17.064102564102566,3.7564102564102564,2.128205128205128,2.41025641025641,1.0,0.46153846153846156,1.141025641025641,0.2692307692307692,1.5128205128205128,4.012820512820513,0.46153846153846156,0.7564102564102564
De'Aaron Fox,deaaron fox,2017,5.0,2018,0,73,27.71232876712329,11.561643835616438,2.7945205479452055,4.383561643835616,0.958904109589041,0.273972602739726,2.3698630136986303,0.6438356164383562,4.493150684931507,10.917808219178083,1.9315068493150684,2.671232876712329
Trae Young,trae young,2018,5.0,2019,0,81,30.901234567901234,19.123456790123456,3.7160493827160495,8.061728395061728,0.8888888888888888,0.18518518518518517,3.802469135802469,1.9259259259259258,6.481481481481482,15.506172839506172,4.234567901234568,5.111111111111111
Darius Garland,darius garland,2019,5.0,2020,0,59,30.93220338983051,12.338983050847459,1.88135593220339,3.8813559322033897,0.711864406779661,0.06779661016949153,2.559322033898305,1.7796610169491525,4.745762711864407,11.847457627118644,1.0677966101694916,1.2203389830508475
Isaac Okoro,isaac okoro,2020,5.0,2021,0,64,32.5625,9.46875,3.140625,1.921875,0.921875,0.375,1.328125,0.90625,3.4375,8.328125,1.6875,2.359375
Jalen Suggs,jalen suggs,2021,5.0,2022,0,48,27.1875,11.75,3.5625,4.354166666666667,1.2291666666666667,0.3958333333333333,2.9791666666666665,0.875,4.125,11.416666666666666,2.625,3.3958333333333335
Jaden Ivey,jaden ivey,2022,5.0,2023,0,74,31.094594594594593,16.27027027027027,3.891891891891892,5.22972972972973,0.8243243243243243,0.22972972972972974,3.2027027027027026,1.6216216216216217,5.527027027027027,13.283783783783784,3.5945945945945947,4.8108108108108105
Ace Bailey,ace bailey,2025,5.0,2026,0,72,27.555555555555557,13.791666666666666,4.194444444444445,1.8194444444444444,0.8333333333333334,0.6805555555555556,1.4861111111111112,1.9027777777777777,5.486111111111111,12.38888888888889,0.9166666666666666,1.2222222222222223
Ekpe Udoh,ekpe udoh,2010,6.0,2011,0,58,17.775862068965516,4.068965517241379,3.1206896551724137,0.6896551724137931,0.3793103448275862,1.4827586206896552,0.8275862068965517,0.0,1.6724137931034482,3.8275862068965516,0.7241379310344828,1.103448275862069
Damian Lillard,damian lillard,2012,6.0,2013,0,81,38.60493827160494,19.160493827160494,3.1604938271604937,6.45679012345679,0.9012345679012346,0.2345679012345679,2.962962962962963,2.259259259259259,6.790123456790123,15.765432098765432,3.3209876543209877,3.9382716049382718
Willie Cauley-Stein,willie cauley-stein,2015,6.0,2016,0,66,21.37878787878788,7.015151515151516,5.333333333333333,0.5606060606060606,0.7272727272727273,1.0,0.696969696969697,0.0,2.893939393939394,5.136363636363637,1.2272727272727273,1.893939393939394
Marcus Smart,marcus smart,2014,6.0,2015,0,67,27.01492537313433,7.8059701492537314,3.3134328358208953,3.1044776119402986,1.4776119402985075,0.26865671641791045,1.3432835820895523,1.3582089552238805,2.611940298507463,7.119402985074627,1.2238805970149254,1.8955223880597014
Nerlens Noel,nerlens noel,2013,6.0,2015,1,75,30.813333333333333,9.92,8.146666666666667,1.7066666666666668,1.7733333333333334,1.8933333333333333,1.9466666666666668,0.0,4.026666666666666,8.706666666666667,1.8666666666666667,3.066666666666667
Buddy Hield,buddy hield,2016,6.0,2017,0,82,22.963414634146343,10.560975609756097,3.292682926829268,1.475609756097561,0.4634146341463415,0.10975609756097561,1.2317073170731707,1.8048780487804879,3.9878048780487805,9.353658536585366,0.7804878048780488,0.926829268292683
Jonathan Isaac,jonathan isaac,2017,6.0,2018,0,27,19.88888888888889,5.37037037037037,3.6666666666666665,0.6666666666666666,1.2222222222222223,1.1111111111111112,1.0,0.5925925925925926,2.037037037037037,5.37037037037037,0.7037037037037037,0.9259259259259259
Jarrett Culver,jarrett culver,2019,6.0,2020,0,63,23.952380952380953,9.206349206349206,3.365079365079365,1.746031746031746,0.9047619047619048,0.6031746031746031,1.2857142857142858,1.0476190476190477,3.6507936507936507,9.031746031746032,0.8571428571428571,1.8571428571428572
Onyeka Okongwu,onyeka okongwu,2020,6.0,2021,0,48,11.958333333333334,4.541666666666667,3.2291666666666665,0.375,0.4791666666666667,0.6875,0.5833333333333334,0.0,1.8958333333333333,3.0,0.75,1.1875
Bennedict Mathurin,bennedict mathurin,2022,6.0,2023,0,78,28.5,16.692307692307693,4.076923076923077,1.4871794871794872,0.6153846153846154,0.16666666666666666,1.9487179487179487,1.2820512820512822,5.294871794871795,12.192307692307692,4.82051282051282,5.82051282051282
Anthony Black,anthony black,2023,6.0,2024,0,67,17.34328358208955,4.7164179104477615,2.074626865671642,1.3582089552238805,0.5223880597014925,0.31343283582089554,0.835820895522388,0.5522388059701493,1.7164179104477613,3.6865671641791047,0.7313432835820896,1.1940298507462686
Tre Johnson,tre johnson,2025,6.0,2026,0,60,23.966666666666665,12.216666666666667,2.8333333333333335,2.033333333333333,0.55,0.3,1.55,1.9166666666666667,4.516666666666667,10.783333333333333,1.2666666666666666,1.45
Greg Monroe,greg monroe,2010,7.0,2011,0,80,27.7875,9.3875,7.5125,1.3125,1.1625,0.5625,1.0125,0.0,3.7875,6.875,1.8125,2.9125
Harrison Barnes,harrison barnes,2012,7.0,2013,0,81,25.444444444444443,9.234567901234568,4.111111111111111,1.2098765432098766,0.6419753086419753,0.1728395061728395,1.2469135802469136,0.6419753086419753,3.4074074074074074,7.753086419753086,1.7777777777777777,2.345679012345679
Ben McLemore,ben mclemore,2013,7.0,2014,0,82,26.646341463414632,8.78048780487805,2.8658536585365852,1.0,0.5487804878048781,0.21951219512195122,1.170731707317073,1.1585365853658536,3.1097560975609757,8.28048780487805,1.4024390243902438,1.7439024390243902
Julius Randle,julius randle,2014,7.0,2015,0,1,14.0,2.0,0.0,0.0,0.0,0.0,1.0,0.0,1.0,3.0,0.0,2.0
Jamal Murray,jamal murray,2016,7.0,2017,0,82,21.524390243902438,9.890243902439025,2.6097560975609757,2.073170731707317,0.6219512195121951,0.2926829268292683,1.3780487804878048,1.4024390243902438,3.597560975609756,8.902439024390244,1.2926829268292683,1.4634146341463414
Lauri Markkanen,lauri markkanen,2017,7.0,2018,0,68,29.735294117647058,15.191176470588236,7.470588235294118,1.161764705882353,0.5735294117647058,0.5882352941176471,1.2205882352941178,2.1323529411764706,5.5,12.676470588235293,2.0588235294117645,2.4411764705882355
Wendell Carter Jr.,wendell carter,2018,7.0,2019,0,44,25.272727272727273,10.340909090909092,6.9772727272727275,1.7727272727272727,0.5909090909090909,1.3181818181818181,1.4772727272727273,0.13636363636363635,4.090909090909091,8.431818181818182,2.022727272727273,2.5454545454545454
Coby White,coby white,2019,7.0,2020,0,65,25.861538461538462,13.215384615384615,3.5384615384615383,2.6923076923076925,0.7538461538461538,0.09230769230769231,1.676923076923077,2.046153846153846,4.8,12.184615384615384,1.5692307692307692,1.9846153846153847
Donovan Clingan,donovan clingan,2024,7.0,2025,0,67,19.80597014925373,6.507462686567164,7.865671641791045,1.1492537313432836,0.5074626865671642,1.6417910447761195,1.0746268656716418,0.208955223880597,2.6865671641791047,4.985074626865671,0.9253731343283582,1.5522388059701493
Jeremiah Fears,jeremiah fears,2025,7.0,2026,0,82,25.73170731707317,14.25609756097561,3.658536585365854,3.402439024390244,1.1829268292682926,0.36585365853658536,2.1707317073170733,1.2317073170731707,5.329268292682927,12.268292682926829,2.3658536585365852,3.0
Al-Farouq Aminu,al-farouq aminu,2010,8.0,2011,0,80,18.075,5.65,3.3125,0.75,0.7375,0.3125,1.2875,0.5625,1.9875,5.0375,1.1125,1.4375
Brandon Knight,brandon knight,2011,8.0,2012,0,66,32.28787878787879,12.833333333333334,3.196969696969697,3.803030303030303,0.7424242424242424,0.15151515151515152,2.590909090909091,1.5909090909090908,4.833333333333333,11.651515151515152,1.5757575757575757,2.0757575757575757
Terrence Ross,terrence ross,2012,8.0,2013,0,73,16.986301369863014,6.397260273972603,1.9726027397260273,0.726027397260274,0.589041095890411,0.1917808219178082,0.6575342465753424,0.8904109589041096,2.547945205479452,6.260273972602739,0.410958904109589,0.5753424657534246
Kentavious Caldwell-Pope,kentavious caldwell-pope,2013,8.0,2014,0,80,19.775,5.875,1.95,0.6875,0.9375,0.15,0.35,0.7375,2.275,5.75,0.5875,0.7625
Nik Stauskas,nik stauskas,2014,8.0,2015,0,72,15.680555555555555,4.430555555555555,1.2222222222222223,0.9305555555555556,0.2777777777777778,0.2361111111111111,0.5555555555555556,0.6666666666666666,1.5,4.111111111111111,0.7638888888888888,0.8888888888888888
Stanley Johnson,stanley johnson,2015,8.0,2016,0,73,23.08219178082192,8.123287671232877,4.191780821917808,1.6164383561643836,0.7534246575342466,0.1643835616438356,1.5616438356164384,0.863013698630137,3.0821917808219177,8.219178082191782,1.095890410958904,1.3972602739726028
Marquese Chriss,marquese chriss,2016,8.0,2017,0,82,21.21951219512195,9.182926829268293,4.2439024390243905,0.7317073170731707,0.8170731707317073,0.8536585365853658,1.3170731707317074,0.8780487804878049,3.4634146341463414,7.7073170731707314,1.3780487804878048,2.207317073170732
Collin Sexton,collin sexton,2018,8.0,2019,0,82,31.841463414634145,16.71951219512195,2.8780487804878048,2.9634146341463414,0.5365853658536586,0.07317073170731707,2.2560975609756095,1.451219512195122,6.329268292682927,14.707317073170731,2.6097560975609757,3.1097560975609757
Obi Toppin,obi toppin,2020,8.0,2021,0,59,11.220338983050848,4.220338983050848,2.2711864406779663,0.4915254237288136,0.288135593220339,0.2542372881355932,0.3898305084745763,0.4406779661016949,1.728813559322034,3.440677966101695,0.3220338983050847,0.4406779661016949
Jaxson Hayes,jaxson hayes,2019,8.0,2020,0,64,16.875,7.375,4.046875,0.875,0.40625,0.859375,0.828125,0.015625,2.71875,4.046875,1.921875,2.96875
Franz Wagner,franz wagner,2021,8.0,2022,0,78,31.102564102564102,15.346153846153847,4.564102564102564,2.9615384615384617,0.8717948717948718,0.4358974358974359,1.5256410256410255,1.2307692307692308,5.846153846153846,12.5,2.423076923076923,2.8076923076923075
Jarace Walker,jarace walker,2023,8.0,2024,0,33,10.363636363636363,3.6363636363636362,1.9090909090909092,1.2121212121212122,0.45454545454545453,0.3333333333333333,0.5151515151515151,0.6666666666666666,1.3636363636363635,3.3333333333333335,0.24242424242424243,0.2727272727272727
Rob Dillingham,rob dillingham,2024,8.0,2025,0,49,10.63265306122449,4.469387755102041,1.0204081632653061,2.0,0.40816326530612246,0.02040816326530612,1.0816326530612246,0.5102040816326531,1.8979591836734695,4.3061224489795915,0.16326530612244897,0.30612244897959184
Egor Demin,egor demin,2025,8.0,2026,0,52,25.096153846153847,10.307692307692308,3.173076923076923,3.326923076923077,0.8076923076923077,0.3269230769230769,1.6538461538461537,2.3846153846153846,3.4423076923076925,8.634615384615385,1.0384615384615385,1.25
Gordon Hayward,gordon hayward,2010,9.0,2011,0,71,17.154929577464788,5.464788732394366,1.9577464788732395,1.1408450704225352,0.4225352112676056,0.2676056338028169,0.9859154929577465,0.49295774647887325,2.0,4.126760563380282,0.971830985915493,1.3661971830985915
Kemba Walker,kemba walker,2011,9.0,2012,0,66,27.12121212121212,12.106060606060606,3.5454545454545454,4.378787878787879,0.9090909090909091,0.30303030303030304,1.803030303030303,1.0454545454545454,4.257575757575758,11.621212121212121,2.5454545454545454,3.227272727272727
Andre Drummond,andre drummond,2012,9.0,2013,0,59,20.610169491525422,7.762711864406779,7.440677966101695,0.4915254237288136,0.9661016949152542,1.5932203389830508,0.9661016949152542,0.01694915254237288,3.3728813559322033,5.5423728813559325,1.0,2.6779661016949152
Frank Kaminsky,frank kaminsky,2015,9.0,2016,0,81,21.14814814814815,7.481481481481482,4.135802469135802,1.2098765432098766,0.4691358024691358,0.5308641975308642,0.7160493827160493,0.8395061728395061,2.654320987654321,6.481481481481482,1.3333333333333333,1.8271604938271604
Trey Burke,trey burke,2013,9.0,2014,0,70,32.31428571428572,12.785714285714286,2.9714285714285715,5.6571428571428575,0.6,0.08571428571428572,1.8714285714285714,1.5857142857142856,4.871428571428571,12.814285714285715,1.457142857142857,1.6142857142857143
Noah Vonleh,noah vonleh,2014,9.0,2015,0,25,10.28,3.32,3.44,0.16,0.16,0.36,0.44,0.2,1.2,3.04,0.72,1.04
Jakob Poeltl,jakob poeltl,2016,9.0,2017,0,54,11.555555555555555,3.0555555555555554,3.0555555555555554,0.2222222222222222,0.3148148148148148,0.37037037037037035,0.5370370370370371,0.0,1.2407407407407407,2.1296296296296298,0.5740740740740741,1.0555555555555556
"Dennis Smith, Jr.",dennis smith,2017,9.0,2018,0,69,29.73913043478261,15.18840579710145,3.7681159420289854,5.188405797101449,1.0289855072463767,0.2608695652173913,2.8115942028985508,1.536231884057971,5.855072463768116,14.840579710144928,1.9420289855072463,2.7971014492753623
Rui Hachimura,rui hachimura,2019,9.0,2020,0,48,30.125,13.520833333333334,6.125,1.8125,0.7708333333333334,0.16666666666666666,1.1041666666666667,0.5208333333333334,5.291666666666667,11.354166666666666,2.4166666666666665,2.9166666666666665
Davion Mitchell,davion mitchell,2021,9.0,2022,0,75,27.733333333333334,11.48,2.2133333333333334,4.173333333333333,0.7333333333333333,0.32,1.52,1.3466666666666667,4.693333333333333,11.24,0.7466666666666667,1.1333333333333333
Kevin Knox,kevin knox,2018,9.0,2019,0,74,28.864864864864863,12.95945945945946,4.5,1.1081081081081081,0.581081081081081,0.32432432432432434,1.527027027027027,1.6891891891891893,4.54054054054054,12.243243243243244,2.189189189189189,3.054054054054054
Zach Edey,zach edey,2024,9.0,2025,0,66,21.5,9.242424242424242,8.303030303030303,0.9848484848484849,0.5454545454545454,1.2878787878787878,1.3333333333333333,0.2727272727272727,3.803030303030303,6.5606060606060606,1.3636363636363635,1.9242424242424243
Jeremy Sochan,jeremy sochan,2022,9.0,2023,0,56,25.982142857142858,10.964285714285714,5.267857142857143,2.5357142857142856,0.7678571428571429,0.4107142857142857,1.7321428571428572,0.5892857142857143,4.464285714285714,9.857142857142858,1.4464285714285714,2.0714285714285716
Taylor Hendricks,taylor hendricks,2023,9.0,2024,0,40,21.4,7.3,4.625,0.8,0.7,0.75,0.675,1.325,2.7,6.0,0.575,0.725
Collin Murray-Boyles,collin murray-boyles,2025,9.0,2026,0,57,21.842105263157894,8.491228070175438,5.0,1.8596491228070176,0.9122807017543859,0.9298245614035088,1.0350877192982457,0.2982456140350877,3.473684210526316,6.0,1.2456140350877194,1.894736842105263
Jimmer Fredette,jimmer fredette,2011,10.0,2012,0,61,18.59016393442623,7.573770491803279,1.1967213114754098,1.7704918032786885,0.4918032786885246,0.04918032786885246,1.098360655737705,1.278688524590164,2.819672131147541,7.311475409836065,0.6557377049180327,0.7868852459016393
Paul George,paul george,2010,10.0,2011,0,61,20.688524590163933,7.80327868852459,3.6721311475409837,1.0655737704918034,1.0163934426229508,0.4262295081967213,1.1475409836065573,0.6721311475409836,2.9344262295081966,6.475409836065574,1.2622950819672132,1.6557377049180328
C.J. McCollum,cj mccollum,2013,10.0,2014,0,38,12.578947368421053,5.2894736842105265,1.263157894736842,0.7105263157894737,0.3684210526315789,0.05263157894736842,0.9210526315789473,0.7894736842105263,1.9473684210526316,4.684210526315789,0.6052631578947368,0.8947368421052632
Austin Rivers,austin rivers,2012,10.0,2013,0,60,23.216666666666665,6.133333333333334,1.7833333333333334,2.1166666666666667,0.4,0.15,1.2166666666666666,0.4666666666666667,2.3666666666666667,6.366666666666666,0.9333333333333333,1.7333333333333334
Elfrid Payton,elfrid payton,2014,10.0,2015,0,82,30.365853658536587,8.914634146341463,4.2560975609756095,6.5,1.7317073170731707,0.24390243902439024,2.475609756097561,0.13414634146341464,3.6707317073170733,8.634146341463415,1.4390243902439024,2.6097560975609757
Justise Winslow,justise winslow,2015,10.0,2016,0,78,28.67948717948718,6.435897435897436,5.166666666666667,1.5128205128205128,0.8717948717948718,0.3333333333333333,1.2179487179487178,0.41025641025641024,2.5,5.923076923076923,1.0256410256410255,1.5
Mikal Bridges,mikal bridges,2018,10.0,2019,0,81,29.864197530864196,8.444444444444445,3.259259259259259,2.1358024691358026,1.5925925925925926,0.4691358024691358,0.8641975308641975,1.2962962962962963,2.9876543209876543,6.950617283950617,1.1728395061728396,1.4567901234567902
Zach Collins,zach collins,2017,10.0,2018,0,66,15.833333333333334,4.424242424242424,3.3484848484848486,0.7878787878787878,0.25757575757575757,0.4696969696969697,0.8787878787878788,0.5303030303030303,1.7424242424242424,4.378787878787879,0.4090909090909091,0.6363636363636364
Jalen Smith,jalen smith,2020,10.0,2021,0,26,5.923076923076923,2.0384615384615383,1.4230769230769231,0.15384615384615385,0.038461538461538464,0.19230769230769232,0.2692307692307692,0.15384615384615385,0.8461538461538461,1.9230769230769231,0.19230769230769232,0.2692307692307692
Cam Reddish,cam reddish,2019,10.0,2020,0,58,26.724137931034484,10.517241379310345,3.7241379310344827,1.5,1.0689655172413792,0.4827586206896552,1.6551724137931034,1.4310344827586208,3.6724137931034484,9.551724137931034,1.7413793103448276,2.1724137931034484
Ziaire Williams,ziaire williams,2021,10.0,2022,0,62,21.677419354838708,8.080645161290322,2.0806451612903225,1.0483870967741935,0.5645161290322581,0.1935483870967742,0.6612903225806451,1.2258064516129032,3.0806451612903225,6.838709677419355,0.6935483870967742,0.8870967741935484
Johnny Davis,johnny davis,2022,10.0,2023,0,28,15.107142857142858,5.821428571428571,2.3214285714285716,1.0,0.35714285714285715,0.2857142857142857,0.6071428571428571,0.6071428571428571,2.357142857142857,6.107142857142857,0.5,0.9642857142857143
Cason Wallace,cason wallace,2023,10.0,2024,0,82,20.670731707317074,6.841463414634147,2.2804878048780486,1.4634146341463414,0.926829268292683,0.45121951219512196,0.5487804878048781,1.1951219512195121,2.6463414634146343,5.390243902439025,0.35365853658536583,0.45121951219512196
Cody Williams,cody williams,2024,10.0,2025,0,50,21.12,4.6,2.26,1.18,0.46,0.32,0.88,0.7,1.66,5.14,0.58,0.8
Khaman Maluach,khaman maluach,2025,10.0,2026,0,46,8.91304347826087,3.0217391304347827,2.891304347826087,0.13043478260869565,0.10869565217391304,0.717391304347826,0.5434782608695652,0.10869565217391304,1.2173913043478262,2.282608695652174,0.4782608695652174,0.6739130434782609
Cole Aldrich,cole aldrich,2010,11.0,2011,0,18,7.777777777777778,1.0,1.9444444444444444,0.2222222222222222,0.2777777777777778,0.3888888888888889,0.4444444444444444,0.0,0.4444444444444444,0.8333333333333334,0.1111111111111111,0.2222222222222222
Klay Thompson,klay thompson,2011,11.0,2012,0,66,24.424242424242426,12.515151515151516,2.4393939393939394,2.015151515151515,0.7424242424242424,0.30303030303030304,1.5606060606060606,1.6818181818181819,4.818181818181818,10.878787878787879,1.196969696969697,1.378787878787879
Doug McDermott,doug mcdermott,2014,11.0,2015,0,35,9.114285714285714,3.1142857142857143,1.2285714285714286,0.17142857142857143,0.11428571428571428,0.02857142857142857,0.4857142857142857,0.37142857142857144,1.2285714285714286,3.057142857142857,0.2857142857142857,0.42857142857142855
Meyers Leonard,meyers leonard,2012,11.0,2013,0,68,17.676470588235293,5.544117647058823,3.75,0.4852941176470588,0.16176470588235295,0.5588235294117647,0.7205882352941176,0.04411764705882353,2.2205882352941178,4.073529411764706,1.0588235294117647,1.3088235294117647
Michael Carter-Williams,michael carter-williams,2013,11.0,2014,0,70,34.5,16.67142857142857,6.242857142857143,6.3,1.8571428571428572,0.6142857142857143,3.5285714285714285,0.7857142857142857,6.1,15.057142857142857,3.6857142857142855,5.242857142857143
Domantas Sabonis,domantas sabonis,2016,11.0,2017,0,81,20.135802469135804,5.91358024691358,3.5555555555555554,1.0123456790123457,0.48148148148148145,0.3950617283950617,1.0246913580246915,0.6296296296296297,2.3703703703703702,5.938271604938271,0.5432098765432098,0.8271604938271605
Myles Turner,myles turner,2015,11.0,2016,0,60,22.8,10.316666666666666,5.533333333333333,0.6833333333333333,0.4166666666666667,1.4333333333333333,1.1166666666666667,0.05,4.4,8.833333333333334,1.4666666666666666,2.0166666666666666
Cameron Johnson,cameron johnson,2019,11.0,2020,0,57,21.964912280701753,8.842105263157896,3.280701754385965,1.2105263157894737,0.631578947368421,0.3508771929824561,0.5614035087719298,1.8596491228070176,3.087719298245614,7.105263157894737,0.8070175438596491,1.0
Malik Monk,malik monk,2017,11.0,2018,0,63,13.53968253968254,6.682539682539683,1.0476190476190477,1.4444444444444444,0.31746031746031744,0.14285714285714285,0.7777777777777778,1.3174603174603174,2.4285714285714284,6.746031746031746,0.5079365079365079,0.6031746031746031
Shai Gilgeous-Alexander,shai gilgeous-alexander,2018,11.0,2019,0,82,26.524390243902438,10.841463414634147,2.8292682926829267,3.292682926829268,1.170731707317073,0.5487804878048781,1.7195121951219512,0.6219512195121951,4.158536585365853,8.731707317073171,1.9024390243902438,2.3780487804878048
Devin Vassell,devin vassell,2020,11.0,2021,0,60,17.55,5.633333333333334,2.8833333333333333,0.9333333333333333,0.7166666666666667,0.3,0.36666666666666664,0.85,2.033333333333333,5.016666666666667,0.7166666666666667,0.85
James Bouknight,james bouknight,2021,11.0,2022,0,30,10.133333333333333,4.733333333333333,1.7333333333333334,0.8666666666666667,0.23333333333333334,0.03333333333333333,0.5,0.5666666666666667,1.6333333333333333,4.7,0.9,1.0333333333333334
Cedric Coward,cedric coward,2025,11.0,2026,0,62,25.838709677419356,13.596774193548388,5.870967741935484,2.7580645161290325,0.6451612903225806,0.43548387096774194,1.6935483870967742,1.5,4.919354838709677,10.451612903225806,2.2580645161290325,2.6774193548387095
Jett Howard,jett howard,2023,11.0,2024,0,18,3.5555555555555554,1.6111111111111112,0.3888888888888889,0.3333333333333333,0.1111111111111111,0.1111111111111111,0.16666666666666666,0.3888888888888889,0.5555555555555556,1.6666666666666667,0.1111111111111111,0.2222222222222222
Xavier Henry,xavier henry,2010,12.0,2011,0,37,14.216216216216216,4.45945945945946,1.0,0.4864864864864865,0.2972972972972973,0.08108108108108109,0.35135135135135137,0.05405405405405406,1.7567567567567568,4.324324324324325,0.8918918918918919,1.4054054054054055
Alec Burks,alec burks,2011,12.0,2012,0,59,15.932203389830509,7.203389830508475,2.23728813559322,0.9322033898305084,0.4576271186440678,0.0847457627118644,0.864406779661017,0.2542372881355932,2.593220338983051,6.0508474576271185,1.7627118644067796,2.4237288135593222
Jeremy Lamb,jeremy lamb,2012,12.0,2013,0,23,6.391304347826087,3.0869565217391304,0.782608695652174,0.21739130434782608,0.08695652173913043,0.08695652173913043,0.2608695652173913,0.391304347826087,1.0434782608695652,2.9565217391304346,0.6086956521739131,0.6086956521739131
Taurean Prince,taurean prince,2016,12.0,2017,0,58,16.862068965517242,5.741379310344827,2.706896551724138,0.9482758620689655,0.7413793103448276,0.46551724137931033,1.0517241379310345,0.5689655172413793,1.9482758620689655,4.879310344827586,1.2758620689655173,1.6206896551724137
Steven Adams,steven adams,2013,12.0,2014,0,81,14.814814814814815,3.271604938271605,4.098765432098766,0.5308641975308642,0.49382716049382713,0.7037037037037037,0.8765432098765432,0.0,1.1481481481481481,2.2839506172839505,0.9753086419753086,1.6790123456790123
Trey Lyles,trey lyles,2015,12.0,2016,0,80,17.2875,6.1,3.7375,0.7375,0.325,0.225,0.8125,0.6125,2.3875,5.45,0.7125,1.025
Luke Kennard,luke kennard,2017,12.0,2018,0,73,20.123287671232877,7.6438356164383565,2.410958904109589,1.6986301369863013,0.6027397260273972,0.1780821917808219,0.9452054794520548,1.1095890410958904,2.8219178082191783,6.36986301369863,0.8904109589041096,1.0410958904109588
Miles Bridges,miles bridges,2018,12.0,2019,0,80,21.2125,7.4625,4.0375,1.1875,0.6875,0.6125,0.625,0.8125,2.9625,6.3875,0.725,0.9625
PJ Washington,pj washington,2019,12.0,2020,0,58,30.344827586206897,12.241379310344827,5.448275862068965,2.1206896551724137,0.8793103448275862,0.7586206896551724,1.603448275862069,1.4827586206896552,4.620689655172414,10.155172413793103,1.5172413793103448,2.3448275862068964
Tyrese Haliburton,tyrese haliburton,2020,12.0,2021,0,57,30.105263157894736,13.0,3.017543859649123,5.315789473684211,1.3333333333333333,0.49122807017543857,1.6140350877192982,2.1052631578947367,5.035087719298246,10.68421052631579,0.8245614035087719,0.9473684210526315
Jalen Williams,jalen williams,2022,12.0,2023,0,75,30.373333333333335,14.08,4.493333333333333,3.3066666666666666,1.3733333333333333,0.4666666666666667,1.64,0.9733333333333334,5.52,10.586666666666666,2.066666666666667,2.546666666666667
Joshua Primo,joshua primo,2021,12.0,2022,0,50,19.3,5.76,2.26,1.62,0.4,0.46,1.14,0.84,2.02,5.4,0.88,1.18
Dereck Lively II,dereck lively,2023,12.0,2024,0,55,23.527272727272727,8.781818181818181,6.872727272727273,1.0909090909090908,0.6545454545454545,1.4,0.9090909090909091,0.0,4.0181818181818185,5.381818181818182,0.7454545454545455,1.4727272727272727
Markieff Morris,markieff morris,2011,13.0,2012,0,63,19.50793650793651,7.412698412698413,4.428571428571429,1.0317460317460319,0.6507936507936508,0.6666666666666666,1.1111111111111112,0.6825396825396826,2.761904761904762,6.920634920634921,1.2063492063492063,1.6825396825396826
Ed Davis,ed davis,2010,13.0,2011,0,65,24.661538461538463,7.707692307692308,7.107692307692307,0.6153846153846154,0.6,1.0307692307692307,0.7384615384615385,0.0,3.3076923076923075,5.7384615384615385,1.0923076923076922,1.9692307692307693
Kelly Olynyk,kelly olynyk,2013,13.0,2014,0,70,19.942857142857143,8.67142857142857,5.214285714285714,1.5571428571428572,0.5,0.38571428571428573,1.5142857142857142,0.5714285714285714,3.342857142857143,7.171428571428572,1.4142857142857144,1.7428571428571429
Kendall Marshall,kendall marshall,2012,13.0,2013,0,48,14.6875,2.9791666666666665,0.875,2.9791666666666665,0.4583333333333333,0.08333333333333333,1.1875,0.4791666666666667,1.1666666666666667,3.1458333333333335,0.16666666666666666,0.2916666666666667
Zach LaVine,zach lavine,2014,13.0,2015,0,77,24.753246753246753,10.103896103896103,2.779220779220779,3.5844155844155843,0.7012987012987013,0.12987012987012986,2.5064935064935066,0.7402597402597403,3.7142857142857144,8.792207792207792,1.9350649350649352,2.2987012987012987
Devin Booker,devin booker,2015,13.0,2016,0,76,27.763157894736842,13.789473684210526,2.460526315789474,2.6315789473684212,0.5789473684210527,0.2631578947368421,2.1052631578947367,1.3026315789473684,4.828947368421052,11.407894736842104,2.8289473684210527,3.3684210526315788
Donovan Mitchell,donovan mitchell,2017,13.0,2018,0,79,33.40506329113924,20.455696202531644,3.7468354430379747,3.6835443037974684,1.4936708860759493,0.34177215189873417,2.721518987341772,2.367088607594937,7.531645569620253,17.240506329113924,3.0253164556962027,3.759493670886076
Jerome Robinson,jerome robinson,2018,13.0,2019,0,32,10.0,3.5,1.28125,0.59375,0.34375,0.09375,0.40625,0.5625,1.375,3.4375,0.1875,0.28125
Tyler Herro,tyler herro,2019,13.0,2020,0,55,27.345454545454544,13.50909090909091,4.072727272727272,2.2,0.6181818181818182,0.16363636363636364,1.5818181818181818,2.109090909090909,4.909090909090909,11.472727272727273,1.5818181818181818,1.8181818181818181
Kira Lewis Jr.,kira lewis,2020,13.0,2021,0,33,15.818181818181818,6.696969696969697,1.2121212121212122,2.272727272727273,0.6666666666666666,0.18181818181818182,0.5151515151515151,0.7878787878787878,2.6363636363636362,6.242424242424242,0.6363636363636364,0.8484848484848485
Chris Duarte,chris duarte,2021,13.0,2022,0,55,28.036363636363635,13.090909090909092,4.109090909090909,2.0727272727272728,1.018181818181818,0.18181818181818182,1.6363636363636365,1.709090909090909,4.872727272727273,11.290909090909091,1.6363636363636365,2.036363636363636
Jalen Duren,jalen duren,2022,13.0,2023,0,67,24.970149253731343,9.134328358208956,8.880597014925373,1.1194029850746268,0.6567164179104478,0.8805970149253731,1.373134328358209,0.0,3.8507462686567164,5.940298507462686,1.4328358208955223,2.343283582089552
Devin Carter,devin carter,2024,13.0,2025,0,36,11.027777777777779,3.8333333333333335,2.111111111111111,1.1388888888888888,0.5833333333333334,0.1111111111111111,0.5,0.5,1.3055555555555556,3.5277777777777777,0.7222222222222222,1.2222222222222223
Gradey Dick,gradey dick,2023,13.0,2024,0,60,21.183333333333334,8.5,2.2,1.1333333333333333,0.5666666666666667,0.03333333333333333,0.8333333333333334,1.4666666666666666,3.15,7.416666666666667,0.7333333333333333,0.85
Derik Queen,derik queen,2025,13.0,2026,0,81,25.037037037037038,11.703703703703704,7.061728395061729,3.6790123456790123,1.037037037037037,0.9135802469135802,2.345679012345679,0.2839506172839506,4.37037037037037,9.234567901234568,2.6790123456790123,3.3703703703703702
Patrick Patterson,patrick patterson,2010,14.0,2011,0,51,16.901960784313726,6.392156862745098,3.8823529411764706,0.803921568627451,0.3333333333333333,0.7058823529411765,0.6078431372549019,0.0,2.9019607843137254,5.215686274509804,0.5882352941176471,0.8235294117647058
Marcus Morris,marcus morris,2011,14.0,2012,0,17,7.352941176470588,2.3529411764705883,0.9411764705882353,0.17647058823529413,0.11764705882352941,0.11764705882352941,0.23529411764705882,0.11764705882352941,0.9411764705882353,3.176470588235294,0.35294117647058826,0.47058823529411764
John Henson,john henson,2012,14.0,2013,0,61,13.131147540983607,6.049180327868853,4.770491803278689,0.4918032786885246,0.3114754098360656,0.6721311475409836,0.7540983606557377,0.0,2.5737704918032787,5.344262295081967,0.9016393442622951,1.7049180327868851
Shabazz Muhammad,shabazz muhammad,2013,14.0,2014,0,37,7.837837837837838,3.864864864864865,1.4324324324324325,0.16216216216216217,0.21621621621621623,0.02702702702702703,0.43243243243243246,0.08108108108108109,1.5405405405405406,3.3513513513513513,0.7027027027027027,1.0810810810810811
T.J. Warren,tj warren,2014,14.0,2015,0,40,15.4,6.125,2.125,0.625,0.45,0.225,0.675,0.125,2.825,5.35,0.35,0.475
Denzel Valentine,denzel valentine,2016,14.0,2017,0,56,17.410714285714285,5.196428571428571,2.6964285714285716,1.125,0.5357142857142857,0.125,0.875,1.3035714285714286,1.8214285714285714,5.142857142857143,0.25,0.32142857142857145
Cameron Payne,cameron payne,2015,14.0,2016,0,56,12.535714285714286,5.053571428571429,1.5178571428571428,1.9285714285714286,0.6428571428571429,0.10714285714285714,0.7857142857142857,0.6428571428571429,2.0357142857142856,4.946428571428571,0.3392857142857143,0.42857142857142855
Michael Porter Jr.,michael porter,2018,14.0,2020,1,55,16.4,9.309090909090909,4.709090909090909,0.8363636363636363,0.4909090909090909,0.45454545454545453,0.8909090909090909,1.1272727272727272,3.5454545454545454,6.963636363636364,1.0909090909090908,1.309090909090909
Romeo Langford,romeo langford,2019,14.0,2020,0,31,11.903225806451612,2.5483870967741935,1.3225806451612903,0.41935483870967744,0.25806451612903225,0.25806451612903225,0.3548387096774194,0.16129032258064516,0.9032258064516129,2.5806451612903225,0.5806451612903226,0.8064516129032258
Ochai Agbaji,ochai agbaji,2022,14.0,2023,0,58,20.844827586206897,8.051724137931034,2.086206896551724,1.1551724137931034,0.27586206896551724,0.25862068965517243,0.7068965517241379,1.396551724137931,2.8448275862068964,6.655172413793103,0.9655172413793104,1.1896551724137931
Aaron Nesmith,aaron nesmith,2020,14.0,2021,0,44,14.727272727272727,4.863636363636363,2.727272727272727,0.4772727272727273,0.3409090909090909,0.20454545454545456,0.5227272727272727,0.9090909090909091,1.75,3.977272727272727,0.45454545454545453,0.5909090909090909
Moses Moody,moses moody,2021,14.0,2022,0,52,11.711538461538462,4.384615384615385,1.5384615384615385,0.4423076923076923,0.1346153846153846,0.19230769230769232,0.25,0.7692307692307693,1.5384615384615385,3.519230769230769,0.5384615384615384,0.6923076923076923
Jordan Hawkins,jordan hawkins,2023,14.0,2024,0,66,17.560606060606062,7.9393939393939394,2.242424242424242,1.0606060606060606,0.2878787878787879,0.10606060606060606,0.6060606060606061,1.6515151515151516,2.6363636363636362,6.909090909090909,1.0151515151515151,1.2121212121212122
Carlton Carrington,carlton carrington,2024,14.0,2025,0,82,29.951219512195124,9.841463414634147,4.158536585365853,4.439024390243903,0.6585365853658537,0.25609756097560976,1.7195121951219512,1.6829268292682926,3.658536585365854,9.121951219512194,0.8414634146341463,1.0365853658536586
Carter Bryant,carter bryant,2025,14.0,2026,0,71,11.507042253521126,4.197183098591549,2.507042253521127,0.6619718309859155,0.22535211267605634,0.323943661971831,0.4647887323943662,0.7323943661971831,1.5211267605633803,3.732394366197183,0.4225352112676056,0.5915492957746479
Larry Sanders,larry sanders,2010,15.0,2011,0,60,14.516666666666667,4.333333333333333,2.966666666666667,0.26666666666666666,0.36666666666666664,1.2,0.6333333333333333,0.0,1.9333333333333333,4.466666666666667,0.4666666666666667,0.8333333333333334
Kawhi Leonard,kawhi leonard,2011,15.0,2012,0,64,24.03125,7.921875,5.109375,1.09375,1.328125,0.375,0.6875,0.640625,3.109375,6.3125,1.0625,1.375
Adreian Payne,adreian payne,2014,15.0,2015,0,32,23.15625,6.65625,5.0625,0.9375,0.59375,0.28125,1.375,0.03125,2.84375,6.875,0.9375,1.4375
Kelly Oubre,kelly oubre,2015,15.0,2016,0,62,10.838709677419354,3.806451612903226,2.1451612903225805,0.20967741935483872,0.3548387096774194,0.11290322580645161,0.5483870967741935,0.4032258064516129,1.4516129032258065,3.403225806451613,0.5,0.7903225806451613
Corey Kispert,corey kispert,2021,15.0,2022,0,77,23.428571428571427,8.233766233766234,2.7142857142857144,1.103896103896104,0.45454545454545453,0.2857142857142857,0.6493506493506493,1.4545454545454546,3.038961038961039,6.675324675324675,0.7012987012987013,0.8051948051948052
Troy Brown,troy brown,2018,15.0,2019,0,51,14.27450980392157,4.862745098039215,2.843137254901961,1.5490196078431373,0.4117647058823529,0.09803921568627451,0.5882352941176471,0.43137254901960786,1.9019607843137254,4.588235294117647,0.6274509803921569,0.9215686274509803
Cole Anthony,cole anthony,2020,15.0,2021,0,45,27.2,12.911111111111111,4.8,4.088888888888889,0.6444444444444445,0.4,2.3333333333333335,1.2444444444444445,4.622222222222222,11.822222222222223,2.422222222222222,2.8666666666666667
Mark Williams,mark williams,2022,15.0,2023,0,43,19.27906976744186,9.0,7.069767441860465,0.4186046511627907,0.6511627906976745,1.0465116279069768,0.9302325581395349,0.0,3.7209302325581395,5.837209302325581,1.558139534883721,2.255813953488372
Kobe Bufkin,kobe bufkin,2023,15.0,2024,0,17,11.647058823529411,4.764705882352941,1.9411764705882353,1.588235294117647,0.4117647058823529,0.29411764705882354,0.5882352941176471,0.5294117647058824,2.0,5.411764705882353,0.23529411764705882,0.47058823529411764
Kel'el Ware,kelel ware,2024,15.0,2025,0,64,22.203125,9.296875,7.390625,0.9375,0.609375,1.109375,0.890625,0.546875,4.015625,7.25,0.71875,1.046875
Nikola Vucevic,nikola vucevic,2011,16.0,2012,0,51,15.941176470588236,5.549019607843137,4.823529411764706,0.6078431372549019,0.39215686274509803,0.6666666666666666,0.6470588235294118,0.058823529411764705,2.5686274509803924,5.705882352941177,0.35294117647058826,0.6666666666666666
Luke Babbitt,luke babbitt,2010,16.0,2011,0,22,6.2727272727272725,1.6363636363636365,1.3636363636363635,0.2727272727272727,0.09090909090909091,0.09090909090909091,0.36363636363636365,0.13636363636363635,0.6818181818181818,2.5,0.13636363636363635,0.4090909090909091
Royce White,royce white,2012,16.0,2014,1,3,3.0,0.0,0.0,0.0,0.0,0.0,0.0,0.0,0.0,0.3333333333333333,0.0,0.0
Terry Rozier,terry rozier,2015,16.0,2016,0,38,8.131578947368421,1.894736842105263,1.6578947368421053,0.9736842105263158,0.15789473684210525,0.02631578947368421,0.5,0.15789473684210525,0.7631578947368421,2.789473684210526,0.21052631578947367,0.2631578947368421
Justin Patton,justin patton,2017,16.0,2018,0,1,4.0,2.0,0.0,0.0,1.0,0.0,0.0,0.0,1.0,2.0,0.0,0.0
Chuma Okeke,chuma okeke,2019,16.0,2021,1,43,25.023255813953487,7.813953488372093,4.0,2.255813953488372,1.0930232558139534,0.4418604651162791,0.8837209302325582,1.1162790697674418,3.0232558139534884,7.023255813953488,0.6511627906976745,0.8837209302325582
Zhaire Smith,zhaire smith,2018,16.0,2019,0,6,18.666666666666668,6.666666666666667,2.1666666666666665,1.6666666666666667,0.3333333333333333,0.3333333333333333,1.0,1.0,2.3333333333333335,5.666666666666667,1.0,1.3333333333333333
Isaiah Stewart,isaiah stewart,2020,16.0,2021,0,67,21.26865671641791,7.731343283582089,6.656716417910448,0.835820895522388,0.582089552238806,1.2537313432835822,1.0,0.26865671641791045,3.2686567164179103,5.91044776119403,0.9253731343283582,1.3134328358208955
AJ Griffin,aj griffin,2022,16.0,2023,0,72,19.40277777777778,8.875,2.125,1.0138888888888888,0.5833333333333334,0.16666666666666666,0.5833333333333334,1.4027777777777777,3.4444444444444446,7.402777777777778,0.5833333333333334,0.6527777777777778
Keyonte George,keyonte george,2023,16.0,2024,0,75,27.0,12.986666666666666,2.8133333333333335,4.426666666666667,0.48,0.09333333333333334,2.506666666666667,1.96,4.253333333333333,10.866666666666667,2.52,2.973333333333333
Jared McCain,jared mccain,2024,16.0,2025,0,23,25.82608695652174,15.304347826086957,2.4347826086956523,2.608695652173913,0.6521739130434783,0.0,1.608695652173913,2.217391304347826,5.478260869565218,11.91304347826087,2.130434782608696,2.4347826086956523
Tyler Zeller,tyler zeller,2012,17.0,2013,0,76,26.18421052631579,7.815789473684211,5.723684210526316,1.1973684210526316,0.4605263157894737,0.9078947368421053,1.236842105263158,0.0,3.1447368421052633,7.2368421052631575,1.5263157894736843,2.013157894736842
Iman Shumpert,iman shumpert,2011,17.0,2012,0,59,28.89830508474576,9.542372881355933,3.152542372881356,2.7796610169491527,1.7118644067796611,0.13559322033898305,1.88135593220339,0.8135593220338984,3.6271186440677967,9.05084745762712,1.4745762711864407,1.847457627118644
James Young,james young,2014,17.0,2015,0,31,10.774193548387096,3.3870967741935485,1.3548387096774193,0.41935483870967744,0.25806451612903225,0.06451612903225806,0.16129032258064516,0.5483870967741935,1.1612903225806452,3.2903225806451615,0.5161290322580645,0.9354838709677419
D.J. Wilson,dj wilson,2017,17.0,2018,0,21,3.4285714285714284,1.0,0.47619047619047616,0.14285714285714285,0.14285714285714285,0.047619047619047616,0.19047619047619047,0.09523809523809523,0.42857142857142855,0.7619047619047619,0.047619047619047616,0.09523809523809523
Wade Baldwin IV,wade baldwin,2016,17.0,2017,0,33,12.333333333333334,3.212121212121212,1.393939393939394,1.8484848484848484,0.5454545454545454,0.21212121212121213,1.1818181818181819,0.09090909090909091,1.0909090909090908,3.484848484848485,0.9393939393939394,1.121212121212121
Rashad Vaughn,rashad vaughn,2015,17.0,2016,0,70,14.285714285714286,3.1,1.2571428571428571,0.5571428571428572,0.4142857142857143,0.22857142857142856,0.4,0.6142857142857143,1.1571428571428573,3.8,0.17142857142857143,0.21428571428571427
Donte DiVincenzo,donte divincenzo,2018,17.0,2019,0,27,15.296296296296296,4.851851851851852,2.4074074074074074,1.1481481481481481,0.48148148148148145,0.2222222222222222,0.7037037037037037,0.8148148148148148,1.8518518518518519,4.592592592592593,0.3333333333333333,0.4444444444444444
Nickeil Alexander-Walker,nickeil alexander-walker,2019,17.0,2020,0,47,12.553191489361701,5.680851063829787,1.7872340425531914,1.8936170212765957,0.3617021276595745,0.1702127659574468,1.148936170212766,0.9787234042553191,2.0851063829787235,5.659574468085107,0.5319148936170213,0.7872340425531915
Trey Murphy III,trey murphy,2021,17.0,2022,0,62,13.96774193548387,5.387096774193548,2.370967741935484,0.6129032258064516,0.3709677419354839,0.11290322580645161,0.25806451612903225,1.1451612903225807,1.7580645161290323,4.467741935483871,0.7258064516129032,0.8225806451612904
Tari Eason,tari eason,2022,17.0,2023,0,82,21.5609756097561,9.268292682926829,6.048780487804878,1.0731707317073171,1.170731707317073,0.573170731707317,1.2317073170731707,0.7195121951219512,3.6097560975609757,8.048780487804878,1.329268292682927,1.7682926829268293
Dalton Knecht,dalton knecht,2024,17.0,2025,0,78,19.128205128205128,9.051282051282051,2.769230769230769,0.8461538461538461,0.3076923076923077,0.10256410256410256,0.47435897435897434,1.641025641025641,3.2948717948717947,7.141025641025641,0.8205128205128205,1.0769230769230769
Jalen Hood-Schifino,jalen hood-schifino,2023,17.0,2024,0,22,5.0,1.5454545454545454,0.5909090909090909,0.36363636363636365,0.13636363636363635,0.09090909090909091,0.4090909090909091,0.09090909090909091,0.45454545454545453,2.0454545454545454,0.5454545454545454,0.9090909090909091
Chris Singleton,chris singleton,2011,18.0,2012,0,66,21.727272727272727,4.636363636363637,3.5303030303030303,0.7424242424242424,1.0606060606060606,0.45454545454545453,0.5757575757575758,0.6666666666666666,1.7575757575757576,4.7272727272727275,0.45454545454545453,0.6666666666666666
Eric Bledsoe,eric bledsoe,2010,18.0,2011,0,80,22.65,6.7375,2.775,3.5625,1.125,0.3125,2.4125,0.4,2.55,6.0,1.2375,1.6625
Terrence Jones,terrence jones,2012,18.0,2013,0,19,14.473684210526315,5.473684210526316,3.4210526315789473,0.7894736842105263,0.631578947368421,1.0,0.6842105263157895,0.2631578947368421,2.263157894736842,4.947368421052632,0.6842105263157895,0.8947368421052632
Shane Larkin,shane larkin,2013,18.0,2014,0,46,10.695652173913043,2.869565217391304,0.9130434782608695,1.5434782608695652,0.5652173913043478,0.021739130434782608,0.8478260869565217,0.2608695652173913,1.1304347826086956,2.9782608695652173,0.34782608695652173,0.5434782608695652
Sam Dekker,sam dekker,2015,18.0,2016,0,2,3.0,0.0,0.5,0.0,0.5,0.0,0.0,0.0,0.0,0.0,0.0,0.0
Tyler Ennis,tyler ennis,2014,18.0,2015,0,33,12.515151515151516,3.6666666666666665,1.0606060606060606,2.212121212121212,0.5454545454545454,0.15151515151515152,1.2727272727272727,0.36363636363636365,1.5757575757575757,4.363636363636363,0.15151515151515152,0.21212121212121213
Henry Ellenson,henry ellenson,2016,18.0,2017,0,19,7.631578947368421,3.1578947368421053,2.1578947368421053,0.3684210526315789,0.05263157894736842,0.05263157894736842,0.7368421052631579,0.5263157894736842,1.2105263157894737,3.3684210526315788,0.21052631578947367,0.42105263157894735
TJ Leaf,tj leaf,2017,18.0,2018,0,53,8.60377358490566,2.943396226415094,1.5471698113207548,0.16981132075471697,0.09433962264150944,0.07547169811320754,0.18867924528301888,0.33962264150943394,1.2075471698113207,2.5660377358490565,0.18867924528301888,0.3018867924528302
Lonnie Walker IV,lonnie walker,2018,18.0,2019,0,16,7.375,2.8125,1.0625,0.5625,0.4375,0.1875,0.25,0.3125,1.0,2.875,0.5,0.625
Jaime Jaquez Jr.,jaime jaquez,2023,18.0,2024,0,75,28.14666666666667,11.853333333333333,3.8,2.6,1.0266666666666666,0.26666666666666666,1.4666666666666666,0.8666666666666667,4.546666666666667,9.293333333333333,1.8933333333333333,2.3333333333333335
Tre Mann,tre mann,2021,18.0,2022,0,60,22.766666666666666,10.416666666666666,2.85,1.5166666666666666,0.7833333333333333,0.2,1.1833333333333333,1.6333333333333333,3.85,9.8,1.0833333333333333,1.3666666666666667
Josh Green,josh green,2020,18.0,2021,0,37,11.91891891891892,2.6486486486486487,2.054054054054054,0.7567567567567568,0.43243243243243246,0.08108108108108109,0.4594594594594595,0.10810810810810811,1.1081081081081081,2.4864864864864864,0.32432432432432434,0.5675675675675675
Tristan da Silva,tristan da silva,2024,18.0,2025,0,74,22.04054054054054,7.202702702702703,3.310810810810811,1.527027027027027,0.44594594594594594,0.24324324324324326,0.7567567567567568,1.0810810810810811,2.689189189189189,6.527027027027027,0.7432432432432432,0.8513513513513513
Dalen Terry,dalen terry,2022,18.0,2023,0,37,5.837837837837838,2.2972972972972974,1.0,0.5945945945945946,0.2972972972972973,0.13513513513513514,0.21621621621621623,0.1891891891891892,0.8648648648648649,1.945945945945946,0.3783783783783784,0.5675675675675675
Walter Clayton Jr.,walter clayton,2025,18.0,2026,0,69,20.44927536231884,7.797101449275362,2.0144927536231885,4.043478260869565,0.6376811594202898,0.2753623188405797,1.681159420289855,1.0869565217391304,2.5652173913043477,6.681159420289855,1.5797101449275361,1.7536231884057971
Andrew Nicholson,andrew nicholson,2012,19.0,2013,0,75,16.733333333333334,7.826666666666667,3.44,0.5866666666666667,0.32,0.4266666666666667,1.0533333333333332,0.0,3.4133333333333336,6.48,1.0,1.2533333333333334
Avery Bradley,avery bradley,2010,19.0,2011,0,27,5.962962962962963,1.9259259259259258,0.6296296296296297,0.4444444444444444,0.3333333333333333,0.0,0.5925925925925926,0.0,0.8518518518518519,2.4814814814814814,0.2222222222222222,0.4444444444444444
Tobias Harris,tobias harris,2011,19.0,2012,0,41,11.804878048780488,5.073170731707317,2.4634146341463414,0.5365853658536586,0.3170731707317073,0.17073170731707318,0.7560975609756098,0.14634146341463414,1.9268292682926829,4.121951219512195,1.0731707317073171,1.3170731707317074
Jerian Grant,jerian grant,2015,19.0,2016,0,75,16.813333333333333,5.68,1.9066666666666667,2.36,0.6666666666666666,0.13333333333333333,1.16,0.29333333333333333,2.0533333333333332,5.213333333333333,1.28,1.64
Gary Harris,gary harris,2014,19.0,2015,0,54,13.38888888888889,3.4814814814814814,1.1851851851851851,0.5370370370370371,0.7222222222222222,0.12962962962962962,0.7037037037037037,0.3888888888888889,1.2222222222222223,4.018518518518518,0.6481481481481481,0.8703703703703703
John Collins,john collins,2017,19.0,2018,0,74,24.12162162162162,10.5,7.3108108108108105,1.3243243243243243,0.6351351351351351,1.0810810810810811,1.4189189189189189,0.21621621621621623,4.243243243243243,7.364864864864865,1.7972972972972974,2.5135135135135136
Malik Beasley,malik beasley,2016,19.0,2017,0,21,7.857142857142857,3.9523809523809526,0.8095238095238095,0.5238095238095238,0.3333333333333333,0.0,0.38095238095238093,0.42857142857142855,1.5714285714285714,3.4761904761904763,0.38095238095238093,0.47619047619047616
Kevin Huerter,kevin huerter,2018,19.0,2019,0,75,27.226666666666667,9.693333333333333,3.2666666666666666,2.8533333333333335,0.8666666666666667,0.3333333333333333,1.4533333333333334,1.8133333333333332,3.6666666666666665,8.76,0.5466666666666666,0.7466666666666667
Saddiq Bey,saddiq bey,2020,19.0,2021,0,69,27.115942028985508,12.130434782608695,4.507246376811594,1.3623188405797102,0.7536231884057971,0.2028985507246377,0.855072463768116,2.463768115942029,3.9565217391304346,9.768115942028986,1.7536231884057971,2.072463768115942
Kai Jones,kai jones,2021,19.0,2022,0,21,3.0476190476190474,1.0476190476190477,0.5238095238095238,0.19047619047619047,0.047619047619047616,0.09523809523809523,0.2857142857142857,0.047619047619047616,0.42857142857142855,0.6666666666666666,0.14285714285714285,0.38095238095238093
Jake LaRavia,jake laravia,2022,19.0,2023,0,35,11.8,3.0,1.8,0.6,0.34285714285714286,0.11428571428571428,0.5142857142857142,0.6857142857142857,1.0571428571428572,2.7142857142857144,0.2,0.2571428571428571
Brandin Podziemski,brandin podziemski,2023,19.0,2024,0,73,26.958904109589042,9.342465753424657,5.8493150684931505,3.73972602739726,0.8356164383561644,0.1917808219178082,1.2054794520547945,1.2328767123287672,3.712328767123288,8.178082191780822,0.684931506849315,1.082191780821918
Ja'Kobe Walter,jakobe walter,2024,19.0,2025,0,52,21.23076923076923,8.634615384615385,3.076923076923077,1.5576923076923077,0.8269230769230769,0.19230769230769232,0.9615384615384616,1.25,3.0576923076923075,7.5576923076923075,1.2692307692307692,1.5961538461538463
James Anderson,james anderson,2010,20.0,2011,0,23,12.434782608695652,4.086956521739131,0.9565217391304348,0.782608695652174,0.13043478260869565,0.2608695652173913,0.5652173913043478,0.782608695652174,1.3478260869565217,3.5217391304347827,0.6086956521739131,0.782608695652174
Tony Snell,tony snell,2013,20.0,2014,0,76,16.236842105263158,4.552631578947368,1.631578947368421,0.8947368421052632,0.3815789473684211,0.19736842105263158,0.5789473684210527,0.75,1.6973684210526316,4.421052631578948,0.40789473684210525,0.5394736842105263
Caris LeVert,caris levert,2016,20.0,2017,0,57,21.63157894736842,8.210526315789474,3.2982456140350878,1.9298245614035088,0.8596491228070176,0.14035087719298245,1.0350877192982457,1.0350877192982457,3.0,6.666666666666667,1.1754385964912282,1.631578947368421
Delon Wright,delon wright,2015,20.0,2016,0,26,8.846153846153847,3.9615384615384617,1.4230769230769231,1.1923076923076923,0.3076923076923077,0.11538461538461539,0.6153846153846154,0.19230769230769232,1.3846153846153846,3.076923076923077,1.0,1.3461538461538463
Matisse Thybulle,matisse thybulle,2019,20.0,2020,0,65,19.876923076923077,4.6923076923076925,1.646153846153846,1.2153846153846153,1.4307692307692308,0.7230769230769231,0.7846153846153846,0.8615384615384616,1.7230769230769232,4.076923076923077,0.38461538461538464,0.6307692307692307
Josh Okogie,josh okogie,2018,20.0,2019,0,74,23.7972972972973,7.702702702702703,2.945945945945946,1.2297297297297298,1.1891891891891893,0.44594594594594594,0.8513513513513513,0.8108108108108109,2.6486486486486487,6.864864864864865,1.5945945945945945,2.189189189189189
Harry Giles,harry giles,2017,20.0,2019,1,58,14.155172413793103,7.0344827586206895,3.8275862068965516,1.4655172413793103,0.5344827586206896,0.3793103448275862,1.2586206896551724,0.0,3.0172413793103448,6.0,1.0,1.5689655172413792
Precious Achiuwa,precious achiuwa,2020,20.0,2021,0,61,12.081967213114755,4.983606557377049,3.4098360655737703,0.47540983606557374,0.32786885245901637,0.45901639344262296,0.7049180327868853,0.0,2.0327868852459017,3.737704918032787,0.9180327868852459,1.8032786885245902
Jalen Johnson,jalen johnson,2021,20.0,2022,0,21,5.761904761904762,2.4761904761904763,1.2380952380952381,0.14285714285714285,0.14285714285714285,0.09523809523809523,0.42857142857142855,0.14285714285714285,1.0476190476190477,1.9523809523809523,0.23809523809523808,0.3333333333333333
Jaylon Tyson,jaylon tyson,2024,20.0,2025,0,47,9.595744680851064,3.5531914893617023,2.0425531914893615,0.9361702127659575,0.2765957446808511,0.06382978723404255,0.5531914893617021,0.425531914893617,1.3617021276595744,3.1702127659574466,0.40425531914893614,0.5106382978723404
Malaki Branham,malaki branham,2022,20.0,2023,0,66,23.545454545454547,10.196969696969697,2.742424242424242,1.9242424242424243,0.5,0.10606060606060606,1.1515151515151516,1.1666666666666667,4.075757575757576,9.257575757575758,0.8787878787878788,1.0606060606060606
Cam Whitmore,cam whitmore,2023,20.0,2024,0,47,18.74468085106383,12.319148936170214,3.8297872340425534,0.7021276595744681,0.6382978723404256,0.3617021276595745,0.9787234042553191,1.6808510638297873,4.51063829787234,9.936170212765957,1.6170212765957446,2.382978723404255
Kasparas Jakucionis,kasparas jakucionis,2025,20.0,2026,0,53,17.90566037735849,6.188679245283019,2.6037735849056602,2.5849056603773586,0.6226415094339622,0.1320754716981132,0.9433962264150944,1.2452830188679245,1.9245283018867925,4.490566037735849,1.0943396226415094,1.2452830188679245
Nolan Smith,nolan smith,2011,21.0,2012,0,43,12.534883720930232,3.883720930232558,1.302325581395349,1.441860465116279,0.4186046511627907,0.06976744186046512,0.9767441860465116,0.3023255813953488,1.558139534883721,4.186046511627907,0.46511627906976744,0.6511627906976745
Craig Brackins,craig brackins,2010,21.0,2011,0,3,11.0,2.6666666666666665,1.3333333333333333,0.3333333333333333,0.3333333333333333,0.0,0.0,0.0,1.3333333333333333,5.333333333333333,0.0,0.0
Jared Sullinger,jared sullinger,2012,21.0,2013,0,45,19.755555555555556,6.0,5.866666666666666,0.7777777777777778,0.4888888888888889,0.4888888888888889,0.6444444444444445,0.022222222222222223,2.466666666666667,5.0,1.0444444444444445,1.4
Gorgui Dieng,gorgui dieng,2013,21.0,2014,0,59,13.898305084745763,4.8474576271186445,5.084745762711864,0.6610169491525424,0.5084745762711864,0.847457627118644,0.9152542372881356,0.01694915254237288,1.9152542372881356,3.830508474576271,1.0,1.576271186440678
Mitch McGary,mitch mcgary,2014,21.0,2015,0,32,15.15625,6.28125,5.15625,0.4375,0.5,0.5,0.96875,0.0,2.75,5.15625,0.78125,1.25
Justin Anderson,justin anderson,2015,21.0,2016,0,55,11.709090909090909,3.7818181818181817,2.4,0.5272727272727272,0.34545454545454546,0.45454545454545453,0.43636363636363634,0.4,1.290909090909091,3.1818181818181817,0.8,1.0
Grayson Allen,grayson allen,2018,21.0,2019,0,37,11.18918918918919,5.702702702702703,0.6216216216216216,0.6756756756756757,0.16216216216216217,0.16216216216216217,0.8918918918918919,0.8648648648648649,1.8108108108108107,4.8108108108108105,1.2162162162162162,1.6216216216216217
DeAndre' Bembry,deandre bembry,2016,21.0,2017,0,36,10.277777777777779,2.8055555555555554,1.6388888888888888,0.8055555555555556,0.2222222222222222,0.1388888888888889,0.4444444444444444,0.027777777777777776,1.3055555555555556,2.7222222222222223,0.16666666666666666,0.4444444444444444
Brandon Clarke,brandon clarke,2019,21.0,2020,0,58,22.43103448275862,12.068965517241379,5.948275862068965,1.396551724137931,0.5517241379310345,0.8275862068965517,0.9482758620689655,0.39655172413793105,5.103448275862069,8.258620689655173,1.4655172413793103,1.9310344827586208
Tyrese Maxey,tyrese maxey,2020,21.0,2021,0,58,16.155172413793103,8.379310344827585,1.793103448275862,2.0689655172413794,0.4482758620689655,0.22413793103448276,0.7068965517241379,0.5344827586206896,3.396551724137931,7.344827586206897,1.0517241379310345,1.206896551724138
Christian Braun,christian braun,2022,21.0,2023,0,75,15.733333333333333,4.8,2.4133333333333336,0.7866666666666666,0.5466666666666666,0.22666666666666666,0.4666666666666667,0.4533333333333333,1.9066666666666667,3.8533333333333335,0.5333333333333333,0.8533333333333334
Keon Johnson,keon johnson,2021,21.0,2022,0,37,18.783783783783782,7.216216216216216,2.189189189189189,2.054054054054054,0.7567567567567568,0.32432432432432434,1.2432432432432432,0.918918918918919,2.5945945945945947,7.351351351351352,1.1081081081081081,1.3783783783783783
Noah Clowney,noah clowney,2023,21.0,2024,0,23,16.08695652173913,5.782608695652174,3.5217391304347827,0.782608695652174,0.34782608695652173,0.6956521739130435,0.6521739130434783,0.5217391304347826,2.1739130434782608,4.043478260869565,0.9130434782608695,1.3043478260869565
Yves Missi,yves missi,2024,21.0,2025,0,73,26.84931506849315,9.10958904109589,8.232876712328768,1.356164383561644,0.5068493150684932,1.3424657534246576,1.1232876712328768,0.0,3.684931506849315,6.739726027397261,1.7397260273972603,2.7945205479452055
Will Riley,will riley,2025,21.0,2026,0,74,22.04054054054054,10.324324324324325,2.864864864864865,1.972972972972973,0.7297297297297297,0.12162162162162163,1.2702702702702702,1.054054054054054,3.6621621621621623,8.35135135135135,1.945945945945946,2.4324324324324325
Kenneth Faried,kenneth faried,2011,22.0,2012,0,46,22.58695652173913,10.23913043478261,7.6521739130434785,0.782608695652174,0.7391304347826086,1.0217391304347827,1.173913043478261,0.0,3.9347826086956523,6.717391304347826,2.369565217391304,3.5652173913043477
Elliot Williams,elliot williams,2010,22.0,2012,1,23,6.478260869565218,3.8260869565217392,0.8260869565217391,0.2608695652173913,0.2608695652173913,0.13043478260869565,0.21739130434782608,0.34782608695652173,1.608695652173913,3.217391304347826,0.2608695652173913,0.782608695652174
Mason Plumlee,mason plumlee,2013,22.0,2014,0,69,18.463768115942027,7.536231884057971,4.463768115942029,0.8695652173913043,0.7101449275362319,0.7971014492753623,1.1159420289855073,0.0,2.8840579710144927,4.3768115942028984,1.7681159420289856,2.8260869565217392
Fab Melo,fab melo,2012,22.0,2013,0,5,7.2,1.4,0.6,0.0,0.4,0.4,0.2,0.0,0.6,1.2,0.2,0.8
Jordan Adams,jordan adams,2014,22.0,2015,0,29,8.551724137931034,3.2413793103448274,0.9655172413793104,0.5517241379310345,0.5517241379310345,0.2413793103448276,0.4827586206896552,0.3448275862068966,1.206896551724138,2.9655172413793105,0.4827586206896552,0.7931034482758621
Bobby Portis,bobby portis,2015,22.0,2016,0,62,17.79032258064516,7.032258064516129,5.435483870967742,0.8387096774193549,0.4032258064516129,0.3548387096774194,0.8709677419354839,0.25806451612903225,3.0,7.032258064516129,0.7741935483870968,1.064516129032258
Chandler Hutchison,chandler hutchison,2018,22.0,2019,0,44,20.295454545454547,5.204545454545454,4.204545454545454,0.7727272727272727,0.5227272727272727,0.13636363636363635,0.5681818181818182,0.3181818181818182,2.1818181818181817,4.75,0.5227272727272727,0.8636363636363636
Malachi Richardson,malachi richardson,2016,22.0,2017,0,22,9.0,3.590909090909091,1.0454545454545454,0.5,0.22727272727272727,0.045454545454545456,0.36363636363636365,0.36363636363636365,1.2727272727272727,3.090909090909091,0.6818181818181818,0.8636363636363636
Jarrett Allen,jarrett allen,2017,22.0,2018,0,71,20.014084507042252,8.211267605633802,5.394366197183099,0.676056338028169,0.38028169014084506,1.2253521126760563,1.1408450704225352,0.07042253521126761,3.2816901408450705,5.535211267605634,1.5774647887323943,2.0422535211267605
Grant Williams,grant williams,2019,22.0,2020,0,69,15.130434782608695,3.4347826086956523,2.579710144927536,0.9855072463768116,0.43478260869565216,0.5217391304347826,0.7246376811594203,0.34782608695652173,1.2608695652173914,3.0579710144927534,0.5652173913043478,0.782608695652174
Zeke Nnaji,zeke nnaji,2020,22.0,2021,0,41,9.707317073170731,3.317073170731707,1.5853658536585367,0.24390243902439024,0.1951219512195122,0.0975609756097561,0.17073170731707318,0.5853658536585366,1.2195121951219512,2.5365853658536586,0.2926829268292683,0.36585365853658536
Walker Kessler,walker kessler,2022,22.0,2023,0,74,22.986486486486488,9.175675675675675,8.378378378378379,0.9324324324324325,0.35135135135135137,2.3378378378378377,0.7837837837837838,0.013513513513513514,4.027027027027027,5.594594594594595,1.1081081081081081,2.1486486486486487
Isaiah Jackson,isaiah jackson,2021,22.0,2022,0,35,15.428571428571429,8.485714285714286,4.257142857142857,0.2857142857142857,0.7142857142857143,1.4857142857142858,1.1428571428571428,0.14285714285714285,3.3142857142857145,5.885714285714286,1.7142857142857142,2.5142857142857142
DaRon Holmes II,daron holmes,2024,22.0,2026,1,25,8.36,3.72,1.4,0.64,0.04,0.24,0.48,0.8,1.24,2.44,0.44,0.56
Dariq Whitehead,dariq whitehead,2023,22.0,2024,0,2,12.0,1.5,2.0,1.5,0.0,0.5,0.0,0.0,0.5,2.5,0.5,1.0
Drake Powell,drake powell,2025,22.0,2026,0,63,20.936507936507937,6.476190476190476,1.7619047619047619,1.4444444444444444,0.5714285714285714,0.2222222222222222,0.9523809523809523,0.8095238095238095,2.2857142857142856,5.682539682539683,1.0952380952380953,1.2222222222222223
Trevor Booker,trevor booker,2010,23.0,2011,0,62,17.177419354838708,5.580645161290323,4.048387096774194,0.5645161290322581,0.46774193548387094,0.6774193548387096,0.6129032258064516,0.0,2.2419354838709675,4.080645161290323,1.096774193548387,1.6290322580645162
Solomon Hill,solomon hill,2013,23.0,2014,0,26,8.653846153846153,1.8076923076923077,1.5769230769230769,0.4230769230769231,0.19230769230769232,0.07692307692307693,0.5,0.2692307692307692,0.6538461538461539,1.5384615384615385,0.23076923076923078,0.2692307692307692
John Jenkins,john jenkins,2012,23.0,2013,0,61,14.852459016393443,6.131147540983607,1.540983606557377,0.9180327868852459,0.19672131147540983,0.16393442622950818,0.6557377049180327,0.8688524590163934,2.1475409836065573,4.819672131147541,0.9672131147540983,1.1475409836065573
Rodney Hood,rodney hood,2014,23.0,2015,0,50,21.4,8.66,2.34,1.66,0.6,0.24,0.9,1.24,3.1,7.48,1.22,1.6
Rondae Hollis-Jefferson,rondae hollis-jefferson,2015,23.0,2016,0,29,21.17241379310345,5.758620689655173,5.310344827586207,1.4827586206896552,1.3448275862068966,0.5517241379310345,0.896551724137931,0.13793103448275862,2.1724137931034484,4.758620689655173,1.2758620689655173,1.793103448275862
Aaron Holiday,aaron holiday,2018,23.0,2019,0,50,12.9,5.88,1.34,1.74,0.42,0.26,0.8,0.86,2.1,5.24,0.82,1.0
OG Anunoby,og anunoby,2017,23.0,2018,0,74,20.013513513513512,5.918918918918919,2.4864864864864864,0.7432432432432432,0.7027027027027027,0.1891891891891892,0.6081081081081081,0.9864864864864865,2.2027027027027026,4.675675675675675,0.527027027027027,0.8378378378378378
David Roddy,david roddy,2022,23.0,2023,0,70,18.02857142857143,6.6571428571428575,2.757142857142857,0.8428571428571429,0.4142857142857143,0.2714285714285714,0.8142857142857143,0.9285714285714286,2.5714285714285716,6.0,0.5857142857142857,0.9285714285714286
Kris Murray,kris murray,2023,23.0,2024,0,62,21.725806451612904,6.064516129032258,3.6129032258064515,1.2903225806451613,0.8548387096774194,0.3387096774193548,0.8870967741935484,0.7903225806451613,2.338709677419355,5.903225806451613,0.5967741935483871,0.9032258064516129
Asa Newell,asa newell,2025,23.0,2026,0,43,11.674418604651162,5.27906976744186,2.2325581395348837,0.6046511627906976,0.37209302325581395,0.3488372093023256,0.5348837209302325,0.6744186046511628,2.116279069767442,3.9302325581395348,0.37209302325581395,0.6744186046511628
Damion James,damion james,2010,24.0,2011,0,25,16.12,4.4,3.4,0.8,0.64,0.48,1.0,0.0,1.84,4.12,0.72,1.12
Reggie Jackson,reggie jackson,2011,24.0,2012,0,45,11.066666666666666,3.111111111111111,1.1777777777777778,1.5777777777777777,0.5555555555555556,0.022222222222222223,0.8,0.28888888888888886,1.1333333333333333,3.533333333333333,0.5555555555555556,0.6444444444444445
Jared Cunningham,jared cunningham,2012,24.0,2013,0,7,3.7142857142857144,2.2857142857142856,0.42857142857142855,0.14285714285714285,0.14285714285714285,0.0,0.2857142857142857,0.2857142857142857,0.8571428571428571,2.0,0.2857142857142857,0.2857142857142857
Shabazz Napier,shabazz napier,2014,24.0,2015,0,51,19.88235294117647,5.117647058823529,2.215686274509804,2.549019607843137,0.7843137254901961,0.0784313725490196,1.588235294117647,0.8431372549019608,1.7058823529411764,4.470588235294118,0.8627450980392157,1.0980392156862746
Tim Hardaway Jr.,tim hardaway,2013,24.0,2014,0,81,23.19753086419753,10.17283950617284,1.4938271604938271,0.8148148148148148,0.5432098765432098,0.08641975308641975,0.5802469135802469,1.6049382716049383,3.6296296296296298,8.481481481481481,1.308641975308642,1.5802469135802468
Tyus Jones,tyus jones,2015,24.0,2016,0,37,15.567567567567568,4.216216216216216,1.2702702702702702,2.918918918918919,0.8378378378378378,0.08108108108108109,0.8918918918918919,0.43243243243243246,1.5135135135135136,4.216216216216216,0.7567567567567568,1.054054054054054
Tyler Lydon,tyler lydon,2017,24.0,2018,0,1,2.0,0.0,0.0,0.0,0.0,0.0,0.0,0.0,0.0,0.0,0.0,0.0
Ty Jerome,ty jerome,2019,24.0,2020,0,31,10.548387096774194,3.2903225806451615,1.4838709677419355,1.4193548387096775,0.4838709677419355,0.0967741935483871,0.5806451612903226,0.45161290322580644,1.2258064516129032,3.6451612903225805,0.3870967741935484,0.5161290322580645
Josh Christopher,josh christopher,2021,24.0,2022,0,74,18.013513513513512,7.9324324324324325,2.5135135135135136,2.027027027027027,0.8783783783783784,0.17567567567567569,1.5405405405405406,0.7567567567567568,3.027027027027027,6.756756756756757,1.1216216216216217,1.527027027027027
Nique Clifford,nique clifford,2025,24.0,2026,0,75,25.093333333333334,8.6,3.76,2.3866666666666667,0.9066666666666666,0.32,1.5466666666666666,1.0266666666666666,3.32,7.946666666666666,0.9333333333333333,1.2933333333333332
Olivier-Maxence Prosper,olivier-maxence prosper,2023,24.0,2024,0,38,8.789473684210526,3.1842105263157894,2.0526315789473686,0.5789473684210527,0.18421052631578946,0.10526315789473684,0.21052631578947367,0.34210526315789475,1.0526315789473684,2.736842105263158,0.7368421052631579,1.0789473684210527
Kyshawn George,kyshawn george,2024,24.0,2025,0,68,26.5,8.676470588235293,4.1911764705882355,2.485294117647059,1.0,0.7352941176470589,1.4264705882352942,1.6764705882352942,2.985294117647059,8.029411764705882,1.0294117647058822,1.3676470588235294
Dominique Jones,dominique jones,2010,25.0,2011,0,18,7.555555555555555,2.3333333333333335,1.3888888888888888,1.0555555555555556,0.2777777777777778,0.16666666666666666,0.5555555555555556,0.0,0.7777777777777778,2.5,0.7777777777777778,0.9444444444444444
Marshon Brooks,marshon brooks,2011,25.0,2012,0,56,29.464285714285715,12.642857142857142,3.5714285714285716,2.3392857142857144,0.9285714285714286,0.26785714285714285,2.107142857142857,0.8392857142857143,4.892857142857143,11.428571428571429,2.017857142857143,2.642857142857143
Reggie Bullock,reggie bullock,2013,25.0,2014,0,41,9.634146341463415,2.8048780487804876,1.3170731707317074,0.2926829268292683,0.21951219512195122,0.024390243902439025,0.3170731707317073,0.5365853658536586,1.048780487804878,2.951219512195122,0.17073170731707318,0.21951219512195122
Tony Wroten,tony wroten,2012,25.0,2013,0,34,7.9411764705882355,2.676470588235294,0.7941176470588235,1.2647058823529411,0.23529411764705882,0.11764705882352941,0.8529411764705882,0.11764705882352941,0.9705882352941176,2.5294117647058822,0.6176470588235294,0.8529411764705882
Brice Johnson,brice johnson,2016,25.0,2017,0,3,3.3333333333333335,1.3333333333333333,1.0,0.3333333333333333,0.6666666666666666,0.3333333333333333,0.3333333333333333,0.0,0.6666666666666666,2.3333333333333335,0.0,0.0
Jarell Martin,jarell martin,2015,25.0,2016,0,27,14.148148148148149,5.666666666666667,3.185185185185185,0.5555555555555556,0.2962962962962963,0.25925925925925924,0.7037037037037037,0.0,2.0,4.296296296296297,1.6666666666666667,2.2962962962962963
Moritz Wagner,moritz wagner,2018,25.0,2019,0,42,10.642857142857142,4.928571428571429,2.0238095238095237,0.5714285714285714,0.2619047619047619,0.30952380952380953,0.9285714285714286,0.5238095238095238,1.6904761904761905,4.071428571428571,1.0238095238095237,1.2619047619047619
Nassir Little,nassir little,2019,25.0,2020,0,48,11.958333333333334,3.5833333333333335,2.25,0.4583333333333333,0.2708333333333333,0.3125,0.3125,0.2916666666666667,1.3541666666666667,3.1458333333333335,0.5833333333333334,0.9166666666666666
Immanuel Quickley,immanuel quickley,2020,25.0,2021,0,61,19.57377049180328,11.524590163934427,2.1475409836065573,2.0163934426229506,0.45901639344262296,0.19672131147540983,0.9344262295081968,1.8688524590163935,3.639344262295082,9.180327868852459,2.377049180327869,2.6721311475409837
Quentin Grimes,quentin grimes,2021,25.0,2022,0,42,18.738095238095237,6.5476190476190474,2.238095238095238,1.0476190476190477,0.7380952380952381,0.2619047619047619,0.6666666666666666,1.7142857142857142,2.261904761904762,5.595238095238095,0.30952380952380953,0.4523809523809524
Marcus Sasser,marcus sasser,2023,25.0,2024,0,71,19.028169014084508,8.253521126760564,1.7605633802816902,3.323943661971831,0.6197183098591549,0.16901408450704225,1.267605633802817,1.267605633802817,3.084507042253521,7.211267605633803,0.8169014084507042,0.9295774647887324
Blake Wesley,blake wesley,2022,25.0,2023,0,37,18.054054054054053,4.972972972972973,2.2162162162162162,2.6486486486486487,0.6756756756756757,0.13513513513513514,1.7567567567567568,0.5405405405405406,1.864864864864865,5.8108108108108105,0.7027027027027027,1.1891891891891893
Jase Richardson,jase richardson,2025,25.0,2026,0,54,10.907407407407407,4.425925925925926,1.1666666666666667,1.0740740740740742,0.35185185185185186,0.037037037037037035,0.46296296296296297,0.5185185185185185,1.6481481481481481,3.4814814814814814,0.6111111111111112,0.8518518518518519
Quincy Pondexter,quincy pondexter,2010,26.0,2011,0,66,11.121212121212121,2.8484848484848486,1.3333333333333333,0.42424242424242425,0.25757575757575757,0.15151515151515152,0.24242424242424243,0.2727272727272727,1.106060606060606,2.727272727272727,0.36363636363636365,0.5151515151515151
Miles Plumlee,miles plumlee,2012,26.0,2013,0,14,3.857142857142857,0.9285714285714286,1.5714285714285714,0.14285714285714285,0.0,0.21428571428571427,0.21428571428571427,0.0,0.35714285714285715,1.5,0.21428571428571427,0.2857142857142857
Jordan Hamilton,jordan hamilton,2011,26.0,2012,0,26,9.807692307692308,4.423076923076923,2.3846153846153846,0.7692307692307693,0.15384615384615385,0.11538461538461539,0.6153846153846154,0.6538461538461539,1.8461538461538463,4.269230769230769,0.07692307692307693,0.19230769230769232
Andre Roberson,andre roberson,2013,26.0,2014,0,39,10.179487179487179,1.9230769230769231,2.3846153846153846,0.38461538461538464,0.48717948717948717,0.2564102564102564,0.48717948717948717,0.05128205128205128,0.8461538461538461,1.7435897435897436,0.1794871794871795,0.2564102564102564
Caleb Swanigan,caleb swanigan,2017,26.0,2018,0,27,7.111111111111111,2.259259259259259,2.0,0.5185185185185185,0.18518518518518517,0.1111111111111111,0.6666666666666666,0.037037037037037035,0.8888888888888888,2.2222222222222223,0.4444444444444444,0.6666666666666666
Landry Shamet,landry shamet,2018,26.0,2019,0,79,22.835443037974684,9.139240506329115,1.6962025316455696,1.481012658227848,0.46835443037974683,0.12658227848101267,0.569620253164557,2.1139240506329116,3.037974683544304,7.050632911392405,0.9493670886075949,1.1772151898734178
Dylan Windler,dylan windler,2019,26.0,2021,1,31,16.612903225806452,5.193548387096774,3.4516129032258065,1.064516129032258,0.6129032258064516,0.3870967741935484,1.032258064516129,0.8387096774193549,1.8387096774193548,4.193548387096774,0.6774193548387096,0.8709677419354839
Payton Pritchard,payton pritchard,2020,26.0,2021,0,64,19.109375,7.71875,2.453125,1.8125,0.5625,0.140625,0.796875,1.5625,2.78125,6.34375,0.59375,0.671875
Ben Sheppard,ben sheppard,2023,26.0,2024,0,57,14.31578947368421,4.421052631578948,1.5614035087719298,0.9298245614035088,0.5789473684210527,0.03508771929824561,0.2631578947368421,0.8596491228070176,1.5789473684210527,4.017543859649122,0.40350877192982454,0.45614035087719296
Wendell Moore Jr.,wendell moore,2022,26.0,2023,0,28,5.5,1.4285714285714286,0.6071428571428571,0.6428571428571429,0.2857142857142857,0.17857142857142858,0.2857142857142857,0.07142857142857142,0.6071428571428571,1.5,0.14285714285714285,0.17857142857142858
Dillon Jones,dillon jones,2024,26.0,2025,0,55,10.127272727272727,2.4545454545454546,2.2,1.0545454545454545,0.2909090909090909,0.07272727272727272,0.509090909090909,0.2909090909090909,0.9272727272727272,2.4545454545454546,0.3090909090909091,0.509090909090909
JaJuan Johnson,jajuan johnson,2011,27.0,2012,0,36,8.305555555555555,3.1666666666666665,1.6111111111111112,0.16666666666666666,0.1388888888888889,0.3888888888888889,0.3888888888888889,0.0,1.5,3.361111111111111,0.16666666666666666,0.25
Jordan Crawford,jordan crawford,2010,27.0,2011,0,42,24.452380952380953,11.666666666666666,2.5,2.7857142857142856,0.9285714285714286,0.07142857142857142,1.9761904761904763,0.7857142857142857,4.571428571428571,11.904761904761905,1.7380952380952381,2.0
Arnett Moultrie,arnett moultrie,2012,27.0,2013,0,46,11.826086956521738,3.782608695652174,3.152173913043478,0.21739130434782608,0.3695652173913043,0.21739130434782608,0.41304347826086957,0.0,1.6956521739130435,2.9130434782608696,0.391304347826087,0.6086956521739131
Larry Nance Jr.,larry nance,2015,27.0,2016,0,63,20.126984126984127,5.5396825396825395,4.9523809523809526,0.6984126984126984,0.8571428571428571,0.36507936507936506,0.6507936507936508,0.015873015873015872,2.507936507936508,4.761904761904762,0.5079365079365079,0.746031746031746
Kyle Kuzma,kyle kuzma,2017,27.0,2018,0,77,31.194805194805195,16.12987012987013,6.2727272727272725,1.8311688311688312,0.6363636363636364,0.44155844155844154,1.8181818181818181,2.064935064935065,6.077922077922078,13.493506493506494,1.9090909090909092,2.7012987012987013
Pascal Siakam,pascal siakam,2016,27.0,2017,0,55,15.636363636363637,4.163636363636364,3.3636363636363638,0.3090909090909091,0.4727272727272727,0.8181818181818182,0.6,0.01818181818181818,1.8727272727272728,3.727272727272727,0.4,0.5818181818181818
Udoka Azubuike,udoka azubuike,2020,27.0,2021,0,15,4.0,1.0666666666666667,0.8666666666666667,0.0,0.06666666666666667,0.26666666666666666,0.2,0.0,0.26666666666666666,0.6,0.5333333333333333,0.6666666666666666
Robert Williams,robert williams,2018,27.0,2019,0,29,9.724137931034482,2.793103448275862,2.793103448275862,0.2413793103448276,0.3103448275862069,1.3793103448275863,0.3448275862068966,0.0,1.2413793103448276,1.7586206896551724,0.3103448275862069,0.5172413793103449
Mfiondu Kabengele,mfiondu kabengele,2019,27.0,2020,0,12,5.333333333333333,3.5,0.9166666666666666,0.16666666666666666,0.16666666666666666,0.16666666666666666,0.16666666666666666,0.75,1.1666666666666667,2.6666666666666665,0.4166666666666667,0.4166666666666667
Terrence Shannon Jr.,terrence shannon,2024,27.0,2025,0,32,10.625,4.3125,1.46875,1.0,0.21875,0.15625,0.46875,0.34375,1.71875,3.5625,0.53125,0.65625
Danny Wolf,danny wolf,2025,27.0,2026,0,57,20.912280701754387,8.912280701754385,4.9298245614035086,2.2280701754385963,0.5263157894736842,0.5614035087719298,1.280701754385965,1.1929824561403508,3.1228070175438596,7.719298245614035,1.4736842105263157,1.912280701754386
Nick Smith Jr.,nick smith,2023,27.0,2024,0,51,14.215686274509803,5.921568627450981,1.411764705882353,1.1568627450980393,0.19607843137254902,0.13725490196078433,0.7647058823529411,1.2352941176470589,2.215686274509804,5.666666666666667,0.2549019607843137,0.29411764705882354
Greivis Vasquez,greivis vasquez,2010,28.0,2011,0,70,12.285714285714286,3.557142857142857,1.042857142857143,2.157142857142857,0.3142857142857143,0.05714285714285714,1.0,0.35714285714285715,1.3571428571428572,3.3285714285714287,0.4857142857142857,0.6285714285714286
Norris Cole,norris cole,2011,28.0,2012,0,64,19.71875,6.890625,1.421875,2.078125,0.6875,0.03125,1.640625,0.328125,2.765625,7.03125,1.03125,1.328125
C.J. Wilcox,cj wilcox,2014,28.0,2015,0,21,4.809523809523809,1.9523809523809523,0.3333333333333333,0.38095238095238093,0.14285714285714285,0.047619047619047616,0.47619047619047616,0.3333333333333333,0.7619047619047619,1.8095238095238095,0.09523809523809523,0.09523809523809523
Perry Jones III,perry jones,2012,28.0,2013,0,37,7.648648648648648,2.3783783783783785,1.6756756756756757,0.2702702702702703,0.13513513513513514,0.16216216216216217,0.40540540540540543,0.0,1.054054054054054,2.675675675675676,0.2702702702702703,0.40540540540540543
R.J. Hunter,rj hunter,2015,28.0,2016,0,36,8.86111111111111,2.6944444444444446,1.0277777777777777,0.3611111111111111,0.3888888888888889,0.1111111111111111,0.3055555555555556,0.5277777777777778,1.0,2.7222222222222223,0.16666666666666666,0.19444444444444445
Jacob Evans III,jacob evans,2018,28.0,2019,0,27,7.407407407407407,1.4814814814814814,0.9259259259259259,0.8518518518518519,0.18518518518518517,0.1111111111111111,0.4074074074074074,0.14814814814814814,0.6666666666666666,1.9259259259259258,0.0,0.037037037037037035
Skal Labissiere,skal labissiere,2016,28.0,2017,0,33,18.545454545454547,8.757575757575758,4.909090909090909,0.8181818181818182,0.48484848484848486,0.3939393939393939,1.121212121212121,0.09090909090909091,3.5454545454545454,6.606060606060606,1.5757575757575757,2.242424242424242
Tony Bradley,tony bradley,2017,28.0,2018,0,9,3.2222222222222223,0.8888888888888888,1.2222222222222223,0.1111111111111111,0.0,0.0,0.0,0.0,0.3333333333333333,1.2222222222222223,0.2222222222222222,0.2222222222222222
Jordan Poole,jordan poole,2019,28.0,2020,0,57,22.403508771929825,8.824561403508772,2.0701754385964914,2.3508771929824563,0.6140350877192983,0.17543859649122806,1.2982456140350878,1.2982456140350878,2.9298245614035086,8.807017543859649,1.6666666666666667,2.087719298245614
Jaden McDaniels,jaden mcdaniels,2020,28.0,2021,0,61,23.721311475409838,6.852459016393443,3.622950819672131,1.1475409836065573,0.5245901639344263,0.9344262295081968,0.7540983606557377,1.1639344262295082,2.6557377049180326,5.868852459016393,0.3770491803278688,0.6721311475409836
Jaden Springer,jaden springer,2021,28.0,2022,0,2,3.0,1.0,1.0,0.0,0.0,1.0,0.5,0.0,0.5,0.5,0.0,0.0
Patrick Baldwin Jr.,patrick baldwin,2022,28.0,2023,0,31,7.290322580645161,3.935483870967742,1.2903225806451613,0.3548387096774194,0.1935483870967742,0.12903225806451613,0.3548387096774194,1.032258064516129,1.3870967741935485,3.5161290322580645,0.12903225806451613,0.1935483870967742
Ryan Dunn,ryan dunn,2024,28.0,2025,0,72,19.569444444444443,7.097222222222222,3.7083333333333335,0.7916666666666666,0.6111111111111112,0.5555555555555556,0.5555555555555556,1.1388888888888888,2.8472222222222223,6.625,0.2638888888888889,0.5416666666666666
Brice Sensabaugh,brice sensabaugh,2023,28.0,2024,0,32,18.25,7.53125,3.1875,1.71875,0.40625,0.1875,1.46875,1.0625,2.65625,6.8125,1.15625,1.28125
Daniel Orton,daniel orton,2010,29.0,2012,1,16,11.6875,2.8125,2.4375,0.3125,0.5,0.5625,0.4375,0.0,1.0625,1.875,0.6875,1.5625
Cory Joseph,cory joseph,2011,29.0,2012,0,26,10.23076923076923,2.230769230769231,0.9615384615384616,1.3076923076923077,0.2692307692307692,0.11538461538461539,0.46153846153846156,0.11538461538461539,0.8461538461538461,2.6923076923076925,0.4230769230769231,0.6538461538461539
Josh Huestis,josh huestis,2014,29.0,2016,1,5,11.0,2.8,2.0,0.0,0.2,0.4,0.6,0.8,1.0,2.4,0.0,0.8
Marquis Teague,marquis teague,2012,29.0,2013,0,40,9.8,2.475,1.1,1.575,0.225,0.175,0.875,0.1,1.075,2.825,0.225,0.4
Archie Goodwin,archie goodwin,2013,29.0,2014,0,52,10.25,3.730769230769231,1.6730769230769231,0.38461538461538464,0.38461538461538464,0.21153846153846154,0.8461538461538461,0.09615384615384616,1.4615384615384615,3.2115384615384617,0.7115384615384616,1.0576923076923077
Chris McCullough,chris mccullough,2015,29.0,2016,0,24,15.125,4.666666666666667,2.8333333333333335,0.375,1.1666666666666667,0.5,0.625,0.5416666666666666,1.8333333333333333,4.541666666666667,0.4583333333333333,0.9583333333333334
Dejounte Murray,dejounte murray,2016,29.0,2017,0,34,9.352941176470589,3.823529411764706,1.2352941176470589,1.411764705882353,0.23529411764705882,0.17647058823529413,1.1176470588235294,0.2647058823529412,1.4705882352941178,3.411764705882353,0.6176470588235294,0.8823529411764706
Derrick White,derrick white,2017,29.0,2018,0,15,9.2,3.6,1.7333333333333334,0.6,0.26666666666666666,0.2,0.4,0.5333333333333333,1.0666666666666667,2.2,0.9333333333333333,1.3333333333333333
Malachi Flynn,malachi flynn,2020,29.0,2021,0,45,18.91111111111111,7.288888888888889,2.422222222222222,2.7111111111111112,0.7777777777777778,0.15555555555555556,0.8666666666666667,1.0888888888888888,2.6444444444444444,6.888888888888889,0.9111111111111111,1.1111111111111112
Keldon Johnson,keldon johnson,2019,29.0,2020,0,17,17.647058823529413,9.058823529411764,3.3529411764705883,0.8823529411764706,0.8235294117647058,0.11764705882352941,0.7647058823529411,0.7647058823529411,3.1176470588235294,5.235294117647059,2.0588235294117645,2.588235294117647
Day'Ron Sharpe,dayron sharpe,2021,29.0,2022,0,32,12.21875,6.1875,5.0,0.53125,0.3125,0.46875,0.9375,0.0625,2.6875,4.65625,0.75,1.28125
Julian Strawther,julian strawther,2023,29.0,2024,0,50,10.96,4.54,1.22,0.94,0.34,0.14,0.46,0.82,1.64,4.44,0.44,0.62
Tyty Washington Jr.,tyty washington,2022,29.0,2023,0,31,13.96774193548387,4.67741935483871,1.4516129032258065,1.5161290322580645,0.4838709677419355,0.06451612903225806,0.45161290322580644,0.6129032258064516,1.8709677419354838,5.161290322580645,0.3225806451612903,0.5806451612903226
Isaiah Collier,isaiah collier,2024,29.0,2025,0,71,25.887323943661972,8.661971830985916,3.3098591549295775,6.28169014084507,0.9295774647887324,0.22535211267605634,2.9295774647887325,0.5915492957746479,3.295774647887324,7.816901408450704,1.4788732394366197,2.1690140845070425
Liam McNeeley,liam mcneeley,2025,29.0,2026,0,31,11.806451612903226,4.258064516129032,2.3548387096774195,0.7741935483870968,0.16129032258064516,0.0967741935483871,0.41935483870967744,0.7741935483870968,1.2258064516129032,3.064516129032258,1.032258064516129,1.2580645161290323
Lazar Hayward,lazar hayward,2010,30.0,2011,0,41,10.268292682926829,3.902439024390244,1.7073170731707317,0.6829268292682927,0.2926829268292683,0.17073170731707318,0.4634146341463415,0.4146341463414634,1.3414634146341464,3.7560975609756095,0.8048780487804879,1.024390243902439
Festus Ezeli,festus ezeli,2012,30.0,2013,0,77,14.2987012987013,2.4155844155844157,4.025974025974026,0.2857142857142857,0.2987012987012987,0.922077922077922,0.8181818181818182,0.0,0.935064935064935,2.142857142857143,0.5454545454545454,1.025974025974026
Jimmy Butler,jimmy butler,2011,30.0,2012,0,39,9.23076923076923,2.7948717948717947,1.435897435897436,0.358974358974359,0.28205128205128205,0.1282051282051282,0.358974358974359,0.05128205128205128,0.8205128205128205,2.0256410256410255,1.1025641025641026,1.435897435897436
Kyle Anderson,kyle anderson,2014,30.0,2015,0,32,11.0625,2.3125,2.25,0.875,0.46875,0.21875,0.3125,0.09375,0.96875,2.78125,0.28125,0.4375
Damian Jones,damian jones,2016,30.0,2017,0,10,8.6,1.9,2.3,0.0,0.1,0.4,0.6,0.0,0.8,1.6,0.3,1.0
Josh Hart,josh hart,2017,30.0,2018,0,63,23.174603174603174,7.873015873015873,4.174603174603175,1.2698412698412698,0.746031746031746,0.25396825396825395,0.746031746031746,1.2380952380952381,2.7936507936507935,5.9523809523809526,1.0476190476190477,1.492063492063492
Kevon Looney,kevon looney,2015,30.0,2016,0,5,4.2,1.8,2.0,0.0,0.0,0.0,0.2,0.2,0.8,1.4,0.0,0.0
Desmond Bane,desmond bane,2020,30.0,2021,0,65,22.476923076923075,9.261538461538462,3.0923076923076924,1.6923076923076923,0.6153846153846154,0.2153846153846154,0.8769230769230769,1.7076923076923076,3.476923076923077,7.430769230769231,0.6,0.7230769230769231
Omari Spellman,omari spellman,2018,30.0,2019,0,46,17.5,5.913043478260869,4.217391304347826,1.0217391304347827,0.5652173913043478,0.5434782608695652,0.6739130434782609,0.9565217391304348,2.130434782608696,5.304347826086956,0.6956521739130435,0.9782608695652174
Kevin Porter Jr.,kevin porter,2019,30.0,2020,0,50,23.24,9.96,3.24,2.18,0.92,0.28,1.86,1.06,3.72,8.42,1.46,2.02
Kobe Brown,kobe brown,2023,30.0,2024,0,43,9.093023255813954,2.0697674418604652,1.441860465116279,0.5813953488372093,0.27906976744186046,0.13953488372093023,0.20930232558139536,0.32558139534883723,0.8604651162790697,2.0930232558139537,0.023255813953488372,0.046511627906976744
Santi Aldama,santi aldama,2021,30.0,2022,0,32,11.21875,4.125,2.71875,0.65625,0.1875,0.3125,0.5,0.1875,1.65625,4.125,0.625,1.0
Baylor Scheierman,baylor scheierman,2024,30.0,2025,0,31,12.419354838709678,3.6451612903225805,2.096774193548387,1.064516129032258,0.5483870967741935,0.06451612903225806,0.3870967741935484,0.8387096774193549,1.2580645161290323,3.5483870967741935,0.2903225806451613,0.3870967741935484
Peyton Watson,peyton watson,2022,30.0,2023,0,23,8.043478260869565,3.260869565217391,1.608695652173913,0.4782608695652174,0.08695652173913043,0.4782608695652174,0.34782608695652173,0.2608695652173913,1.2608695652173914,2.5652173913043477,0.4782608695652174,0.8695652173913043
Yanic Konan Niederhauser,yanic konan niederhauser,2025,30.0,2026,0,40,10.625,4.4,2.925,0.3,0.125,0.75,0.575,0.025,1.6,2.5,1.175,1.55
Jeffery Taylor,jeffery taylor,2012,31.0,2013,0,77,19.61038961038961,6.12987012987013,1.948051948051948,0.8181818181818182,0.6103896103896104,0.19480519480519481,0.6233766233766234,0.6883116883116883,2.2337662337662336,5.181818181818182,0.974025974025974,1.3376623376623376
Allen Crabbe,allen crabbe,2013,31.0,2014,0,15,6.533333333333333,2.2,0.6,0.4,0.13333333333333333,0.06666666666666667,0.2,0.4,0.8,2.2,0.2,0.26666666666666666
Deyonta Davis,deyonta davis,2016,31.0,2017,0,34,6.970588235294118,1.7058823529411764,1.7647058823529411,0.058823529411764705,0.08823529411764706,0.5,0.23529411764705882,0.0,0.7058823529411765,1.3823529411764706,0.29411764705882354,0.5294117647058824
Frank Jackson,frank jackson,2017,31.0,2019,1,61,19.19672131147541,8.114754098360656,2.19672131147541,1.1311475409836065,0.4098360655737705,0.03278688524590164,0.7868852459016393,0.8688524590163934,3.180327868852459,7.327868852459017,0.8852459016393442,1.1967213114754098
Andrew Nembhard,andrew nembhard,2022,31.0,2023,0,75,27.68,9.453333333333333,2.6533333333333333,4.546666666666667,0.9333333333333333,0.17333333333333334,1.68,1.2266666666666666,3.7866666666666666,8.586666666666666,0.6533333333333333,0.8266666666666667
Tyrell Terry,tyrell terry,2020,31.0,2021,0,10,5.7,1.1,0.6,0.6,0.5,0.0,0.2,0.0,0.5,1.5,0.1,0.3
Rasheer Fleming,rasheer fleming,2025,31.0,2026,0,55,12.309090909090909,4.327272727272727,2.2545454545454544,0.2909090909090909,0.4,0.38181818181818183,0.5272727272727272,0.8181818181818182,1.5818181818181818,3.909090909090909,0.34545454545454546,0.6181818181818182
Jonathan Mogbo,jonathan mogbo,2024,31.0,2025,0,63,20.428571428571427,6.174603174603175,4.936507936507937,2.3174603174603177,0.873015873015873,0.5396825396825397,1.1111111111111112,0.2698412698412698,2.4761904761904763,5.650793650793651,0.9523809523809523,1.3015873015873016
Dexter Pittman,dexter pittman,2010,32.0,2011,0,2,5.5,1.0,1.5,0.0,0.0,0.0,1.0,0.0,0.5,1.5,0.0,0.0
Justin Harper,justin harper,2011,32.0,2012,0,13,6.230769230769231,1.5384615384615385,0.9230769230769231,0.15384615384615385,0.15384615384615385,0.23076923076923078,0.46153846153846156,0.15384615384615385,0.6923076923076923,2.3846153846153846,0.0,0.07692307692307693
K.J. McDaniels,kj mcdaniels,2014,32.0,2015,0,62,21.822580645161292,7.854838709677419,3.225806451612903,1.1612903225806452,0.7096774193548387,1.1290322580645162,1.6935483870967742,0.6935483870967742,2.774193548387097,7.0,1.6129032258064515,2.1451612903225805
Montrezl Harrell,montrezl harrell,2015,32.0,2016,0,39,9.692307692307692,3.58974358974359,1.6666666666666667,0.4358974358974359,0.28205128205128205,0.28205128205128205,0.4358974358974359,0.0,1.4871794871794872,2.3076923076923075,0.6153846153846154,1.1794871794871795
Davon Reed,davon reed,2017,32.0,2018,0,21,11.523809523809524,3.0,1.8571428571428572,0.6190476190476191,0.47619047619047616,0.09523809523809523,0.47619047619047616,0.5238095238095238,1.0476190476190477,3.619047619047619,0.38095238095238093,0.5714285714285714
Jevon Carter,jevon carter,2018,32.0,2019,0,39,14.743589743589743,4.410256410256411,1.6923076923076923,1.7692307692307692,0.6666666666666666,0.28205128205128205,0.8461538461538461,0.8717948717948718,1.435897435897436,4.743589743589744,0.6666666666666666,0.8205128205128205
KZ Okpala,kz okpala,2019,32.0,2020,0,5,5.0,1.4,1.0,0.2,0.4,0.2,0.2,0.0,0.6,1.0,0.2,0.4
Jalen Pickett,jalen pickett,2023,32.0,2024,0,26,4.6923076923076925,1.6153846153846154,0.5384615384615384,0.8076923076923077,0.15384615384615385,0.0,0.34615384615384615,0.34615384615384615,0.5769230769230769,1.3461538461538463,0.11538461538461539,0.15384615384615385
Vernon Carey Jr.,vernon carey,2020,32.0,2021,0,17,5.705882352941177,2.235294117647059,1.3529411764705883,0.11764705882352941,0.058823529411764705,0.29411764705882354,0.29411764705882354,0.058823529411764705,0.9411764705882353,1.8235294117647058,0.29411764705882354,0.4117647058823529
Jeremiah Robinson-Earl,jeremiah robinson-earl,2021,32.0,2022,0,49,22.20408163265306,7.469387755102041,5.591836734693878,1.0,0.5918367346938775,0.30612244897959184,0.7959183673469388,1.183673469387755,2.7346938775510203,6.612244897959184,0.8163265306122449,1.1020408163265305
Caleb Houstan,caleb houstan,2022,32.0,2023,0,51,15.941176470588236,3.784313725490196,1.9411764705882353,0.5882352941176471,0.23529411764705882,0.13725490196078433,0.35294117647058826,0.9019607843137255,1.2941176470588236,3.5686274509803924,0.29411764705882354,0.35294117647058826
Kyle Filipowski,kyle filipowski,2024,32.0,2025,0,72,21.083333333333332,9.583333333333334,6.111111111111111,1.9444444444444444,0.6666666666666666,0.3055555555555556,1.4166666666666667,1.0694444444444444,3.611111111111111,7.194444444444445,1.2916666666666667,1.9861111111111112
Kyle Singler,kyle singler,2011,33.0,2013,1,81,28.012345679012345,8.74074074074074,4.049382716049383,0.9506172839506173,0.691358024691358,0.4567901234567901,1.1728395061728396,0.8518518518518519,3.345679012345679,7.790123456790123,1.1975308641975309,1.4938271604938271
Hassan Whiteside,hassan whiteside,2010,33.0,2011,0,1,2.0,0.0,0.0,0.0,0.0,0.0,0.0,0.0,0.0,0.0,0.0,0.0
Joe Harris,joe harris,2014,33.0,2015,0,47,10.446808510638299,2.893617021276596,0.8723404255319149,0.5531914893617021,0.14893617021276595,0.0425531914893617,0.574468085106383,0.6595744680851063,1.0212765957446808,2.5531914893617023,0.19148936170212766,0.3191489361702128
Bernard James,bernard james,2012,33.0,2013,0,45,9.822222222222223,2.688888888888889,2.8444444444444446,0.13333333333333333,0.26666666666666666,0.8222222222222222,0.37777777777777777,0.0,1.0666666666666667,2.088888888888889,0.5555555555555556,0.9111111111111111
Carrick Felix,carrick felix,2013,33.0,2014,0,7,5.428571428571429,2.7142857142857144,0.8571428571428571,0.5714285714285714,0.0,0.0,0.5714285714285714,0.2857142857142857,1.0,2.0,0.42857142857142855,0.5714285714285714
Jordan Mickey,jordan mickey,2015,33.0,2016,0,15,3.8666666666666667,1.4,0.8666666666666667,0.06666666666666667,0.0,0.7333333333333333,0.06666666666666667,0.0,0.5333333333333333,1.4666666666666666,0.3333333333333333,0.6666666666666666
Cheick Diallo,cheick diallo,2016,33.0,2017,0,16,12.375,5.4375,4.5625,0.25,0.25,0.4375,0.4375,0.0,2.25,4.75,0.9375,1.3125
Jalen Brunson,jalen brunson,2018,33.0,2019,0,73,21.863013698630137,9.287671232876713,2.315068493150685,3.1506849315068495,0.5068493150684932,0.0547945205479452,1.2054794520547945,0.863013698630137,3.6164383561643834,7.739726027397261,1.1917808219178083,1.643835616438356
Carsen Edwards,carsen edwards,2019,33.0,2020,0,36,9.777777777777779,3.361111111111111,1.3055555555555556,0.6666666666666666,0.3333333333333333,0.1111111111111111,0.4166666666666667,0.6666666666666666,1.1666666666666667,3.5555555555555554,0.3611111111111111,0.5277777777777778
Jason Preston,jason preston,2021,33.0,2023,1,14,8.857142857142858,2.9285714285714284,1.5714285714285714,1.9285714285714286,0.14285714285714285,0.0,0.7142857142857143,0.35714285714285715,1.2857142857142858,2.9285714285714284,0.0,0.14285714285714285
Daniel Oturu,daniel oturu,2020,33.0,2021,0,27,5.703703703703703,1.9259259259259258,1.6296296296296295,0.3333333333333333,0.18518518518518517,0.25925925925925924,0.3333333333333333,0.037037037037037035,0.7777777777777778,1.8518518518518519,0.3333333333333333,0.4444444444444444
Christian Koloko,christian koloko,2022,33.0,2023,0,58,13.827586206896552,3.1379310344827585,2.9482758620689653,0.5344827586206896,0.3620689655172414,0.9827586206896551,0.3448275862068966,0.017241379310344827,1.2413793103448276,2.586206896551724,0.6379310344827587,1.0172413793103448
Sion James,sion james,2025,33.0,2026,0,82,22.4390243902439,5.378048780487805,3.5,1.9878048780487805,0.6341463414634146,0.24390243902439024,0.7926829268292683,1.0121951219512195,1.6829268292682926,4.536585365853658,1.0,1.1951219512195121
Armon Johnson,armon johnson,2010,34.0,2011,0,35,7.885714285714286,3.085714285714286,1.0285714285714285,1.2857142857142858,0.14285714285714285,0.02857142857142857,1.0857142857142856,0.14285714285714285,1.2857142857142858,2.857142857142857,0.37142857142857144,0.6285714285714286
Shelvin Mack,shelvin mack,2011,34.0,2012,0,64,12.140625,3.59375,1.4375,2.046875,0.4375,0.03125,0.75,0.1875,1.375,3.4375,0.65625,0.921875
Isaiah Canaan,isaiah canaan,2013,34.0,2014,0,21,12.0,4.809523809523809,1.1428571428571428,1.0476190476190477,0.38095238095238093,0.19047619047619047,1.0,0.8571428571428571,1.4761904761904763,4.142857142857143,1.0,1.380952380952381
Jae Crowder,jae crowder,2012,34.0,2013,0,77,17.532467532467532,5.090909090909091,2.4285714285714284,1.2207792207792207,0.8181818181818182,0.22077922077922077,0.6363636363636364,0.8181818181818182,1.8311688311688312,4.766233766233766,0.6103896103896104,0.948051948051948
Anthony Brown,anthony brown,2015,34.0,2016,0,29,20.551724137931036,3.9655172413793105,2.413793103448276,0.6551724137931034,0.4827586206896552,0.1724137931034483,0.5172413793103449,0.6896551724137931,1.3448275862068966,4.344827586206897,0.5862068965517241,0.6896551724137931
Cleanthony Early,cleanthony early,2014,34.0,2015,0,38,17.105263157894736,5.526315789473684,2.5526315789473686,0.9473684210526315,0.631578947368421,0.3157894736842105,1.0526315789473684,0.5789473684210527,2.0,5.631578947368421,0.9473684210526315,1.263157894736842
Devonte' Graham,devonte graham,2018,34.0,2019,0,46,14.76086956521739,4.717391304347826,1.3695652173913044,2.630434782608696,0.5,0.043478260869565216,0.6521739130434783,0.7391304347826086,1.608695652173913,4.695652173913044,0.7608695652173914,1.0
Tyler Ulis,tyler ulis,2016,34.0,2017,0,59,19.016949152542374,7.52542372881356,1.6101694915254237,3.830508474576271,0.8135593220338984,0.0847457627118644,1.305084745762712,0.3559322033898305,3.1186440677966103,7.406779661016949,0.9322033898305084,1.2033898305084745
Frank Mason III,frank mason,2017,34.0,2018,0,52,19.0,7.9423076923076925,2.5,2.826923076923077,0.6538461538461539,0.19230769230769232,1.25,0.5961538461538461,2.769230769230769,7.3076923076923075,1.8076923076923077,2.2115384615384617
Bruno Fernando,bruno fernando,2019,34.0,2020,0,56,12.696428571428571,4.285714285714286,3.5357142857142856,0.875,0.32142857142857145,0.30357142857142855,0.75,0.08928571428571429,1.8392857142857142,3.5535714285714284,0.5178571428571429,0.9107142857142857
Ryan Kalkbrenner,ryan kalkbrenner,2025,34.0,2026,0,69,21.44927536231884,7.550724637681159,5.463768115942029,0.782608695652174,0.463768115942029,1.463768115942029,0.8985507246376812,0.0,3.1739130434782608,4.217391304347826,1.2028985507246377,1.681159420289855
Colby Jones,colby jones,2023,34.0,2024,0,29,6.517241379310345,2.206896551724138,1.3793103448275863,0.6896551724137931,0.2413793103448276,0.1724137931034483,0.3448275862068966,0.06896551724137931,0.9655172413793104,2.4482758620689653,0.20689655172413793,0.3793103448275862
Tyler Kolek,tyler kolek,2024,34.0,2025,0,41,7.195121951219512,1.975609756097561,0.6585365853658537,1.7073170731707317,0.2926829268292683,0.0975609756097561,0.43902439024390244,0.34146341463414637,0.6585365853658537,2.0,0.3170731707317073,0.4146341463414634
Jaylin Williams,jaylin williams,2022,34.0,2023,0,49,18.714285714285715,5.877551020408164,4.918367346938775,1.5510204081632653,0.5714285714285714,0.24489795918367346,0.7551020408163265,0.9387755102040817,2.0816326530612246,4.775510204081633,0.7755102040816326,1.1020408163265305
Draymond Green,draymond green,2012,35.0,2013,0,77,13.454545454545455,2.857142857142857,3.2857142857142856,0.6623376623376623,0.5324675324675324,0.3246753246753247,0.6363636363636364,0.16883116883116883,1.051948051948052,3.2467532467532467,0.5844155844155844,0.7142857142857143
Tyler Honeycutt,tyler honeycutt,2011,35.0,2012,0,13,6.769230769230769,1.5384615384615385,1.0769230769230769,0.5384615384615384,0.3076923076923077,0.23076923076923078,0.15384615384615385,0.07692307692307693,0.6153846153846154,1.8461538461538463,0.23076923076923078,0.38461538461538464
Jarnell Stokes,jarnell stokes,2014,35.0,2015,0,19,6.631578947368421,3.0,1.7894736842105263,0.21052631578947367,0.2631578947368421,0.2631578947368421,0.3684210526315789,0.0,1.105263157894737,1.9473684210526316,0.7894736842105263,1.4736842105263157
Melvin Frazier,melvin frazier,2018,35.0,2019,0,10,4.4,1.5,0.5,0.1,0.1,0.0,0.1,0.0,0.7,2.1,0.1,0.4
Ivan Rabb,ivan rabb,2017,35.0,2018,0,35,14.8,5.742857142857143,4.514285714285714,0.9142857142857143,0.34285714285714286,0.37142857142857144,1.0,0.0,2.4571428571428573,4.3428571428571425,0.8285714285714286,1.0285714285714285
Xavier Tillman,xavier tillman,2020,35.0,2021,0,56,18.714285714285715,6.642857142857143,4.5,1.3214285714285714,0.75,0.5714285714285714,0.75,0.35714285714285715,2.875,5.125,0.5357142857142857,0.875
Herbert Jones,herbert jones,2021,35.0,2022,0,78,29.923076923076923,9.512820512820513,3.7948717948717947,2.141025641025641,1.6666666666666667,0.7692307692307693,1.2820512820512822,0.7307692307692307,3.5128205128205128,7.384615384615385,1.7564102564102564,2.08974358974359
Johni Broome,johni broome,2025,35.0,2026,0,11,5.0,0.9090909090909091,1.4545454545454546,0.36363636363636365,0.2727272727272727,0.18181818181818182,0.2727272727272727,0.0,0.36363636363636365,2.1818181818181817,0.18181818181818182,0.5454545454545454
Max Christie,max christie,2022,35.0,2023,0,40,12.85,3.2,1.875,0.525,0.225,0.175,0.325,0.65,1.1,2.65,0.35,0.4
Julian Phillips,julian phillips,2023,35.0,2024,0,39,8.23076923076923,2.282051282051282,0.9230769230769231,0.3333333333333333,0.1794871794871795,0.1794871794871795,0.2564102564102564,0.3076923076923077,0.8205128205128205,1.9743589743589745,0.3333333333333333,0.48717948717948717
Johnny Furphy,johnny furphy,2024,35.0,2025,0,49,7.816326530612245,2.1020408163265305,1.4489795918367347,0.3877551020408163,0.3673469387755102,0.22448979591836735,0.24489795918367346,0.30612244897959184,0.7142857142857143,1.8775510204081634,0.3673469387755102,0.4489795918367347
Orlando Johnson,orlando johnson,2012,36.0,2013,0,50,12.34,4.06,2.2,0.94,0.22,0.18,0.58,0.72,1.44,3.6,0.46,0.64
Jordan Williams,jordan williams,2011,36.0,2012,0,43,14.813953488372093,4.5813953488372094,3.627906976744186,0.2558139534883721,0.4883720930232558,0.3488372093023256,0.5348837209302325,0.0,1.7906976744186047,3.5348837209302326,1.0,1.5348837209302326
Ray McCallum,ray mccallum,2013,36.0,2014,0,43,20.837209302325583,6.511627906976744,1.8372093023255813,2.7906976744186047,0.5116279069767442,0.20930232558139536,0.9069767441860465,0.5116279069767442,2.627906976744186,6.976744186046512,0.7441860465116279,1.0
Johnny O'Bryant III,johnny obryant,2014,36.0,2015,0,34,10.735294117647058,2.9411764705882355,1.8823529411764706,0.5,0.14705882352941177,0.11764705882352941,0.7352941176470589,0.0,1.2941176470588236,3.5294117647058822,0.35294117647058826,0.7941176470588235
Rakeem Christmas,rakeem christmas,2015,36.0,2016,0,1,6.0,4.0,1.0,0.0,0.0,0.0,0.0,0.0,2.0,2.0,0.0,0.0
Malcolm Brogdon,malcolm brogdon,2016,36.0,2017,0,75,26.386666666666667,10.226666666666667,2.84,4.226666666666667,1.12,0.16,1.5066666666666666,1.04,3.8666666666666667,8.466666666666667,1.4533333333333334,1.68
Cody Martin,cody martin,2019,36.0,2020,0,47,19.19148936170213,5.0638297872340425,3.3617021276595747,2.021276595744681,0.8297872340425532,0.19148936170212766,0.9361702127659575,0.3829787234042553,1.8936170212765957,4.404255319148936,0.8936170212765957,1.3829787234042554
Tyler Bey,tyler bey,2020,36.0,2021,0,17,3.9411764705882355,1.0588235294117647,1.0588235294117647,0.11764705882352941,0.0,0.058823529411764705,0.17647058823529413,0.058823529411764705,0.4117647058823529,1.2941176470588236,0.17647058823529413,0.29411764705882354
Miles McBride,miles mcbride,2021,36.0,2022,0,37,10.08108108108108,2.4054054054054053,1.135135135135135,1.1081081081081081,0.3783783783783784,0.02702702702702703,0.13513513513513514,0.4594594594594595,0.8648648648648649,2.918918918918919,0.21621621621621623,0.32432432432432434
Andre Jackson Jr.,andre jackson,2023,36.0,2024,0,56,10.285714285714286,2.232142857142857,2.017857142857143,0.8928571428571429,0.2857142857142857,0.10714285714285714,0.5,0.30357142857142855,0.8928571428571429,1.7857142857142858,0.14285714285714285,0.19642857142857142
Adou Thiero,adou thiero,2025,36.0,2026,0,25,6.04,1.88,1.12,0.4,0.28,0.08,0.36,0.04,0.64,1.24,0.56,0.88
Quincy Acy,quincy acy,2012,37.0,2013,0,29,11.758620689655173,4.0,2.6551724137931036,0.3793103448275862,0.4482758620689655,0.5172413793103449,0.5862068965517241,0.034482758620689655,1.4482758620689655,2.586206896551724,1.0689655172413792,1.3103448275862069
Darington Hobson,darington hobson,2010,37.0,2012,1,4,9.75,1.0,0.75,1.5,0.0,0.0,0.5,0.0,0.5,3.25,0.0,0.0
Tony Mitchell,tony mitchell,2013,37.0,2014,0,3,3.3333333333333335,2.0,0.3333333333333333,0.3333333333333333,0.3333333333333333,0.0,0.0,0.0,1.0,1.6666666666666667,0.0,0.0
Richaun Holmes,richaun holmes,2015,37.0,2016,0,51,13.764705882352942,5.627450980392157,2.6470588235294117,0.6470588235294118,0.37254901960784315,0.7843137254901961,0.6274509803921569,0.1568627450980392,2.235294117647059,4.352941176470588,1.0,1.4509803921568627
Semi Ojeleye,semi ojeleye,2017,37.0,2018,0,73,15.794520547945206,2.671232876712329,2.2054794520547945,0.273972602739726,0.2876712328767123,0.0547945205479452,0.3424657534246575,0.547945205479452,0.8904109589041096,2.5753424657534247,0.3424657534246575,0.5616438356164384
Chinanu Onuaku,chinanu onuaku,2016,37.0,2017,0,5,10.0,2.8,2.0,0.6,0.6,0.2,0.8,0.0,1.0,1.4,0.8,0.8
Gary Trent Jr.,gary trent,2018,37.0,2019,0,15,7.4,2.6666666666666665,0.7333333333333333,0.3333333333333333,0.06666666666666667,0.13333333333333333,0.26666666666666666,0.3333333333333333,1.0666666666666667,3.3333333333333335,0.2,0.4666666666666667
Hunter Tyson,hunter tyson,2023,37.0,2024,0,18,2.611111111111111,1.1111111111111112,0.5,0.1111111111111111,0.05555555555555555,0.0,0.1111111111111111,0.2222222222222222,0.4444444444444444,1.1111111111111112,0.0,0.0
Chaz Lanier,chaz lanier,2025,37.0,2026,0,33,8.0,2.4242424242424243,0.696969696969697,0.5151515151515151,0.21212121212121213,0.0,0.09090909090909091,0.5757575757575758,0.8484848484848485,2.696969696969697,0.15151515151515152,0.18181818181818182
JT Thor,jt thor,2021,37.0,2022,0,33,7.878787878787879,2.0303030303030303,1.303030303030303,0.5757575757575758,0.24242424242424243,0.3333333333333333,0.30303030303030304,0.21212121212121213,0.7272727272727273,1.6666666666666667,0.36363636363636365,0.6060606060606061
Chandler Parsons,chandler parsons,2011,38.0,2012,0,62,29.06451612903226,9.661290322580646,4.838709677419355,2.161290322580645,1.1774193548387097,0.46774193548387094,1.3064516129032258,0.967741935483871,4.0,8.85483870967742,0.6935483870967742,1.2580645161290323
Andy Rautins,andy rautins,2010,38.0,2011,0,5,4.8,1.6,0.2,0.6,0.2,0.0,1.4,0.2,0.6,1.4,0.2,0.4
Nate Wolters,nate wolters,2013,38.0,2014,0,58,22.53448275862069,7.189655172413793,2.5689655172413794,3.2241379310344827,0.603448275862069,0.25862068965517243,0.9827586206896551,0.3103448275862069,2.9310344827586206,6.706896551724138,1.0172413793103448,1.5517241379310345
Spencer Dinwiddie,spencer dinwiddie,2014,38.0,2015,0,34,13.470588235294118,4.264705882352941,1.411764705882353,3.0588235294117645,0.5588235294117647,0.17647058823529413,0.9705882352941176,0.35294117647058826,1.5,4.970588235294118,0.9117647058823529,1.0
Darrun Hilliard,darrun hilliard,2015,38.0,2016,0,37,10.405405405405405,4.108108108108108,1.2162162162162162,0.7297297297297297,0.24324324324324326,0.02702702702702703,0.5135135135135135,0.5135135135135135,1.4054054054054055,3.5405405405405403,0.7837837837837838,1.0810810810810811
Quincy Miller,quincy miller,2012,38.0,2013,0,7,3.7142857142857144,1.2857142857142858,0.2857142857142857,0.42857142857142855,0.14285714285714285,0.0,0.14285714285714285,0.0,0.5714285714285714,1.7142857142857142,0.14285714285714285,0.2857142857142857
Patrick McCaw,patrick mccaw,2016,38.0,2017,0,70,15.385714285714286,4.0285714285714285,1.4285714285714286,1.1,0.45714285714285713,0.21428571428571427,0.5142857142857142,0.5857142857142857,1.5142857142857142,3.5,0.4142857142857143,0.5285714285714286
Jordan Bell,jordan bell,2017,38.0,2018,0,56,14.482142857142858,4.678571428571429,3.6964285714285716,1.8214285714285714,0.625,1.0,0.9107142857142857,0.0,2.0714285714285716,3.3035714285714284,0.5357142857142857,0.7857142857142857
Khyri Thomas,khyri thomas,2018,38.0,2019,0,26,7.538461538461538,2.3461538461538463,0.7692307692307693,0.3076923076923077,0.2692307692307692,0.19230769230769232,0.15384615384615385,0.38461538461538464,0.8461538461538461,2.6538461538461537,0.2692307692307692,0.4230769230769231
Saben Lee,saben lee,2020,38.0,2021,0,47,15.914893617021276,5.404255319148936,2.0425531914893615,3.5531914893617023,0.6382978723404256,0.2765957446808511,1.148936170212766,0.1702127659574468,2.0,4.25531914893617,1.2340425531914894,1.8085106382978724
Daniel Gafford,daniel gafford,2019,38.0,2020,0,43,14.13953488372093,5.116279069767442,2.4651162790697674,0.4883720930232558,0.3023255813953488,1.302325581395349,0.6744186046511628,0.0,2.186046511627907,3.116279069767442,0.7441860465116279,1.3953488372093024
Ayo Dosunmu,ayo dosunmu,2021,38.0,2022,0,77,27.4025974025974,8.818181818181818,2.779220779220779,3.324675324675325,0.7792207792207793,0.37662337662337664,1.4025974025974026,0.9090909090909091,3.6103896103896105,6.9480519480519485,0.6883116883116883,1.0129870129870129
Ajay Mitchell,ajay mitchell,2024,38.0,2025,0,37,16.62162162162162,6.45945945945946,1.8918918918918919,1.7837837837837838,0.6756756756756757,0.10810810810810811,0.7837837837837838,0.6216216216216216,2.4864864864864864,5.108108108108108,0.8648648648648649,1.054054054054054
Kam Jones,kam jones,2025,38.0,2026,0,37,16.64864864864865,4.378378378378378,1.6216216216216217,3.2162162162162162,0.4864864864864865,0.0,0.972972972972973,0.5945945945945946,1.837837837837838,4.5675675675675675,0.10810810810810811,0.21621621621621623
Kennedy Chandler,kennedy chandler,2022,38.0,2023,0,36,7.888888888888889,2.1666666666666665,1.0555555555555556,1.6111111111111112,0.3333333333333333,0.1388888888888889,0.5,0.05555555555555555,0.9722222222222222,2.3055555555555554,0.16666666666666666,0.3611111111111111
Jordan Walsh,jordan walsh,2023,38.0,2024,0,9,9.222222222222221,1.6666666666666667,2.2222222222222223,0.5555555555555556,0.5555555555555556,0.1111111111111111,0.3333333333333333,0.2222222222222222,0.6666666666666666,1.6666666666666667,0.1111111111111111,0.2222222222222222
Landry Fields,landry fields,2010,39.0,2011,0,82,30.975609756097562,9.71951219512195,6.353658536585366,1.8902439024390243,0.975609756097561,0.2073170731707317,1.3048780487804879,1.048780487804878,3.6463414634146343,7.341463414634147,1.3780487804878048,1.7926829268292683
Jeff Withey,jeff withey,2013,39.0,2014,0,57,12.035087719298245,3.3333333333333335,2.6315789473684212,0.45614035087719296,0.2631578947368421,0.8771929824561403,0.3508771929824561,0.0,1.2105263157894737,2.263157894736842,0.9122807017543859,1.280701754385965
Khris Middleton,khris middleton,2012,39.0,2013,0,27,17.666666666666668,6.111111111111111,1.8518518518518519,1.037037037037037,0.5555555555555556,0.14814814814814814,0.4074074074074074,0.5185185185185185,2.2962962962962963,5.222222222222222,1.0,1.1851851851851851
Jerami Grant,jerami grant,2014,39.0,2015,0,65,21.23076923076923,6.323076923076923,3.046153846153846,1.2153846153846153,0.6153846153846154,1.0461538461538462,1.3076923076923077,0.7538461538461538,1.9076923076923078,5.415384615384616,1.7538461538461538,2.9692307692307693
Jawun Evans,jawun evans,2017,39.0,2018,0,48,16.208333333333332,4.8125,1.75,2.0833333333333335,0.75,0.125,0.9166666666666666,0.3125,1.8541666666666667,5.270833333333333,0.7916666666666666,1.0208333333333333
Elijah Hughes,elijah hughes,2020,39.0,2021,0,18,3.611111111111111,1.7222222222222223,0.5,0.3333333333333333,0.05555555555555555,0.05555555555555555,0.3333333333333333,0.4444444444444444,0.5555555555555556,1.6666666666666667,0.16666666666666666,0.2222222222222222
Neemias Queta,neemias queta,2021,39.0,2022,0,14,8.642857142857142,3.2142857142857144,2.2142857142857144,0.42857142857142855,0.07142857142857142,0.5714285714285714,0.42857142857142855,0.0,1.2142857142857142,2.7142857142857144,0.7857142857142857,1.2142857142857142
Alijah Martin,alijah martin,2025,39.0,2026,0,23,6.304347826086956,2.217391304347826,0.9130434782608695,0.5217391304347826,0.34782608695652173,0.17391304347826086,0.34782608695652173,0.17391304347826086,0.6956521739130435,2.1739130434782608,0.6521739130434783,0.8260869565217391
Mouhamed Gueye,mouhamed gueye,2023,39.0,2024,0,6,12.166666666666666,4.0,3.6666666666666665,0.6666666666666666,0.8333333333333334,0.6666666666666666,0.16666666666666666,0.5,1.3333333333333333,3.8333333333333335,0.8333333333333334,1.0
Jaylen Wells,jaylen wells,2024,39.0,2025,0,79,25.88607594936709,10.417721518987342,3.392405063291139,1.7088607594936709,0.5569620253164557,0.10126582278481013,0.8734177215189873,1.7468354430379747,3.632911392405063,8.556962025316455,1.4050632911392404,1.7088607594936709
Jon Leuer,jon leuer,2011,40.0,2012,0,46,12.152173913043478,4.739130434782608,2.608695652173913,0.5434782608695652,0.30434782608695654,0.3695652173913043,0.391304347826087,0.06521739130434782,2.108695652173913,4.1521739130434785,0.45652173913043476,0.6086956521739131
Lance Stephenson,lance stephenson,2010,40.0,2011,0,12,9.416666666666666,3.0833333333333335,1.5,1.75,0.3333333333333333,0.0,1.3333333333333333,0.0,1.0833333333333333,3.25,0.9166666666666666,1.1666666666666667
Will Barton,will barton,2012,40.0,2013,0,72,12.277777777777779,4.069444444444445,1.9722222222222223,0.8055555555555556,0.4722222222222222,0.125,0.8055555555555556,0.125,1.625,4.263888888888889,0.6944444444444444,0.9027777777777778
Josh Richardson,josh richardson,2015,40.0,2016,0,52,21.25,6.5576923076923075,2.0576923076923075,1.4038461538461537,0.6923076923076923,0.4807692307692308,0.6730769230769231,1.0192307692307692,2.3653846153846154,5.230769230769231,0.8076923076923077,1.2115384615384615
Grant Jerrett,grant jerrett,2013,40.0,2015,1,7,7.428571428571429,2.2857142857142856,1.2857142857142858,0.42857142857142855,0.2857142857142857,0.2857142857142857,0.42857142857142855,0.14285714285714285,1.0,3.7142857142857144,0.14285714285714285,0.14285714285714285
Glenn Robinson III,glenn robinson,2014,40.0,2015,0,35,7.542857142857143,2.085714285714286,1.1142857142857143,0.3142857142857143,0.17142857142857143,0.02857142857142857,0.3142857142857143,0.14285714285714285,0.7428571428571429,1.9142857142857144,0.45714285714285713,0.6857142857142857
Justin James,justin james,2019,40.0,2020,0,30,7.8,2.966666666666667,1.0666666666666667,0.6,0.2,0.3,0.23333333333333334,0.3,1.1666666666666667,2.8,0.3333333333333333,0.7
Diamond Stone,diamond stone,2016,40.0,2017,0,7,3.5714285714285716,1.4285714285714286,0.8571428571428571,0.0,0.0,0.14285714285714285,0.2857142857142857,0.0,0.42857142857142855,1.8571428571428572,0.5714285714285714,0.5714285714285714
Dwayne Bacon,dwayne bacon,2017,40.0,2018,0,53,13.415094339622641,3.30188679245283,2.339622641509434,0.7169811320754716,0.3018867924528302,0.03773584905660377,0.4339622641509434,0.20754716981132076,1.3584905660377358,3.6226415094339623,0.37735849056603776,0.4716981132075472
Jared Butler,jared butler,2021,40.0,2022,0,42,8.571428571428571,3.8333333333333335,1.0714285714285714,1.5,0.40476190476190477,0.19047619047619047,0.7857142857142857,0.6666666666666666,1.4523809523809523,3.5952380952380953,0.2619047619047619,0.38095238095238093
Robert Woodard II,robert woodard,2020,40.0,2021,0,13,3.5384615384615383,1.5384615384615385,1.2307692307692308,0.15384615384615385,0.0,0.23076923076923078,0.07692307692307693,0.07692307692307693,0.6153846153846154,1.5384615384615385,0.23076923076923078,0.6153846153846154
Oso Ighodaro,oso ighodaro,2024,40.0,2025,0,60,17.366666666666667,4.25,3.7,1.1833333333333333,0.4666666666666667,0.48333333333333334,0.65,0.0,1.8833333333333333,3.1166666666666667,0.48333333333333334,0.8333333333333334
Micah Peavy,micah peavy,2025,40.0,2026,0,61,14.967213114754099,4.295081967213115,1.9180327868852458,1.0,0.7049180327868853,0.14754098360655737,0.32786885245901637,0.45901639344262296,1.7377049180327868,4.508196721311475,0.36065573770491804,0.47540983606557374
Bryce McGowens,bryce mcgowens,2022,40.0,2023,0,45,17.533333333333335,5.466666666666667,2.066666666666667,1.2,0.3333333333333333,0.13333333333333333,0.9555555555555556,0.5777777777777777,1.7777777777777777,4.488888888888889,1.3333333333333333,1.7777777777777777
Maxwell Lewis,maxwell lewis,2023,40.0,2024,0,35,2.914285714285714,0.3142857142857143,0.11428571428571428,0.17142857142857143,0.05714285714285714,0.02857142857142857,0.2857142857142857,0.02857142857142857,0.11428571428571428,0.6,0.05714285714285714,0.08571428571428572
Jarvis Varnado,jarvis varnado,2010,41.0,2013,2,13,4.538461538461538,0.6153846153846154,0.6923076923076923,0.23076923076923078,0.07692307692307693,0.15384615384615385,0.46153846153846156,0.0,0.23076923076923078,0.5384615384615384,0.15384615384615385,0.3076923076923077
Tyshawn Taylor,tyshawn taylor,2012,41.0,2013,0,36,6.083333333333333,2.361111111111111,0.5,0.5833333333333334,0.3611111111111111,0.0,0.6944444444444444,0.16666666666666666,0.8888888888888888,2.4166666666666665,0.4166666666666667,0.75
Darius Morris,darius morris,2011,41.0,2012,0,19,8.947368421052632,2.4210526315789473,0.8421052631578947,1.105263157894737,0.10526315789473684,0.0,1.0,0.21052631578947367,0.9473684210526315,2.210526315789474,0.3157894736842105,0.47368421052631576
Jamaal Franklin,jamaal franklin,2013,41.0,2014,0,20,8.05,1.95,1.15,0.3,0.2,0.1,0.55,0.25,0.8,1.95,0.1,0.1
Pat Connaughton,pat connaughton,2015,41.0,2016,0,32,4.53125,1.125,1.0,0.3125,0.0625,0.0,0.3125,0.15625,0.40625,1.53125,0.15625,0.15625
Eric Paschall,eric paschall,2019,41.0,2020,0,60,27.566666666666666,13.95,4.583333333333333,2.1166666666666667,0.5333333333333333,0.21666666666666667,1.5666666666666667,0.6166666666666667,5.3,10.666666666666666,2.7333333333333334,3.533333333333333
Tyler Dorsey,tyler dorsey,2017,41.0,2018,0,56,17.464285714285715,7.232142857142857,2.3214285714285716,1.4107142857142858,0.30357142857142855,0.08928571428571429,0.6607142857142857,1.2857142857142858,2.5714285714285716,6.821428571428571,0.8035714285714286,1.125
Stephen Zimmerman Jr.,stephen zimmerman,2016,41.0,2017,0,19,5.7894736842105265,1.2105263157894737,1.8421052631578947,0.21052631578947367,0.10526315789473684,0.2631578947368421,0.15789473684210525,0.0,0.5263157894736842,1.631578947368421,0.15789473684210525,0.2631578947368421
Jarred Vanderbilt,jarred vanderbilt,2018,41.0,2019,0,15,4.6,1.6,1.5333333333333334,0.2,0.4,0.06666666666666667,0.4666666666666667,0.0,0.6,1.2666666666666666,0.4,0.6666666666666666
Tre Jones,tre jones,2020,41.0,2021,0,37,7.27027027027027,2.5405405405405403,0.5675675675675675,1.054054054054054,0.21621621621621623,0.0,0.35135135135135137,0.08108108108108109,1.0,2.108108108108108,0.4594594594594595,0.5135135135135135
Joe Wieskamp,joe wieskamp,2021,41.0,2022,0,29,7.068965517241379,2.103448275862069,0.4827586206896552,0.3103448275862069,0.13793103448275862,0.10344827586206896,0.06896551724137931,0.4827586206896552,0.6896551724137931,1.9310344827586208,0.2413793103448276,0.4482758620689655
E.J. Liddell,ej liddell,2022,41.0,2024,1,8,2.875,0.5,0.625,0.125,0.25,0.25,0.25,0.0,0.125,0.75,0.25,0.25
Koby Brea,koby brea,2025,41.0,2026,0,12,7.083333333333333,3.75,0.6666666666666666,0.8333333333333334,0.08333333333333333,0.0,0.3333333333333333,1.0833333333333333,1.25,3.0,0.16666666666666666,0.16666666666666666
Amari Bailey,amari bailey,2023,41.0,2024,0,10,6.3,2.3,0.9,0.7,0.3,0.0,0.4,0.1,0.8,2.4,0.6,0.7
Adem Bona,adem bona,2024,41.0,2025,0,58,15.689655172413794,5.810344827586207,4.224137931034483,0.46551724137931033,0.4482758620689655,1.1896551724137931,1.0517241379310345,0.0,2.3275862068965516,3.310344827586207,1.1551724137931034,1.7241379310344827
Doron Lamb,doron lamb,2012,42.0,2013,0,47,12.27659574468085,3.276595744680851,0.9787234042553191,0.6808510638297872,0.2765957446808511,0.0,0.5531914893617021,0.2978723404255319,1.2765957446808511,3.4680851063829787,0.425531914893617,0.723404255319149
Nick Johnson,nick johnson,2014,42.0,2015,0,28,9.357142857142858,2.642857142857143,1.3928571428571428,0.39285714285714285,0.25,0.10714285714285714,0.6785714285714286,0.17857142857142858,0.9285714285714286,2.6785714285714284,0.6071428571428571,0.8928571428571429
Isaiah Whitehead,isaiah whitehead,2016,42.0,2017,0,73,22.534246575342465,7.438356164383562,2.5205479452054793,2.6301369863013697,0.5753424657534246,0.4931506849315068,1.9452054794520548,0.6027397260273972,2.7945205479452055,6.958904109589041,1.2465753424657535,1.547945205479452
Thomas Bryant,thomas bryant,2017,42.0,2018,0,15,4.733333333333333,1.4666666666666666,1.1333333333333333,0.4,0.06666666666666667,0.13333333333333333,0.13333333333333333,0.06666666666666667,0.5333333333333333,1.4,0.3333333333333333,0.6
Admiral Schofield,admiral schofield,2019,42.0,2020,0,32,11.59375,3.09375,1.46875,0.46875,0.25,0.125,0.21875,0.59375,1.09375,2.875,0.3125,0.46875
Bruce Brown Jr.,bruce brown,2018,42.0,2019,0,74,19.554054054054053,4.3108108108108105,2.5,1.2297297297297298,0.5405405405405406,0.4864864864864865,0.6216216216216216,0.32432432432432434,1.6891891891891893,4.243243243243243,0.6081081081081081,0.8108108108108109
Isaiah Livers,isaiah livers,2021,42.0,2022,0,19,20.210526315789473,6.368421052631579,3.0,1.105263157894737,0.6842105263157895,0.3684210526315789,0.7894736842105263,1.4210526315789473,2.1578947368421053,4.7368421052631575,0.631578947368421,0.7368421052631579
Nick Richards,nick richards,2020,42.0,2021,0,15,3.6666666666666665,1.0,0.6,0.06666666666666667,0.0,0.0,0.2,0.0,0.26666666666666666,0.5333333333333333,0.4666666666666667,0.7333333333333333
Maxime Raynaud,maxime raynaud,2025,42.0,2026,0,74,26.594594594594593,12.45945945945946,7.513513513513513,1.3513513513513513,0.5135135135135135,0.527027027027027,1.2702702702702702,0.32432432432432434,5.175675675675675,9.067567567567568,1.7837837837837838,2.27027027027027
Trevor Keels,trevor keels,2022,42.0,2023,0,3,2.6666666666666665,1.0,0.6666666666666666,0.0,0.0,0.0,0.0,0.3333333333333333,0.3333333333333333,1.3333333333333333,0.0,0.0
KJ Simpson,kj simpson,2024,42.0,2025,0,36,23.444444444444443,7.833333333333333,3.0277777777777777,3.111111111111111,0.9444444444444444,0.16666666666666666,1.5555555555555556,0.9166666666666666,2.888888888888889,8.36111111111111,1.1388888888888888,1.3888888888888888
Mike Scott,mike scott,2012,43.0,2013,0,40,9.425,4.575,2.75,0.3,0.1,0.05,0.525,0.0,1.75,3.675,1.075,1.4
Malcolm Lee,malcolm lee,2011,43.0,2012,0,19,12.842105263157896,3.263157894736842,1.368421052631579,1.631578947368421,0.42105263157894735,0.21052631578947367,0.8947368421052632,0.10526315789473684,1.2105263157894737,3.1052631578947367,0.7368421052631579,0.8947368421052632
Devin Ebanks,devin ebanks,2010,43.0,2011,0,19,6.052631578947368,3.263157894736842,1.4210526315789473,0.10526315789473684,0.21052631578947367,0.2631578947368421,0.3157894736842105,0.10526315789473684,1.105263157894737,2.6842105263157894,0.9473684210526315,1.2105263157894737
Jaylen Nowell,jaylen nowell,2019,43.0,2020,0,15,10.2,3.8,0.8666666666666667,1.2666666666666666,0.2,0.06666666666666667,0.2,0.2,1.2666666666666666,3.533333333333333,1.0666666666666667,1.1333333333333333
Jahmi'us Ramsey,jahmius ramsey,2020,43.0,2021,0,13,7.230769230769231,3.076923076923077,0.7692307692307693,0.46153846153846156,0.3076923076923077,0.07692307692307693,0.23076923076923078,0.38461538461538464,1.1538461538461537,2.923076923076923,0.38461538461538464,0.38461538461538464
Greg Brown III,greg brown,2021,43.0,2022,0,47,13.553191489361701,4.787234042553192,2.872340425531915,0.7446808510638298,0.5531914893617021,0.5106382978723404,0.7659574468085106,0.40425531914893614,1.7234042553191489,4.042553191489362,0.9361702127659575,1.3829787234042554
Jamir Watkins,jamir watkins,2025,43.0,2026,0,48,21.458333333333332,7.666666666666667,4.041666666666667,1.3958333333333333,1.125,0.5208333333333334,0.8333333333333334,0.9791666666666666,2.75,6.166666666666667,1.1875,1.7083333333333333
Moussa Diabate,moussa diabate,2022,43.0,2023,0,22,8.909090909090908,2.6818181818181817,2.272727272727273,0.18181818181818182,0.3181818181818182,0.36363636363636365,0.4090909090909091,0.045454545454545456,1.0909090909090908,2.1363636363636362,0.45454545454545453,0.7272727272727273
Charles Jenkins,charles jenkins,2011,44.0,2012,0,50,17.88,5.94,1.36,3.38,0.66,0.12,1.2,0.06,2.6,5.82,0.68,0.78
Kim English,kim english,2012,44.0,2013,0,40,10.075,2.9,0.925,0.65,0.375,0.075,0.475,0.35,1.025,2.775,0.5,0.675
Mike Muscala,mike muscala,2013,44.0,2014,0,20,10.75,3.8,2.6,0.35,0.15,0.5,0.6,0.0,1.55,3.65,0.7,0.7
Markel Brown,markel brown,2014,44.0,2015,0,45,17.377777777777776,4.8,2.3777777777777778,0.8666666666666667,0.6888888888888889,0.26666666666666666,0.6,0.37777777777777777,1.6888888888888889,4.666666666666667,1.0444444444444445,1.2666666666666666
Damyean Dotson,damyean dotson,2017,44.0,2018,0,44,10.75,4.136363636363637,1.9090909090909092,0.7045454545454546,0.2727272727272727,0.045454545454545456,0.38636363636363635,0.5,1.6363636363636365,3.659090909090909,0.36363636363636365,0.5227272727272727
Andrew Harrison,andrew harrison,2015,44.0,2017,1,72,20.48611111111111,5.902777777777778,1.8888888888888888,2.75,0.7361111111111112,0.2916666666666667,1.1805555555555556,0.5972222222222222,1.625,5.0,2.0555555555555554,2.6944444444444446
Bol Bol,bol bol,2019,44.0,2020,0,6,14.5,6.666666666666667,3.1666666666666665,1.0,0.3333333333333333,1.0,1.6666666666666667,0.6666666666666666,2.3333333333333335,4.666666666666667,1.3333333333333333,1.6666666666666667
Kessler Edwards,kessler edwards,2021,44.0,2022,0,48,20.625,5.916666666666667,3.5833333333333335,0.6458333333333334,0.6041666666666666,0.5,0.875,1.0,2.2916666666666665,5.5625,0.3333333333333333,0.3958333333333333
Ryan Rollins,ryan rollins,2022,44.0,2023,0,12,5.166666666666667,1.9166666666666667,1.0,0.5,0.08333333333333333,0.08333333333333333,1.3333333333333333,0.25,0.5833333333333334,1.6666666666666667,0.5,0.5
Pelle Larsson,pelle larsson,2024,44.0,2025,0,54,14.5,4.648148148148148,1.7037037037037037,1.2037037037037037,0.5925925925925926,0.12962962962962962,0.4444444444444444,0.5925925925925926,1.6481481481481481,3.759259259259259,0.7592592592592593,1.1296296296296295
Brooks Barnhizer,brooks barnhizer,2025,44.0,2026,0,40,8.725,1.7,1.95,0.55,0.275,0.125,0.25,0.175,0.675,1.775,0.175,0.25
Justin Hamilton,justin hamilton,2012,45.0,2014,1,8,9.25,3.25,0.875,0.0,0.625,0.0,0.5,0.375,1.125,2.5,0.625,0.625
Josh Harrellson,josh harrellson,2011,45.0,2012,0,37,14.513513513513514,4.378378378378378,3.891891891891892,0.2972972972972973,0.6216216216216216,0.5405405405405406,0.5405405405405406,0.5405405405405406,1.7027027027027026,4.027027027027027,0.43243243243243246,0.7027027027027027
Dwight Powell,dwight powell,2014,45.0,2015,0,27,8.703703703703704,3.3333333333333335,1.8518518518518519,0.3333333333333333,0.3333333333333333,0.2222222222222222,0.4074074074074074,0.1111111111111111,1.1481481481481481,2.4814814814814814,0.9259259259259259,1.2222222222222223
Demetrius Jackson,demetrius jackson,2016,45.0,2017,0,3,5.666666666666667,3.3333333333333335,1.3333333333333333,1.0,0.0,0.0,0.0,0.3333333333333333,1.0,1.3333333333333333,1.0,2.0
Dillon Brooks,dillon brooks,2017,45.0,2018,0,82,28.682926829268293,10.951219512195122,3.1341463414634148,1.646341463414634,0.8902439024390244,0.2073170731707317,1.5121951219512195,1.146341463414634,4.146341463414634,9.414634146341463,1.5121951219512195,2.024390243902439
Isaiah Roby,isaiah roby,2019,45.0,2020,0,3,3.6666666666666665,0.0,0.6666666666666666,0.0,0.0,0.0,0.3333333333333333,0.0,0.0,0.3333333333333333,0.0,0.0
Jordan Nwora,jordan nwora,2020,45.0,2021,0,28,8.392857142857142,4.892857142857143,1.6428571428571428,0.25,0.5357142857142857,0.17857142857142858,0.75,0.8571428571428571,1.7142857142857142,3.9642857142857144,0.6071428571428571,0.75
Hamidou Diallo,hamidou diallo,2018,45.0,2019,0,50,10.54,3.8,1.94,0.34,0.42,0.2,0.46,0.08,1.5,3.3,0.72,1.18
Jamal Shead,jamal shead,2024,45.0,2025,0,75,19.52,7.1066666666666665,1.5333333333333334,4.213333333333333,0.7733333333333333,0.13333333333333333,1.56,0.96,2.72,6.72,0.7066666666666667,0.92
Josh Minott,josh minott,2022,45.0,2023,0,15,6.466666666666667,3.066666666666667,1.6666666666666667,0.3333333333333333,0.26666666666666666,0.4,0.2,0.13333333333333333,1.2,2.4,0.5333333333333333,0.5333333333333333
Gregory Jackson,gregory jackson,2023,45.0,2024,0,48,25.6875,14.5625,4.083333333333333,1.2291666666666667,0.5833333333333334,0.5,1.3541666666666667,2.125,5.020833333333333,11.729166666666666,2.3958333333333335,3.1875
Andrew Goudelock,andrew goudelock,2011,46.0,2012,0,40,10.525,4.375,0.775,0.5,0.1,0.0,0.525,0.7,1.7,4.35,0.275,0.3
Gani Lawal,gani lawal,2010,46.0,2011,0,1,2.0,0.0,0.0,0.0,0.0,0.0,0.0,0.0,0.0,0.0,0.0,0.0
Darius Miller,darius miller,2012,46.0,2013,0,51,13.470588235294118,2.2745098039215685,1.5294117647058822,0.8627450980392157,0.3333333333333333,0.23529411764705882,0.45098039215686275,0.43137254901960786,0.8431372549019608,2.0980392156862746,0.1568627450980392,0.1568627450980392
Erick Green,erick green,2013,46.0,2015,1,41,10.048780487804878,3.5609756097560976,0.7560975609756098,0.9512195121951219,0.2926829268292683,0.0,0.34146341463414637,0.34146341463414637,1.4878048780487805,3.926829268292683,0.24390243902439024,0.2926829268292683
Jordan Clarkson,jordan clarkson,2014,46.0,2015,0,59,24.983050847457626,11.915254237288135,3.23728813559322,3.4915254237288136,0.864406779661017,0.2033898305084746,1.6271186440677967,0.6440677966101694,4.52542372881356,10.101694915254237,2.2203389830508473,2.6779661016949152
Norman Powell,norman powell,2015,46.0,2016,0,49,14.877551020408163,5.571428571428571,2.2653061224489797,0.9591836734693877,0.5918367346938775,0.20408163265306123,0.6530612244897959,0.7346938775510204,1.9795918367346939,4.673469387755102,0.8775510204081632,1.0816326530612246
A.J. Hammons,aj hammons,2016,46.0,2017,0,21,7.619047619047619,2.2857142857142856,1.7142857142857142,0.19047619047619047,0.047619047619047616,0.6190476190476191,0.47619047619047616,0.23809523809523808,0.8095238095238095,2.0,0.42857142857142855,0.9523809523809523
Sterling Brown,sterling brown,2017,46.0,2018,0,54,14.38888888888889,4.018518518518518,2.6481481481481484,0.46296296296296297,0.5740740740740741,0.24074074074074073,0.46296296296296297,0.5925925925925926,1.5185185185185186,3.7962962962962963,0.3888888888888889,0.4444444444444444
CJ Elleby,cj elleby,2020,46.0,2021,0,30,6.366666666666666,2.2666666666666666,1.0666666666666667,0.3333333333333333,0.2,0.13333333333333333,0.16666666666666666,0.23333333333333334,0.8333333333333334,2.2,0.36666666666666664,0.5
Talen Horton-Tucker,talen horton-tucker,2019,46.0,2020,0,6,13.333333333333334,5.666666666666667,1.1666666666666667,1.0,1.3333333333333333,0.16666666666666666,1.0,0.6666666666666666,2.3333333333333335,5.0,0.3333333333333333,0.6666666666666666
Dalano Banton,dalano banton,2021,46.0,2022,0,64,10.890625,3.203125,1.9375,1.546875,0.4375,0.15625,0.828125,0.203125,1.296875,3.15625,0.40625,0.6875
Seth Lundy,seth lundy,2023,46.0,2024,0,9,5.777777777777778,1.5555555555555556,0.7777777777777778,0.0,0.0,0.0,0.1111111111111111,0.3333333333333333,0.4444444444444444,1.8888888888888888,0.3333333333333333,0.4444444444444444
Amari Williams,amari williams,2025,46.0,2026,0,21,6.904761904761905,1.4285714285714286,1.9047619047619047,0.47619047619047616,0.14285714285714285,0.47619047619047616,0.5238095238095238,0.0,0.47619047619047616,0.9523809523809523,0.47619047619047616,0.6666666666666666
Cam Christie,cam christie,2024,46.0,2025,0,12,4.833333333333333,1.4166666666666667,1.0,0.5,0.4166666666666667,0.08333333333333333,0.16666666666666666,0.16666666666666666,0.5833333333333334,2.0,0.08333333333333333,0.16666666666666666
Kevin Murphy,kevin murphy,2012,47.0,2013,0,16,3.1875,0.9375,0.25,0.125,0.0625,0.0,0.1875,0.0625,0.4375,1.75,0.0,0.0
Travis Leslie,travis leslie,2011,47.0,2012,0,10,4.6,1.4,0.9,0.5,0.2,0.2,0.2,0.0,0.5,1.4,0.4,0.9
Russ Smith,russ smith,2014,47.0,2015,0,10,6.4,3.0,0.6,0.8,0.3,0.0,1.2,0.2,0.8,2.5,1.2,1.3
Jake Layman,jake layman,2016,47.0,2017,0,34,7.411764705882353,2.2941176470588234,0.7058823529411765,0.3235294117647059,0.23529411764705882,0.08823529411764706,0.3235294117647059,0.38235294117647056,0.7647058823529411,2.6176470588235294,0.38235294117647056,0.5
Ike Anigbogu,ike anigbogu,2017,47.0,2018,0,11,2.727272727272727,1.1818181818181819,0.8181818181818182,0.0,0.09090909090909091,0.2727272727272727,0.18181818181818182,0.0,0.36363636363636365,0.8181818181818182,0.45454545454545453,0.5454545454545454
Ignas Brazdeikis,ignas brazdeikis,2019,47.0,2020,0,9,5.888888888888889,1.8888888888888888,0.5555555555555556,0.4444444444444444,0.0,0.1111111111111111,0.2222222222222222,0.1111111111111111,0.6666666666666666,2.4444444444444446,0.4444444444444444,0.5555555555555556
David Johnson,david johnson,2021,47.0,2022,0,1,2.0,0.0,0.0,0.0,0.0,0.0,0.0,0.0,0.0,1.0,0.0,0.0
Antonio Reeves,antonio reeves,2024,47.0,2025,0,44,15.0,6.931818181818182,1.4318181818181819,0.8863636363636364,0.4772727272727273,0.09090909090909091,0.6818181818181818,1.1590909090909092,2.5681818181818183,5.636363636363637,0.6363636363636364,0.7954545454545454
Vince Williams Jr.,vince williams,2022,47.0,2023,0,15,7.066666666666666,2.0,1.0,0.26666666666666666,0.4,0.13333333333333333,0.3333333333333333,0.26666666666666666,0.8,2.6666666666666665,0.13333333333333333,0.13333333333333333
Keith Benson,keith benson,2011,48.0,2012,0,3,3.0,0.0,1.0,0.0,0.0,0.0,0.0,0.0,0.0,0.3333333333333333,0.0,0.0
Ryan Kelly,ryan kelly,2013,48.0,2014,0,59,22.271186440677965,8.0,3.711864406779661,1.6101694915254237,0.5423728813559322,0.7627118644067796,0.7966101694915254,0.8135593220338984,2.6610169491525424,6.288135593220339,1.8644067796610169,2.288135593220339
Lamar Patterson,lamar patterson,2014,48.0,2016,1,35,11.257142857142858,2.4,1.4285714285714286,1.1142857142857143,0.2571428571428571,0.05714285714285714,0.6571428571428571,0.34285714285714286,0.8,2.2857142857142856,0.45714285714285713,0.6285714285714286
Dakari Johnson,dakari johnson,2015,48.0,2018,2,29,5.655172413793103,1.896551724137931,1.1379310344827587,0.27586206896551724,0.20689655172413793,0.27586206896551724,0.10344827586206896,0.0,0.7586206896551724,1.3448275862068966,0.3793103448275862,0.6896551724137931
Sindarius Thornwell,sindarius thornwell,2017,48.0,2018,0,71,16.295774647887324,3.971830985915493,1.971830985915493,0.9577464788732394,0.676056338028169,0.352112676056338,0.7464788732394366,0.323943661971831,1.408450704225352,3.2816901408450705,0.8309859154929577,1.2394366197183098
Keita Bates-Diop,keita bates-diop,2018,48.0,2019,0,30,16.766666666666666,5.033333333333333,2.7666666666666666,0.5666666666666667,0.6,0.4666666666666667,0.4666666666666667,0.43333333333333335,2.0,4.733333333333333,0.6,0.9333333333333333
Terance Mann,terance mann,2019,48.0,2020,0,32,11.25,3.03125,1.71875,1.65625,0.34375,0.15625,0.5625,0.21875,1.125,2.40625,0.5625,0.84375
Jordan Miller,jordan miller,2023,48.0,2024,0,8,3.5,1.625,0.625,0.0,0.0,0.0,0.125,0.125,0.625,1.125,0.25,0.25
Nico Mannion,nico mannion,2020,48.0,2021,0,27,12.074074074074074,4.148148148148148,1.4074074074074074,2.2962962962962963,0.5555555555555556,0.037037037037037035,1.1111111111111112,0.7407407407407407,1.3333333333333333,3.7777777777777777,0.7407407407407407,0.9259259259259259
Sharife Cooper,sharife cooper,2021,48.0,2022,0,12,3.25,0.5833333333333334,0.4166666666666667,0.4166666666666667,0.0,0.0,0.4166666666666667,0.08333333333333333,0.25,1.1666666666666667,0.0,0.0
Harrison Ingram,harrison ingram,2024,48.0,2025,0,5,7.0,0.8,1.8,0.6,0.6,0.0,0.2,0.0,0.4,0.8,0.0,0.0
Javon Small,javon small,2025,48.0,2026,0,40,20.75,9.9,3.2,3.775,0.85,0.225,1.4,1.5,3.35,7.2,1.7,2.05
Kendall Brown,kendall brown,2022,48.0,2023,0,6,6.666666666666667,1.5,1.0,0.5,0.6666666666666666,0.0,0.3333333333333333,0.0,0.6666666666666666,1.1666666666666667,0.16666666666666666,0.3333333333333333
Kyle O'Quinn,kyle oquinn,2012,49.0,2013,0,57,11.157894736842104,4.0701754385964914,3.6666666666666665,0.9122807017543859,0.19298245614035087,0.45614035087719296,0.6491228070175439,0.0,1.7719298245614035,3.456140350877193,0.5263157894736842,0.7894736842105263
Josh Selby,josh selby,2011,49.0,2012,0,27,8.74074074074074,2.3333333333333335,0.5555555555555556,1.1111111111111112,0.25925925925925924,0.0,1.0740740740740742,0.07407407407407407,0.9259259259259259,2.6666666666666665,0.4074074074074074,0.5185185185185185
Cameron Bairstow,cameron bairstow,2014,49.0,2015,0,17,3.8823529411764706,0.5882352941176471,0.47058823529411764,0.058823529411764705,0.11764705882352941,0.058823529411764705,0.17647058823529413,0.0,0.17647058823529413,0.8235294117647058,0.23529411764705882,0.29411764705882354
Michael Gbinije,michael gbinije,2016,49.0,2017,0,9,3.4444444444444446,0.4444444444444444,0.3333333333333333,0.2222222222222222,0.0,0.0,0.0,0.0,0.1111111111111111,1.1111111111111112,0.2222222222222222,0.2222222222222222
Chimezie Metu,chimezie metu,2018,49.0,2019,0,28,5.071428571428571,1.8214285714285714,1.2857142857142858,0.4642857142857143,0.21428571428571427,0.07142857142857142,0.5357142857142857,0.0,0.6785714285714286,2.0714285714285716,0.4642857142857143,0.6071428571428571
Quinndary Weatherspoon,quinndary weatherspoon,2019,49.0,2020,0,10,7.7,1.2,0.7,1.1,0.3,0.1,0.5,0.1,0.5,1.7,0.1,0.2
Isaiah Joe,isaiah joe,2020,49.0,2021,0,39,9.820512820512821,3.923076923076923,0.9230769230769231,0.5128205128205128,0.3076923076923077,0.10256410256410256,0.28205128205128205,1.0,1.2307692307692308,3.41025641025641,0.46153846153846156,0.6153846153846154
Isaiah Mobley,isaiah mobley,2022,49.0,2023,0,11,7.636363636363637,2.8181818181818183,1.8181818181818181,0.2727272727272727,0.36363636363636365,0.2727272727272727,0.09090909090909091,0.2727272727272727,1.0909090909090908,2.5454545454545454,0.36363636363636365,0.36363636363636365
Tristen Newton,tristen newton,2024,49.0,2025,0,7,2.2857142857142856,0.42857142857142855,0.5714285714285714,0.2857142857142857,0.14285714285714285,0.0,0.2857142857142857,0.0,0.14285714285714285,1.1428571428571428,0.14285714285714285,0.14285714285714285
Emoni Bates,emoni bates,2023,49.0,2024,0,15,9.0,2.7333333333333334,0.9333333333333333,0.6666666666666666,0.06666666666666667,0.13333333333333333,0.5333333333333333,0.6666666666666666,1.0,3.2666666666666666,0.06666666666666667,0.26666666666666666
Tyrese Proctor,tyrese proctor,2025,49.0,2026,0,50,10.98,5.44,1.28,1.48,0.5,0.0,0.8,0.92,1.86,4.5,0.8,0.9
Lavoy Allen,lavoy allen,2011,50.0,2012,0,41,15.195121951219512,4.121951219512195,4.170731707317073,0.8292682926829268,0.3170731707317073,0.43902439024390244,0.4878048780487805,0.0,1.9268292682926829,4.073170731707317,0.2682926829268293,0.34146341463414637
Solomon Alabi,solomon alabi,2010,50.0,2011,0,11,5.545454545454546,0.5454545454545454,1.2727272727272727,0.18181818181818182,0.18181818181818182,0.18181818181818182,0.2727272727272727,0.0,0.2727272727272727,1.3636363636363635,0.0,0.18181818181818182
James Ennis,james ennis,2013,50.0,2015,1,62,16.967741935483872,5.032258064516129,2.838709677419355,0.7741935483870968,0.4032258064516129,0.27419354838709675,0.6290322580645161,0.5,1.6290322580645162,3.9838709677419355,1.2741935483870968,1.5161290322580645
Georges Niang,georges niang,2016,50.0,2017,0,23,4.086956521739131,0.9130434782608695,0.7391304347826086,0.21739130434782608,0.13043478260869565,0.0,0.21739130434782608,0.043478260869565216,0.391304347826087,1.565217391304348,0.08695652173913043,0.08695652173913043
Jarrell Brantley,jarrell brantley,2019,50.0,2020,0,9,10.88888888888889,2.6666666666666665,2.2222222222222223,1.2222222222222223,0.3333333333333333,0.5555555555555556,0.7777777777777778,0.3333333333333333,1.1111111111111112,3.111111111111111,0.1111111111111111,0.2222222222222222
Alize Johnson,alize johnson,2018,50.0,2019,0,14,4.5,0.9285714285714286,1.3571428571428572,0.07142857142857142,0.07142857142857142,0.21428571428571427,0.0,0.07142857142857142,0.2857142857142857,1.1428571428571428,0.2857142857142857,0.5714285714285714
Skylar Mays,skylar mays,2020,50.0,2021,0,31,8.741935483870968,4.0,1.1290322580645162,0.967741935483871,0.45161290322580644,0.06451612903225806,0.2903225806451613,0.45161290322580644,1.4193548387096775,3.161290322580645,0.7096774193548387,0.8064516129032258
Keyontae Johnson,keyontae johnson,2023,50.0,2024,0,9,7.444444444444445,1.2222222222222223,1.1111111111111112,0.4444444444444444,0.1111111111111111,0.0,0.4444444444444444,0.1111111111111111,0.5555555555555556,1.7777777777777777,0.0,0.0
Enrique Freeman,enrique freeman,2024,50.0,2025,0,21,8.619047619047619,2.0952380952380953,1.4285714285714286,0.42857142857142855,0.14285714285714285,0.14285714285714285,0.2857142857142857,0.047619047619047616,0.7619047619047619,1.7619047619047619,0.5238095238095238,0.8095238095238095
Kobe Sanders,kobe sanders,2025,50.0,2026,0,68,19.897058823529413,7.279411764705882,2.25,1.6029411764705883,0.7205882352941176,0.14705882352941177,1.1911764705882353,1.1764705882352942,2.6323529411764706,5.647058823529412,0.8382352941176471,1.0147058823529411
Kris Joseph,kris joseph,2012,51.0,2013,0,10,5.4,0.9,0.7,0.1,0.3,0.0,0.2,0.0,0.2,1.4,0.5,0.8
Ben Bentil,ben bentil,2016,51.0,2017,0,3,3.3333333333333335,0.0,0.6666666666666666,0.0,0.0,0.0,0.3333333333333333,0.0,0.0,1.0,0.0,0.0
Monte Morris,monte morris,2017,51.0,2018,0,3,8.666666666666666,3.3333333333333335,0.6666666666666666,2.3333333333333335,1.0,0.0,0.3333333333333333,0.0,1.3333333333333333,2.0,0.6666666666666666,0.6666666666666666
Tremont Waters,tremont waters,2019,51.0,2020,0,11,10.909090909090908,3.6363636363636362,1.0909090909090908,1.4545454545454546,0.9090909090909091,0.18181818181818182,1.3636363636363635,0.36363636363636365,1.2727272727272727,4.454545454545454,0.7272727272727273,0.7272727272727273
Tyrese Martin,tyrese martin,2022,51.0,2023,0,16,4.125,1.3125,0.75,0.125,0.0625,0.0,0.125,0.0625,0.5625,1.4375,0.125,0.125
Jalen Wilson,jalen wilson,2023,51.0,2024,0,42,15.833333333333334,5.095238095238095,3.119047619047619,1.0714285714285714,0.2619047619047619,0.09523809523809523,0.4523809523809524,0.5714285714285714,1.8095238095238095,4.261904761904762,0.9047619047619048,1.0952380952380953
Brandon Boston Jr.,brandon boston,2021,51.0,2022,0,50,15.2,6.86,2.22,1.02,0.52,0.26,0.62,0.68,2.5,6.5,1.18,1.44
Vernon Macklin,vernon macklin,2011,52.0,2012,0,23,6.0,2.0,1.4782608695652173,0.21739130434782608,0.17391304347826086,0.17391304347826086,0.13043478260869565,0.0,0.8260869565217391,1.5217391304347827,0.34782608695652173,0.6086956521739131
Luke Harangody,luke harangody,2010,52.0,2011,0,48,13.25,4.020833333333333,2.9791666666666665,0.625,0.3125,0.3541666666666667,0.3333333333333333,0.3333333333333333,1.6458333333333333,4.291666666666667,0.3958333333333333,0.5416666666666666
Lorenzo Brown,lorenzo brown,2013,52.0,2014,0,24,9.333333333333334,2.6666666666666665,1.1666666666666667,1.7083333333333333,0.5416666666666666,0.125,0.6666666666666666,0.125,1.0833333333333333,3.5833333333333335,0.375,0.5416666666666666
Joel Bolomboy,joel bolomboy,2016,52.0,2017,0,12,4.5,1.8333333333333333,1.4166666666666667,0.16666666666666666,0.08333333333333333,0.16666666666666666,0.16666666666666666,0.08333333333333333,0.75,1.3333333333333333,0.25,0.5
Edmond Sumner,edmond sumner,2017,52.0,2018,0,1,2.0,2.0,1.0,0.0,0.0,0.0,0.0,0.0,1.0,1.0,0.0,0.0
Vincent Edwards,vincent edwards,2018,52.0,2019,0,2,8.0,1.5,1.0,0.0,0.0,0.0,0.0,0.5,0.5,2.0,0.0,0.0
Jalen McDaniels,jalen mcdaniels,2019,52.0,2020,0,16,18.375,5.5625,4.0625,0.8125,0.5,0.1875,0.6875,0.5625,2.0625,4.375,0.875,1.0625
Luka Garza,luka garza,2021,52.0,2022,0,32,12.125,5.8125,3.125,0.625,0.28125,0.1875,0.5625,0.5,2.0625,4.59375,1.1875,1.90625
Toumani Camara,toumani camara,2023,52.0,2024,0,70,24.87142857142857,7.5285714285714285,4.9,1.2428571428571429,0.9428571428571428,0.4714285714285714,1.2,0.8285714285714286,2.8142857142857145,6.257142857142857,1.0714285714285714,1.4142857142857144
Quinten Post,quinten post,2024,52.0,2025,0,42,16.357142857142858,8.095238095238095,3.5238095238095237,1.3333333333333333,0.38095238095238093,0.42857142857142855,0.7857142857142857,1.7380952380952381,2.9285714285714284,6.523809523809524,0.5,0.6428571428571429
DeAndre Liggins,deandre liggins,2011,53.0,2012,0,17,6.823529411764706,1.9411764705882353,0.8823529411764706,0.29411764705882354,0.35294117647058826,0.0,0.5882352941176471,0.0,0.7058823529411765,1.4705882352941178,0.5294117647058824,1.1176470588235294
Devon Hall,devon hall,2018,53.0,2020,1,11,7.454545454545454,1.8181818181818181,0.6363636363636364,1.1818181818181819,0.36363636363636365,0.09090909090909091,0.45454545454545453,0.36363636363636365,0.5454545454545454,2.727272727272727,0.36363636363636365,0.7272727272727273
Kadeem Allen,kadeem allen,2017,53.0,2018,0,11,9.636363636363637,1.7272727272727273,1.0,1.0909090909090908,0.2727272727272727,0.18181818181818182,0.8181818181818182,0.0,0.5454545454545454,2.0,0.6363636363636364,0.8181818181818182
Justin Wright-Foreman,justin wright-foreman,2019,53.0,2020,0,4,11.25,4.75,1.25,1.75,0.5,0.0,0.75,0.5,1.75,5.0,0.75,1.0
Cassius Winston,cassius winston,2020,53.0,2021,0,21,4.666666666666667,1.9523809523809523,0.42857142857142855,0.5714285714285714,0.09523809523809523,0.047619047619047616,0.23809523809523808,0.38095238095238093,0.6666666666666666,1.5714285714285714,0.23809523809523808,0.2857142857142857
Charles Bassey,charles bassey,2021,53.0,2022,0,23,7.260869565217392,3.0,2.6956521739130435,0.30434782608695654,0.21739130434782608,0.7391304347826086,0.34782608695652173,0.0,1.3043478260869565,2.0434782608695654,0.391304347826087,0.5217391304347826
John Tonje,john tonje,2025,53.0,2026,0,5,8.4,3.0,1.2,0.4,0.4,0.0,0.0,0.6,0.8,2.8,0.8,0.8
Cam Spencer,cam spencer,2024,53.0,2025,0,25,10.04,4.24,1.2,1.36,0.36,0.04,0.24,0.76,1.36,3.28,0.76,0.76
Jaylen Clark,jaylen clark,2023,53.0,2025,1,40,13.075,4.075,1.325,0.65,0.9,0.05,0.2,0.55,1.4,3.0,0.725,0.925
Willie Warren,willie warren,2010,54.0,2011,0,19,7.105263157894737,1.9473684210526316,0.631578947368421,1.4210526315789473,0.3157894736842105,0.0,0.42105263157894735,0.2631578947368421,0.6842105263157895,1.8421052631578947,0.3157894736842105,0.42105263157894735
Alec Peters,alec peters,2017,54.0,2018,0,20,11.2,4.1,1.85,0.6,0.1,0.1,0.2,0.9,1.4,3.7,0.4,0.5
Marial Shayok,marial shayok,2019,54.0,2020,0,4,7.0,2.75,1.75,0.25,0.0,0.25,0.75,0.5,0.75,3.0,0.75,1.0
Shake Milton,shake milton,2018,54.0,2019,0,20,13.4,4.35,1.75,0.9,0.4,0.4,0.3,0.7,1.7,4.35,0.25,0.35
Sandro Mamukelashvili,sandro mamukelashvili,2021,54.0,2022,0,40,10.15,3.85,2.05,0.55,0.225,0.225,0.375,0.55,1.425,2.875,0.45,0.55
Jalen Slawson,jalen slawson,2023,54.0,2024,0,11,3.3636363636363638,0.7272727272727273,0.6363636363636364,0.18181818181818182,0.09090909090909091,0.09090909090909091,0.18181818181818182,0.0,0.36363636363636365,0.5454545454545454,0.0,0.0
Anton Watson,anton watson,2024,54.0,2025,0,9,2.4444444444444446,0.8888888888888888,0.3333333333333333,0.2222222222222222,0.1111111111111111,0.0,0.2222222222222222,0.0,0.4444444444444444,1.0,0.0,0.0
Cassius Stanley,cassius stanley,2020,54.0,2021,0,24,3.9166666666666665,1.5,0.8333333333333334,0.041666666666666664,0.041666666666666664,0.08333333333333333,0.041666666666666664,0.125,0.5416666666666666,1.7916666666666667,0.2916666666666667,0.375
E'Twaun Moore,etwaun moore,2011,55.0,2012,0,37,8.945945945945946,2.972972972972973,0.8918918918918919,0.918918918918919,0.2972972972972973,0.08108108108108109,0.5675675675675675,0.4594594594594595,1.162162162162162,3.054054054054054,0.1891891891891892,0.1891891891891892
Jeremy Evans,jeremy evans,2010,55.0,2011,0,49,9.448979591836734,3.63265306122449,1.9795918367346939,0.4897959183673469,0.3469387755102041,0.3469387755102041,0.3877551020408163,0.0,1.5510204081632653,2.3469387755102042,0.5306122448979592,0.7551020408163265
Darius Johnson-Odom,darius johnson-odom,2012,55.0,2013,0,4,1.5,0.0,1.0,0.25,0.0,0.0,0.0,0.0,0.0,1.0,0.0,0.0
Marcus Paige,marcus paige,2016,55.0,2018,1,5,5.4,2.4,0.8,0.6,0.0,0.0,0.0,0.4,0.8,2.8,0.4,0.4
Semaj Christon,semaj christon,2014,55.0,2017,2,62,15.67741935483871,2.9516129032258065,1.4193548387096775,2.096774193548387,0.43548387096774194,0.11290322580645161,0.6935483870967742,0.1935483870967742,1.2419354838709677,3.596774193548387,0.27419354838709675,0.5
Nigel Williams-Goss,nigel williams-goss,2017,55.0,2020,2,9,5.555555555555555,1.5555555555555556,0.6666666666666666,0.6666666666666666,0.3333333333333333,0.1111111111111111,0.3333333333333333,0.2222222222222222,0.5555555555555556,1.7777777777777777,0.2222222222222222,0.2222222222222222
Kyle Guy,kyle guy,2019,55.0,2020,0,3,3.3333333333333335,1.3333333333333333,0.3333333333333333,0.3333333333333333,0.0,0.0,0.0,0.0,0.6666666666666666,1.6666666666666667,0.0,0.0
Aaron Wiggins,aaron wiggins,2021,55.0,2022,0,49,24.714285714285715,8.489795918367347,3.63265306122449,1.3877551020408163,0.6122448979591837,0.20408163265306123,1.1020408163265305,0.8571428571428571,3.183673469387755,6.877551020408164,1.2653061224489797,1.7346938775510203
Isaiah Wong,isaiah wong,2023,55.0,2024,0,2,2.5,1.0,0.0,0.0,0.0,0.0,0.0,0.0,0.5,1.5,0.0,0.0
Bronny James,bronny james,2024,55.0,2025,0,26,7.038461538461538,2.3846153846153846,0.6923076923076923,0.8461538461538461,0.34615384615384615,0.11538461538461539,0.5,0.34615384615384615,0.8076923076923077,2.576923076923077,0.4230769230769231,0.5384615384615384
Peyton Siva,peyton siva,2013,56.0,2014,0,22,10.136363636363637,2.4545454545454546,0.6363636363636364,1.5454545454545454,0.4090909090909091,0.045454545454545456,0.8181818181818182,0.3181818181818182,0.8181818181818182,2.590909090909091,0.5,0.6818181818181818
Hamady Ndiaye,hamady ndiaye,2010,56.0,2011,0,16,4.9375,0.875,0.4375,0.0,0.125,0.3125,0.1875,0.0,0.25,0.3125,0.375,0.75
Branden Dawson,branden dawson,2015,56.0,2016,0,6,4.666666666666667,0.8333333333333334,0.6666666666666666,0.0,0.0,0.16666666666666666,0.0,0.0,0.3333333333333333,0.8333333333333334,0.16666666666666666,0.16666666666666666
Jabari Bird,jabari bird,2017,56.0,2018,0,11,10.454545454545455,3.5454545454545454,1.7272727272727273,0.7272727272727273,0.2727272727272727,0.09090909090909091,0.7272727272727273,0.2727272727272727,1.3636363636363635,2.3636363636363638,0.5454545454545454,1.0909090909090908
Daniel Hamilton,daniel hamilton,2016,56.0,2018,1,6,4.833333333333333,2.0,0.8333333333333334,1.3333333333333333,0.16666666666666666,0.0,0.3333333333333333,0.3333333333333333,0.8333333333333334,1.8333333333333333,0.0,0.0
Grant Riller,grant riller,2020,56.0,2021,0,5,3.0,1.6,0.0,0.4,0.0,0.0,0.0,0.4,0.6,1.2,0.0,0.0
Ray Spalding,ray spalding,2018,56.0,2019,0,14,10.571428571428571,3.857142857142857,3.4285714285714284,0.35714285714285715,0.6428571428571429,0.5714285714285714,0.6428571428571429,0.0,1.7857142857142858,3.357142857142857,0.2857142857142857,0.8571428571428571
Scottie Lewis,scottie lewis,2021,56.0,2022,0,2,3.0,0.5,0.0,0.5,0.5,0.0,0.0,0.0,0.0,0.0,0.5,1.0
Will Richard,will richard,2025,56.0,2026,0,69,19.956521739130434,6.391304347826087,2.4927536231884058,1.3478260869565217,1.1594202898550725,0.13043478260869565,0.7681159420289855,1.0289855072463767,2.347826086956522,5.0144927536231885,0.6666666666666666,0.782608695652174
Kevin McCullar Jr.,kevin mccullar,2024,56.0,2025,0,4,7.5,1.5,2.0,0.5,0.25,0.25,0.0,0.0,0.5,1.75,0.5,0.5
Ryan Reid,ryan reid,2010,57.0,2012,1,4,4.25,2.0,0.25,0.0,0.0,0.0,0.25,0.0,1.0,1.25,0.0,0.0
Kevin Hervey,kevin hervey,2018,57.0,2020,1,9,5.666666666666667,1.8888888888888888,1.3333333333333333,0.5555555555555556,0.1111111111111111,0.1111111111111111,0.0,0.3333333333333333,0.7777777777777778,3.0,0.0,0.0
Jordan Bone,jordan bone,2019,57.0,2020,0,10,5.4,1.2,0.4,0.8,0.1,0.0,0.2,0.2,0.5,2.0,0.0,0.0
Reggie Perry,reggie perry,2020,57.0,2021,0,24,8.25,3.0,2.875,0.5833333333333334,0.25,0.25,0.5833333333333334,0.16666666666666666,1.2083333333333333,2.9583333333333335,0.4166666666666667,0.5416666666666666
Trayce Jackson-Davis,trayce jackson-davis,2023,57.0,2024,0,66,17.196969696969695,8.181818181818182,5.166666666666667,1.2424242424242424,0.4393939393939394,1.1515151515151516,0.7424242424242424,0.0,3.5303030303030303,5.03030303030303,1.121212121212121,2.0
Jabari Walker,jabari walker,2022,57.0,2023,0,55,11.236363636363636,3.9272727272727272,2.381818181818182,0.6181818181818182,0.18181818181818182,0.23636363636363636,0.5272727272727272,0.2909090909090909,1.509090909090909,3.6,0.6181818181818182,0.8181818181818182
Max Shulga,max shulga,2025,57.0,2026,0,9,4.111111111111111,0.7777777777777778,0.6666666666666666,0.2222222222222222,0.1111111111111111,0.0,0.3333333333333333,0.1111111111111111,0.2222222222222222,0.8888888888888888,0.2222222222222222,0.2222222222222222
Derrick Caracter,derrick caracter,2010,58.0,2011,0,40,5.325,1.975,1.05,0.175,0.1,0.25,0.475,0.0,0.775,1.625,0.425,0.575
Jordan McRae,jordan mcrae,2014,58.0,2016,1,20,9.75,4.8,1.0,1.25,0.15,0.05,0.75,0.45,1.65,3.85,1.05,1.4
Abdel Nader,abdel nader,2016,58.0,2018,1,47,11.106382978723405,3.106382978723404,1.5106382978723405,0.5531914893617021,0.3191489361702128,0.2127659574468085,0.723404255319149,0.48936170212765956,1.0638297872340425,3.1702127659574466,0.48936170212765956,0.8297872340425532
Thomas Welsh,thomas welsh,2018,58.0,2019,0,9,4.111111111111111,2.0,0.4444444444444444,0.5555555555555556,0.0,0.0,0.1111111111111111,0.3333333333333333,0.7777777777777778,1.4444444444444444,0.1111111111111111,0.2222222222222222
Miye Oni,miye oni,2019,58.0,2020,0,10,11.1,3.5,1.7,0.4,0.4,0.2,0.4,0.7,1.2,3.2,0.4,0.5
Paul Reed,paul reed,2020,58.0,2021,0,25,7.12,3.52,2.44,0.48,0.4,0.52,0.48,0.0,1.68,3.12,0.16,0.32
Jericho Sims,jericho sims,2021,58.0,2022,0,41,13.585365853658537,2.1951219512195124,4.121951219512195,0.5121951219512195,0.2682926829268293,0.5365853658536586,0.4878048780487805,0.0,0.9512195121951219,1.3170731707317074,0.2926829268292683,0.7073170731707317
Chris Livingston,chris livingston,2023,58.0,2024,0,18,5.0,1.4444444444444444,1.1666666666666667,0.2777777777777778,0.1111111111111111,0.0,0.2777777777777778,0.05555555555555555,0.6111111111111112,1.2222222222222223,0.16666666666666666,0.2222222222222222
George King,george king,2018,59.0,2019,0,1,6.0,0.0,1.0,0.0,0.0,0.0,0.0,0.0,0.0,0.0,0.0,0.0
Jaron Blossomgame,jaron blossomgame,2017,59.0,2019,1,27,16.333333333333332,4.222222222222222,3.6296296296296298,0.48148148148148145,0.25925925925925924,0.2962962962962963,0.4074074074074074,0.37037037037037035,1.7407407407407407,3.925925925925926,0.37037037037037035,0.48148148148148145
Jalen Harris,jalen harris,2020,59.0,2021,0,12,11.916666666666666,6.583333333333333,1.4166666666666667,1.4166666666666667,0.5833333333333334,0.0,0.9166666666666666,1.1666666666666667,2.4166666666666665,5.0,0.5833333333333334,0.75
Raiquan Gray,raiquan gray,2021,59.0,2023,1,1,35.0,16.0,9.0,7.0,0.0,1.0,4.0,2.0,6.0,12.0,2.0,2.0
Jahmai Mashack,jahmai mashack,2025,59.0,2026,0,30,22.333333333333332,6.4,2.7,2.3,1.2333333333333334,0.4666666666666667,1.6333333333333333,0.6333333333333333,2.566666666666667,6.5,0.6333333333333333,1.1666666666666667
Robert Sacre,robert sacre,2012,60.0,2013,0,32,6.34375,1.34375,1.0625,0.1875,0.0,0.3125,0.3125,0.0,0.5625,1.5,0.21875,0.34375
Isaiah Thomas,isaiah thomas,2011,60.0,2012,0,63,26.285714285714285,11.88888888888889,2.6666666666666665,4.2063492063492065,0.8412698412698413,0.12698412698412698,1.6666666666666667,1.3174603174603174,4.063492063492063,9.063492063492063,2.4444444444444446,2.9365079365079363
Cory Jefferson,cory jefferson,2014,60.0,2015,0,45,11.777777777777779,4.066666666666666,3.1777777777777776,0.35555555555555557,0.2222222222222222,0.4666666666666667,0.4444444444444444,0.044444444444444446,1.6666666666666667,3.6666666666666665,0.6888888888888889,1.2
Tyrone Wallace,tyrone wallace,2016,60.0,2018,1,29,29.310344827586206,10.03448275862069,3.6206896551724137,2.4482758620689653,0.9310344827586207,0.4482758620689655,1.5862068965517242,0.3448275862068966,3.793103448275862,8.517241379310345,2.103448275862069,2.689655172413793
Sam Merrill,sam merrill,2020,60.0,2021,0,29,7.068965517241379,3.0,0.9310344827586207,0.6896551724137931,0.1724137931034483,0.034482758620689655,0.3448275862068966,0.7241379310344828,1.0689655172413792,2.1724137931034484,0.13793103448275862,0.13793103448275862
Kostas Antetokounmpo,kostas antetokounmpo,2018,60.0,2019,0,2,5.5,1.0,0.5,0.0,1.0,0.0,0.5,0.0,0.0,1.5,1.0,2.0
