fantrax_id,name,norm_name,team,position,rotowire_id,sportradar_id,statsinc_id
042o5,A.J. Hammons,aj hammons,,C,3928,,5677
05uwa,A.J. Lawson,aj lawson,,SG,5398,6bc71e02-9a03-40db-aed4-332ab5193336,
0664x,A.J. Reeves,aj reeves,,G,5646,643b1f04-755c-4041-8259-45340a056b43,
05uw9,Aamir Simms,aamir simms,,PF,5439,3574b554-210a-4382-ada9-220ad42586ff,
03jvr,Aaron Craft,aaron craft,,PG,3639,,5384
06q8b,Aaron Estrada,aaron estrada,,PG,6353,bec61524-2369-4e23-be7a-44076f1ba57a,
03al0,Aaron Gordon,aaron gordon,DEN,PF,3577,20f85838-0bd5-4c1f-ab85-a308bafaf5bc,5295
03rzs,Aaron Harrison,aaron harrison,,PG,3620,,5523
05uuf,Aaron Henry,aaron henry,,SF,5362,0b295571-ce3f-4436-aea7-b84e9cf7203a,
04qs0,Aaron Holiday,aaron holiday,,PG,4380,877eb456-2827-475f-b858-2bc00480e24f,6034
05qt4,Aaron Nesmith,aaron nesmith,IND,SF,5120,90d63a71-e4fe-411c-9773-2e74b5e1cb3b,
05ujt,Aaron Wiggins,aaron wiggins,ATL,SG,5412,d3b28775-473d-471a-8452-e913f4347f0f,
042oh,Abdel Nader,abdel nader,,SF,3972,d21c7f7b-c1aa-4b52-9371-a399cfcabfdd,5689
0393q,Abdul Gaddy,abdul gaddy,,SG,3563,b9576fd7-426c-49bd-a501-9a9c48f2fa7e,5283
06v57,Ace Bailey,ace bailey,UTA,SF,6551,c5fca05e-7292-464b-b9cd-d5d0f5e2fd07,
06hrn,Adam Flagler,adam flagler,SAC,SG,5984,6a45cd75-c6ef-42ac-9a67-dd0fdb21ade7,
0524i,Adam Mokoka,adam mokoka,,SG,4748,51ee792b-20c1-4ce5-b123-53fa05cb943e,6252
074bu,Adama Bal,adama bal,,SG,6782,24a43040-21a3-49da-aa0c-6e781f992f38,
06cek,Adama Sanogo,adama sanogo,,C,5980,73e347c9-dab6-45b2-8774-82d5bdb6f940,
076su,Aday Mara,aday mara,OKC,C,6932,2383dbc5-73a7-44fb-88ec-ae28c869cfa2,
05qz5,Ade Murkey,ade murkey,,SG,5308,b3809240-3430-485e-822a-c59be7b2c63c,
06mln,Adem Bona,adem bona,PHI,C,6287,d325bed1-c812-4bf4-b2a1-3cb32fcb86fa,
051pm,Admiral Schofield,admiral schofield,,PF,4854,ddebd1eb-4298-449d-850a-4dd5f84da05c,6230
065vb,Adonis Arms,adonis arms,,SF,5762,48e508e9-300e-431d-adf6-65128487fc4c,
0393m,Adonis Thomas,adonis thomas,,PF,3499,,5280
06v82,Adou Thiero,adou thiero,LAL,SF,6578,b69837ca-4e1d-4124-956d-00e3febe358e,
05qzv,Ahmad Caver,ahmad caver,,PG,5001,bf273fcb-28c6-4f9f-a52e-2642188426a9,
059fv,Ahmed Hill,ahmed hill,,SG,4857,,6309
076ta,AJ Dybantsa,aj dybantsa,WAS,SF,6925,836a6587-f951-4676-8fe5-b4b0fdd04b7d,
06234,AJ Green,aj green,MIL,SG,5750,616c60bf-f7ce-482d-a9c8-10c6c7fbef97,
0621f,AJ Griffin,aj griffin,,SF,5701,dff43943-07d4-44b8-b349-b5a0c327ce54,
06mkf,AJ Johnson,aj johnson,MEM,SG,6294,d8058632-b2ca-468c-9c27-56410aef4dff,
06mlk,Ajay Mitchell,ajay mitchell,OKC,SG,6289,1c8786b4-1786-4e3d-81ca-d976797413f5,
076uh,AK Okereke,ak okereke,LAL,F,7035,b7d17d78-bce5-4d8c-9a26-6a2b2590c7c3,
000zv,Al Horford,al horford,GSW,C,2816,cf3a87ec-c2f7-42e8-9698-6f8b2ba916a9,4245
01uyk,Al-Farouq Aminu,al-farouq aminu,,SF,3110,56ff7cb8-4828-4aaa-8f95-0bf569a0786d,4723
03z95,Alan Williams,alan williams,,C,3777,,5598
04fkd,Alberto Abalde,alberto abalde,,SF,,,
03e7d,Alec Brown,alec brown,,C,3643,,5361
027ov,Alec Burks,alec burks,,SG,3192,73fcf334-2088-4862-b83b-66eae415cf87,4893
04exh,Alec Peters,alec peters,,PF,4145,,5867
05y7a,Aleem Ford,aleem ford,,SF,5566,0a491a19-1d8b-4ebd-8cff-694dfcd920b4,
04exk,Aleksandar Vezenkov,aleksandar vezenkov,,PF,4138,7160cefa-bef9-4733-8495-7e148c9e5bd9,5870
05qud,Aleksej Pokusevski,aleksej pokusevski,,PF,5250,132799e5-ab45-4b19-aff9-5dd73f85651c,
051pj,Alen Smailagic,alen smailagic,,PF,4637,c68be35a-1173-4d26-bdfb-495a3904fa46,6227
0728q,Alex Antetokounmpo,alex antetokounmpo,MIL,SF,5486,409f5c06-ac04-425a-8147-a4485e7b7e71,
0496e,Alex Caruso,alex caruso,OKC,SG,3952,8936c15e-f9d5-4b9a-80b9-8f6b7dcf7a17,5754
06mmj,Alex Ducas,alex ducas,,SG,6325,c126763c-11eb-4c66-8a7d-a962934632ca,
06fwl,Alex Fudge,alex fudge,,SF,5974,bc3d0653-efe8-4cca-ad54-3f88cd950447,
076t5,Alex Karaban,alex karaban,SAC,SF,6594,a9c11eae-164e-484d-b0d1-4cdd4347433c,
031ls,Alex Len,alex len,,C,3436,2facd6c5-10c6-4481-a20f-a885b3f84460,5156
06gsd,Alex Morales,alex morales,ORL,PG,5764,fd463d95-3421-4c52-ba77-16beb48f0f7e,
06669,Alex OConnell,alex oconnell,,G,5665,58b59093-a407-48bc-ba49-6ce5f07717b0,
047j6,Alex Poythress,alex poythress,,SF,3945,,5711
06pvu,Alex Reese,alex reese,,PF,6223,b73dfd2b-9545-40e0-a3d3-4ebece2f83a6,
06mju,Alex Sarr,alex sarr,WAS,C,6240,fe4c4f99-5dfb-4e32-b69a-da8c5a779c27,
06v8i,Alex Toohey,alex toohey,,PF,6555,8e2c38f7-494f-4dd1-af73-a17238f216fa,
04jwc,Alfonzo McKinnie,alfonzo mckinnie,,SF,4213,cba64aec-adb0-4ff4-a59f-fa3fd61418d7,5904
06v85,Alijah Martin,alijah martin,TOR,SG,6612,c17e25c7-1306-4301-8548-2fc129a62041,
04qsq,Alize Johnson,alize johnson,,PF,4461,247fda9b-09e6-4949-8fe3-acfcb9ed0983,6061
031mh,Allen Crabbe,allen crabbe,,SG,3453,,5201
06mnz,Allen Flanigan,allen flanigan,,PG,,bb134fc9-c8a1-47d1-b102-eae0a0076ce1,
076tb,Allen Graves,allen graves,TOR,PF,6975,31a15c44-f173-4b76-adb0-16e0593a151f,
03lgk,Allonzo Trier,allonzo trier,,SG,4381,,6140
0623h,Alondes Williams,alondes williams,,SG,5674,58c01127-e0de-487d-a2bc-bf88642619c0,
05uiq,Alperen Sengun,alperen sengun,HOU,C,5404,47ff78e7-5607-48d6-9c1a-bddb075dbe70,
0779m,Alpha Diallo,alpha diallo,DEN,G,5270,63602a58-4889-4625-bceb-faa6eca74db1,
04exn,Alpha Kaba,alpha kaba,ATL,PF,4139,,5873
06cdb,Amari Bailey,amari bailey,,PG,,615f8557-022f-46ef-9803-3c221ceb1c09,
06v8c,Amari Williams,amari williams,BOS,PF,6606,258ed390-1d72-42ee-9c52-f7064051e35f,
06ca8,Amen Thompson,amen thompson,HOU,SF,5931,b8b323c1-5691-43a4-9c48-707531803d6a,
04lbx,Amida Brimah,amida brimah,,C,4279,d35e6cac-3a3e-477a-9efb-dbc282b56c5e,5932
04l1w,Amile Jefferson,amile jefferson,,PF,4232,ef9581fc-49eb-4dc2-b158-6cf3a7a09d46,5920
06667,Aminu Mohammed,aminu mohammed,,G,5747,bf5246b5-714f-4a4c-8d3f-c4f5891b6fb6,
059g0,Amir Coffey,amir coffey,,SG,4836,b9d4ce1b-94dc-4bec-8d62-70a86d9c523e,6315
059ck,Amir Hinton,amir hinton,,PG,4757,,6300
073y0,Andersson Garcia,andersson garcia,,PF,6886,8a9338c7-20e9-45ec-9e9d-41c7de98591e,
03kqm,Andre Dawkins,andre dawkins,BOS,SG,4789,,5394
02nf9,Andre Drummond,andre drummond,NYK,C,3300,440b769d-2b8b-477f-80d7-cb21d83c0d52,5015
06cdd,Andre Jackson,andre jackson,MIL,SG,5947,8aaf1808-f7af-4894-9b14-cc7655005313,
031md,Andre Roberson,andre roberson,,SG,3494,62933587-9382-4b7e-9cb0-9a07e5b4fdc8,5196
0480b,Andrew Andrews,andrew andrews,,PG,3943,,5715
06hdv,Andrew Funk,andrew funk,,SG,6127,1d2b0dcb-23f3-4263-8842-30b8acb556ce,
02xdr,Andrew Harrison,andrew harrison,,PG,3606,,5504
0621u,Andrew Nembhard,andrew nembhard,IND,SG,5679,02acc094-76ab-4b3e-b51d-a351a9bab6b9,
04l1t,Andrew White,andrew white,,SF,4140,f7f69111-1550-45e1-93a5-9303e157269d,5917
02ym0,Andrew Wiggins,andrew wiggins,MIA,SF,3571,77c425f0-0fce-4fab-bd1e-c915c8fb5bc7,5292
04qs1,Anfernee Simons,anfernee simons,PHI,SG,4373,632adcc4-97f1-4e67-a132-e0b79f013c67,6035
04xhx,Angel Delgado,angel delgado,,C,4471,,6131
042ni,Ante Zizic,ante zizic,,C,3889,f3edc230-a6f4-49f0-ad96-deebb00db0d1,5654
04804,Anthony Barber,anthony barber,,PG,3876,1fdbceb4-7155-4b2b-8949-1a9ad3c92fb1,5713
031lo,Anthony Bennett,anthony bennett,,SF,3429,,5152
06cc5,Anthony Black,anthony black,ORL,PG,5910,089dc4be-faf1-4d91-9e02-fdb78ed096f3,
03r7o,Anthony Brown,anthony brown,,SF,3743,,5494
02nf1,Anthony Davis,anthony davis,WAS,PF,3297,ea8826b8-1f76-4eab-b61e-ffcb176880f3,5007
064s8,Anthony Duruji,anthony duruji,,SF,5806,bbfffb60-71b7-4288-8419-dfd5639bc016,
05qug,Anthony Edwards,anthony edwards,MIN,SG,5110,d0c7135a-1aea-40cb-ba20-df656de71749,
05qv9,Anthony Gill,anthony gill,,PF,5309,7aa10d1a-ed4e-417d-998d-84ce66c77c9b,
05qvg,Anthony Lamb,anthony lamb,,SF,5165,52d1f182-9da7-4b69-a310-4783a8c25f4f,
05x7f,Anthony Tarke,anthony tarke,,SG,5451,ef0d587e-8cf7-4a1f-b98a-17c2fa5c872a,
06hf9,Antoine Davis,antoine davis,,PG,5990,79fcebb5-d395-452a-b43f-3368d38f4a5d,
06mm0,Anton Watson,anton watson,,SF,6037,8cd01f6b-d4a6-48c4-9223-0bd10d378d97,
04ggl,Antonio Blakeney,antonio blakeney,,PG,4157,,5876
06mlt,Antonio Reeves,antonio reeves,,SG,6028,dcea56e2-1ba1-49ab-b0d0-764fa98bc6b5,
04laz,Antonius Cleveland,antonius cleveland,,SG,4221,205dab97-c6f6-437f-8f7e-107d060ad27a,5925
04ewp,Anzejs Pasecniks,anzejs pasecniks,,C,4137,aae3125e-9077-42d8-b714-601bbc1eeae4,5838
031mf,Archie Goodwin,archie goodwin,,SG,3457,,5199
058zc,Aric Holman,aric holman,,C,4840,e30567e1-de22-401f-8cf2-770a46d8be9d,6286
06mm4,Ariel Hukporti,ariel hukporti,PHI,C,5778,7e06d5ac-b8f3-47e7-809c-92cf63a864f7,
06hdw,Armaan Franklin,armaan franklin,,PG,5941,aa0412aa-08a6-4e8a-b013-7e8e4cae6f0e,
06pvx,Armando Bacot,armando bacot,,F,6339,f0e6cd6b-cf13-456a-b7e2-e260db67e004,
06mme,Armel Traore,armel traore,,SF,6312,ce9a8622-335e-470a-acb7-b284d237566b,
058n6,Armoni Brooks,armoni brooks,,PG,4831,e69b01fb-0fb7-4043-9609-00aacedf07fe,6285
04qsv,Arnoldas Kulboka,arnoldas kulboka,,SF,4177,95b5aa82-5f5f-469a-b0ca-d9188d225798,6066
06z7t,Arthur Kaluma,arthur kaluma,LAL,F,6646,46b94cd8-444a-4108-829f-8112661bd0bd,
06v5c,Asa Newell,asa newell,ATL,PF,6561,820a9363-1ad3-46a0-b577-2588f85b27f2,
05quf,Ashton Hagans,ashton hagans,,PG,5157,8a384680-197e-4fa7-9403-e7a1d8bff8a5,
03zl3,Askia Booker,askia booker,,SG,4042,,
059cj,Aubrey Dawkins,aubrey dawkins,,SG,,,6299
06hn1,AuDiese Toney,audiese toney,,SG,5863,01fd0e27-0147-4034-a74e-c2c75ece7843,
06z7s,Augustas Marciulionis,augustas marciulionis,,SG,6675,084af66a-df88-4c27-a0b2-f75d4cd91340,
06ccf,Ausar Thompson,ausar thompson,DET,SF,5932,18c14a3d-2ce0-451c-bceb-b0ce13c16ead,
05uus,Austin Reaves,austin reaves,LAL,SG,5334,c4981f56-93a2-47b1-8d31-4e8635f45e1d,
02nfa,Austin Rivers,austin rivers,,SG,3311,34a159c8-9fe6-4386-bf01-3446f4248bcb,5016
01uyd,Avery Bradley,avery bradley,,SG,3112,b23917d2-bb0d-49fa-a384-80d994561d0c,4750
063e4,Awudu Abass,awudu abass,,PF,,8901f8bc-792f-4975-9d5f-11afc401e5bd,
03se3,Axel Toupane,axel toupane,,SG,3789,f3fd7679-312f-42a1-b78d-326da1492c03,5528
05ujc,Ayo Dosunmu,ayo dosunmu,MIN,SG,5337,f8a7e4c7-d60e-4751-9203-30a772dd9272,
06ceu,Azuolas Tubelis,azuolas tubelis,,PF,5981,54cfeef0-7252-4db2-9732-e399750031a5,
076ty,Baba Miller,baba miller,LAC,SF,6995,eff1ab87-b8b5-4cbd-93fb-2349ff2f0e2a,
05ujv,Balsa Koprivica,balsa koprivica,,C,5432,add6e0f2-abec-4eb1-b8f3-535eb68e69c4,
04ewf,Bam Adebayo,bam adebayo,MIA,C,4153,11c303dc-540c-4090-8e0c-76c2fb2c125a,5827
059vu,Barry Brown Jr.,barry brown,,PG,4863,,6341
06mkm,Baylor Scheierman,baylor scheierman,BOS,SG,6280,b04cd5ce-e82c-47a7-9b2a-c561c1cb7b80,
042oa,Ben Bentil,ben bentil,DAL,PF,3899,,5682
031lu,Ben McLemore,ben mclemore,,SG,3432,288a83df-6f23-4d4e-a450-3d494d8ba897,5158
04j1u,Ben Moore,ben moore,,SF,4228,,5888
06v5t,Ben Saraf,ben saraf,BKN,SG,6563,bc86dba7-561a-4fa0-9639-83d50b2c29ba,
06caa,Ben Sheppard,ben sheppard,IND,SG,6033,3b40df6a-55ba-40a2-b6b8-ab8ae114dfc3,
03lg1,Ben Simmons,ben simmons,,PG,3849,318debd7-dab6-4d4e-8849-03c4c701a7c8,5600
06215,Bennedict Mathurin,bennedict mathurin,LAC,SF,5698,3f98b652-71d4-4a40-949d-41c33dddd15d,
076sv,Bennett Stirtz,bennett stirtz,OKC,PG,6982,749d75e6-40ab-4c38-8a32-3fb0a6dbb1b2,
059y5,Bennie Boatwright,bennie boatwright,,PF,4936,d1b9cacd-18fc-4153-a41a-4b34ea6678dd,6348
07401,Bez Mbeng,bez mbeng,UTA,SG,6701,791717a5-90bb-4dbb-abc2-e9926410a61e,
06cc1,Bilal Coulibaly,bilal coulibaly,WAS,SF,5945,27db7dbb-6aad-44df-a3f4-7e1c21c2f256,
04rvz,Billy Preston,billy preston,,PF,4413,,6128
027oq,Bismack Biyombo,bismack biyombo,,C,3191,8e3cbaa3-e30a-4cf8-aa7a-1b57f15f0f98,4888
04w4k,BJ Johnson,bj johnson,,SF,4511,c27a4770-03ef-4a91-9022-45fc0fb6a730,6104
059ws,BJ Taylor,bj taylor,,PG,4948,,6344
06mmd,Blake Hinson,blake hinson,UTA,SF,6316,30584815-1233-4c09-ad40-102909d95d8e,
0621o,Blake Wesley,blake wesley,,SG,5652,08baba55-bec0-4494-95ce-28778c37a981,
03nwn,Bobby Portis,bobby portis,MIA,PF,3705,68b7aac9-02fd-4bd8-b10c-6702d2c5eb98,5482
03zl2,Bobby Ray Parks Jr.,bobby ray parks,,SG,,,
06mlj,Bobi Klintman,bobi klintman,,SF,5976,b4b3cfce-16f1-4f30-acc0-2bac1eb51d66,
03e6u,Bogdan Bogdanovic,bogdan bogdanovic,HOU,SG,3593,b4282659-dd1a-4042-a075-7df4890858e7,5338
06v8d,Bogoljub Markovic,bogoljub markovic,MIL,PF,6554,3e31a736-3d28-4a02-96bc-97badd2deb4a,
051po,Bol Bol,bol bol,,PF,4759,6395ff32-c9b6-4ad0-8f0f-dce474274725,6232
05uj0,Bones Hyland,bones hyland,MIN,PG,5397,7ad01370-ae8e-40ae-b70d-61f6d8dba8d9,
04xhu,Bonzie Colson,bonzie colson,,SF,4370,,6127
06qq7,Boo Buie,boo buie,,G,6343,76934806-1dbb-48dc-b681-923dea3e5e84,
06pw5,Boogie Ellis,boogie ellis,,PG,6319,9f410a46-3836-4542-adda-8a11e4f7d4b4,
04415,Borisa Simanic,borisa simanic,,PF,,,
076u6,Braden Smith,braden smith,IND,PG,6997,24ffc1d6-a88c-4801-ab0d-74ffe75a6459,
02nf3,Bradley Beal,bradley beal,,SG,3303,ff461754-ad20-4eeb-af02-2b46cc980b24,5009
04xgi,Braian Angola-Rodas,braian angola-rodas,,SG,4509,,6113
06mmi,Branden Carlson,branden carlson,POR,C,6326,ab0289ca-407b-41e9-ab2d-32407eedeccf,
03r89,Branden Dawson,branden dawson,,SF,3748,,5516
06cc7,Brandin Podziemski,brandin podziemski,GSW,SG,5889,49be9129-da30-4e74-aa60-b1e87582604b,
03sgl,Brandon Ashley,brandon ashley,,PF,3746,,5532
05ujp,Brandon Boston,brandon boston,,SG,5406,3ee94b27-a47b-4fae-bb71-ba68dacef351,
038i9,Brandon Davies,brandon davies,,PF,3490,,5244
04w4b,Brandon Goodwin,brandon goodwin,,PG,4552,ab6f22fc-0ad6-4323-a5fe-343e6f05e7e0,6102
042n1,Brandon Ingram,brandon ingram,TOR,SF,3861,8082841d-e516-43c6-a81b-7987fa321acd,5601
01enu,Brandon Jennings,brandon jennings,,PG,2997,,4615
027or,Brandon Knight,brandon knight,,PG,3184,f58a9803-0ede-4c0b-acbd-08bc0da229af,4889
04uq7,Brandon McCoy,brandon mccoy,,C,4421,,6085
06cca,Brandon Miller,brandon miller,CHA,SF,5896,775e4450-cdcd-43a1-b4cd-dc29fba48503,
05xo8,Brandon Rachal,brandon rachal,,SG,5472,ffb372c1-a368-4ad8-a0fc-9d590f81ed6e,
04xm0,Brandon Sampson,brandon sampson,,PG,4427,,6151
06mnv,Brandon Slater,brandon slater,,F,6238,60873355-680c-4c0d-8255-5abc682b1c29,
05y9y,Brandon Williams,brandon williams,,PG,5588,c8efed0b-f365-4440-84f7-df8c8078d1c0,
05ycx,Braxton Key,braxton key,,SF,5324,c22cf6a4-f026-4843-9d05-862e08a30ece,
076tl,Brayden Burries,brayden burries,MIL,SG,6967,de440a6e-a33c-40d4-a742-c6b06cdf1b0b,
05qxt,Breein Tyree,breein tyree,,PG,5215,8cfc83f1-4ef3-4e83-9b72-3d4ac42ce7b2,
059ce,Brian Bowen,brian bowen,,SF,4892,9e448df5-971e-4427-a064-be791636b41a,6294
03xlt,Briante Weber,briante weber,,PG,3811,,5593
042nk,Brice Johnson,brice johnson,,PF,3890,,5656
06cbz,Brice Sensabaugh,brice sensabaugh,UTA,SF,5937,e747747c-3053-4ad3-a44d-7ac0b9cbdb4c,
07242,Brice Williams,brice williams,,SG,6583,578bfd85-3549-424a-a61a-24c73893954c,
05qyv,Brodric Thomas,brodric thomas,,SG,5319,65b811bf-9ab9-409d-a00d-45f1843ae09e,
06mm1,Bronny James,bronny james,LAL,SG,6251,e693c3a1-c958-48d5-9edc-46d95aae0ad1,
04jw9,Bronson Koenig,bronson koenig,,SG,4205,,5900
005ki,Brook Lopez,brook lopez,LAC,C,2918,c179fb5c-9845-4e37-aef7-6e00d97548eb,4472
06v8a,Brooks Barnhizer,brooks barnhizer,OKC,SG,6633,4ab6a1ca-60ab-41e3-adbc-0395dec8c0da,
04qsj,Bruce Brown,bruce brown,,PG,4403,fc058e75-1015-4bbe-8fab-925d5f6d83fb,6053
076u3,Bruce Thornton,bruce thornton,HOU,PG,6980,2ace51f5-2b81-41d2-9917-4a9eec21b891,
03e6o,Bruno Caboclo,bruno caboclo,,SF,3673,664f0884-717b-4f4a-a1a6-79f08acb41bd,5331
051pe,Bruno Fernando,bruno fernando,,C,4799,2ef47392-9f85-47e7-a844-b5d97cf412c9,6222
04lcd,Bryce Alford,bryce alford,,PG,4227,,5933
059g4,Bryce Brown,bryce brown,,SG,4928,06d7f210-f69f-470b-97e0-241fdc01d4ed,6318
03i9w,Bryce Cotton,bryce cotton,,PG,3653,,5379
03ulp,Bryce Dejean-Jones,bryce dejean-jones,NOR,SG,3804,,5540
06237,Bryce Hamilton,bryce hamilton,,SG,5810,2654cfd1-241f-4ebb-9b14-267f9168dbfe,
076u0,Bryce Hopkins,bryce hopkins,DEN,SF,7007,b47fa79d-5a96-46e3-9ef2-f823911f314b,
06223,Bryce McGowens,bryce mcgowens,NOR,SG,5719,3c4a7fda-fca3-4a68-9886-ea7eec4cc2e3,
06hre,Bryce Wills,bryce wills,,SG,5615,073f39b6-b63d-43a4-80f7-95e4b5a16244,
04847,Bryn Forbes,bryn forbes,,SG,3961,ca784446-05be-4f5e-8108-d7bb1736005a,5726
0666j,Bryson Williams,bryson williams,,F,5814,7d3ed7a5-b9f4-470c-b75d-bfd00ba02427,
062d2,Buddy Boeheim,buddy boeheim,,SF,5672,abceaea3-47b0-43fb-b9f7-75f378e2d409,
042n3,Buddy Hield,buddy hield,ATL,SG,3884,795f46f2-c78d-4f1d-9ee2-4331c1cc8184,5637
03zl1,Byron Wesley,byron wesley,,SG,,,
03jxp,C.J. Fair,cj fair,,PF,3644,,5387
05uib,Cade Cunningham,cade cunningham,DET,PG,5336,57d55cd4-6ab8-4255-a248-bef800c0cbab,
06cen,Caleb Daniels,caleb daniels,,SG,5919,c5e899f1-36b5-4fde-8e58-8c572ab4ffe6,
05qzk,Caleb Homesley,caleb homesley,,SG,5310,bd776d4e-4c2c-4eeb-a3ab-cbc069faee4a,
0621v,Caleb Houstan,caleb houstan,,SF,5718,968ecb8b-c8b6-4fe1-a606-346f7a82a7c1,
06vy3,Caleb Love,caleb love,PHI,SG,6603,a26661fb-805f-41a9-8fc9-8ed805233482,
055qo,Caleb Martin,caleb martin,DAL,SF,4931,566685c7-ff63-439a-8888-5278904835fa,6275
06hrm,Caleb McConnell,caleb mcconnell,,SG,5923,1d35694a-2cb6-46d0-9144-01713c18d83e,
04ewq,Caleb Swanigan,caleb swanigan,,PF,4174,f72b2025-d6e9-48b2-a1ba-62cf8a58aa6f,5839
076t0,Caleb Wilson,caleb wilson,CHI,PF,6926,e72505ca-07fd-41ec-a9f1-288ff257cc82,
06mls,Cam Christie,cam christie,LAC,SG,6283,dac0090b-6d39-4275-98ac-db8aab39502f,
051oq,Cam Reddish,cam reddish,,SF,4772,8f10f30f-cab7-43e1-be6b-736cd8700081,6172
06mlz,Cam Spencer,cam spencer,MEM,SG,6297,9e51be65-7d39-433c-8d8c-de896da6267d,
06ca7,Cam Whitmore,cam whitmore,WAS,SF,5934,aeba1657-a0df-427b-ba9a-6db9e9147304,
03e7c,Cameron Bairstow,cameron bairstow,,PF,3662,,5360
076vc,Cameron Boozer,cameron boozer,MEM,PF,6923,a4f80f47-7419-461e-84a0-ecd7fc0241bf,
076t2,Cameron Carr,cameron carr,LAL,SG,6983,9e6ae44d-ea08-4fb4-abf9-5575e45122e8,
051or,Cameron Johnson,cameron johnson,DEN,PF,4916,2fe5b749-7bd4-4dbc-acfb-6d675f541e37,6173
06yb4,Cameron Matthews,cameron matthews,,SF,6670,3eadc5ba-5c71-498e-be21-532f17a3be5e,
05xnj,Cameron McGriff,cameron mcgriff,,SF,5448,fd6ac63a-a3e2-4297-a002-bca4b97b2f47,
04fj9,Cameron Oliver,cameron oliver,,PF,4158,f9621540-42a7-435a-ad6c-482c39dce214,5895
03r7e,Cameron Payne,cameron payne,,PG,3744,fc486ff9-f1d0-4a1e-83ed-4a3aaec950a2,5474
04xl8,Cameron Reynolds,cameron reynolds,,SG,4472,0e04a935-33a2-4426-84a7-41b39854a57a,6148
05uj1,Cameron Thomas,cameron thomas,,SG,5360,c6289b1b-7bb2-4ee6-8111-1a6e96aa9104,
042nf,Caris LeVert,caris levert,MIL,SG,3914,c34996e5-8be6-4053-a2f2-0acb0155e18c,5651
05ux5,Carlik Jones,carlik jones,,PG,5363,7469a302-4149-455c-a19f-92cf6777ad78,
06mk6,Carlton Carrington,carlton carrington,WAS,PG,6270,28f3e566-3174-4e87-81d0-4889569b6ef5,
031mj,Carrick Felix,carrick felix,,SG,3496,,5203
051pd,Carsen Edwards,carsen edwards,,SG,4764,d1340a44-b873-425e-a1c6-2545a0ef8398,6221
076ut,Carson Cooper,carson cooper,MEM,C,7038,ea747ab7-a226-4d74-be2d-12367b908ffe,
06v5x,Carter Bryant,carter bryant,SAS,PF,6556,85cd25fd-f437-48dd-b736-af5422c0feb7,
06cac,Cason Wallace,cason wallace,OKC,SG,5898,b3db0b36-344f-4035-b315-9fb18933e535,
05qt8,Cassius Stanley,cassius stanley,,SG,5172,81d7fe31-e22b-4c3b-9086-be80db176068,
05qua,Cassius Winston,cassius winston,,PG,5144,e6909315-b7c9-456a-bc67-613ca091e255,
03r7m,Cedi Osman,cedi osman,,SF,3764,d8570bcf-9513-47d6-8f21-2f86625e58df,5491
06v5v,Cedric Coward,cedric coward,MEM,SG,6592,9f666f68-046c-4315-a89d-d9ec2e9a852d,
06aw1,Chance Comanche,chance comanche,,C,4186,a2590771-dd96-46c4-bab5-64832a221478,
04qrz,Chandler Hutchison,chandler hutchison,,SF,4451,5d9dd021-537d-478d-8540-2d2708f356f4,6033
064s5,Chandler Vaudrin,chandler vaudrin,,G,5332,a3872ddf-d90a-4dae-b34f-a61e5bf09004,
0722s,Chaney Johnson,chaney johnson,BKN,SF,6679,9b3dc639-0351-47ee-8ef0-c13bc3edfc0f,
05ujr,Charles Bassey,charles bassey,GSW,C,4833,eb063340-43d5-4f5c-8097-fa6e40b6f5e2,
06he2,Charles Bediako,charles bediako,,C,5951,c1bfabbc-cb9d-4f60-95e9-dc864391da3e,
04is9,Charles Cooke,charles cooke,MIA,SG,4223,,5902
05qyo,Charles Matthews,charles matthews,,SG,4872,9bdab689-8054-461c-ae54-c193ca7f00f9,
06mnt,Charles Pride,charles pride,,G,,5dcb9423-9942-4618-89e1-e5f91ef050c3,
059cd,Charlie Brown,charlie brown,,SG,4829,c64b2514-98dc-4cd9-a920-5b36abb7c252,6293
06hin,Chase Audige,chase audige,,G,,40c08007-05ee-4f14-976d-c4ae4f7db328,
072ag,Chase Hunter,chase hunter,,SG,6657,,
045gs,Chasson Randle,chasson randle,,PG,3768,f4fbc6f7-d803-404d-9f69-a31ff8fb69c7,5706
05uut,Chaundee Brown,chaundee brown,,SG,5350,c52dd724-7a00-470f-aa10-abb1171fe31a,
06v83,Chaz Lanier,chaz lanier,DET,SG,6568,ac9f5700-2da0-4c7d-a031-ed1acf0d6581,
03llu,Cheick Diallo,cheick diallo,,C,3895,74cddaf3-0435-4adb-83fe-d44ae35e7e4b,5664
06211,Chet Holmgren,chet holmgren,OKC,C,5697,eb91a4c8-1a8a-46bf-86e6-e16950b67ef6,
062xs,Chima Moneke,chima moneke,,SF,5798,ca71df96-74ec-4756-88db-4024302c4dec,
04qsp,Chimezie Metu,chimezie metu,,C,4379,72a69d30-cf07-4b5f-94ad-9c76832788bc,6060
042nx,Chinanu Onuaku,chinanu onuaku,,C,3923,,5668
04fj8,Chris Boucher,chris boucher,,PF,4143,f01d5d8d-f949-437a-a23f-3835c0939ced,5894
076tf,Chris Cenac,chris cenac,BOS,PF,6984,5363a697-bc2b-46c3-8138-40d52fae0c30,
04xgm,Chris Chiozza,chris chiozza,,PG,4615,b4c697f6-ddcc-48cd-9294-fb86d9b1899f,6119
0570u,Chris Clemons,chris clemons,,SG,4939,05b699b8-99e3-497f-bc90-d585d6d55230,6312
03ktw,Chris Crawford,chris crawford,,SG,3694,,5410
05uin,Chris Duarte,chris duarte,,SG,5345,1233bcf7-d653-4a86-b10a-86e3da52bdf0,
06cde,Chris Livingston,chris livingston,,SF,5977,cb3ded6d-8874-4b93-8a89-6a6785f6fac0,
06z4q,Chris Manon,chris manon,LAL,SG,6714,4ab32c74-1d47-41aa-8fa7-7dabe48a9fd6,
03ad6,Chris McCullough,chris mccullough,,PF,3761,,5489
0017e,Chris Paul,chris paul,,PG,2584,942c53e3-7268-44e3-b0a9-fdff55a72c03,3930
052c5,Chris Silva,chris silva,,PF,4826,cc48bc62-dcd4-4522-8b65-c8588b06169d,6258
05uuk,Chris Smith,chris smith,,PF,5443,6fb34293-2225-4c67-8d84-cd64156d85ec,
0723f,Chris Youngblood,chris youngblood,POR,SG,6663,996b6aa8-bd6f-469c-b669-bbc45934c587,
059g1,Christ Koumadje,christ koumadje,,C,4889,,6316
076th,Christian Anderson,christian anderson,CHA,PG,6978,75110adc-6edd-41c5-904a-cd8808584bc9,
0621k,Christian Braun,christian braun,DEN,SG,5710,cbc1a455-6cf8-4174-ace6-b0e250936f74,
0621w,Christian Koloko,christian koloko,NOR,C,5645,ed643452-917d-40c5-badd-2e72958b059c,
0723k,Christian Shumate,christian shumate,,SF,6777,81cc924e-f776-4ad1-9ca0-ddd18a48de03,
06mo4,Christian Terrell,christian terrell,,PG,,c30b1da5-d775-4a04-8f8a-82f2e2caeb2e,
05r0e,Christian Vital,christian vital,,SG,5127,8864ba62-8cf1-4521-968c-2425fd88122b,
03nwq,Christian Wood,christian wood,,PF,3778,98100660-988b-4e71-a89e-f35839964483,5583
06vy2,Chucky Hepburn,chucky hepburn,TOR,PG,6601,58c0852f-6fc1-4a9a-b019-fabab1b25536,
051ow,Chuma Okeke,chuma okeke,,PF,4805,f4800b3d-a795-4b22-bfef-83a079b30a89,6204
05quc,CJ Elleby,cj elleby,,SF,5293,fda9e870-e97c-4df9-895a-0ec981cdd820,
06y4e,CJ Huntley,cj huntley,PHO,SF,6672,215f475c-bee5-418c-ba2d-ebb9580e4b3c,
059vz,CJ Massinburg,cj massinburg,,PG,4871,,6343
031lx,CJ McCollum,cj mccollum,ATL,PG,3437,bc70a55a-cee0-478f-9a13-cf51c4a4187c,5161
03e70,Cleanthony Early,cleanthony early,,SF,3595,,5345
03acw,Cliff Alexander,cliff alexander,,PF,3707,,5531
03e6s,Clint Capela,clint capela,HOU,C,3587,c37dafbb-a269-41f6-813f-bdb4da388203,5336
051on,Coby White,coby white,CHA,SG,4801,a1e46e84-bd9e-454d-9117-a8fa1aab0ce4,6169
04z79,Cody Demps,cody demps,,SG,4345,,6158
051pg,Cody Martin,cody martin,,SF,4929,6eadcfb0-1d51-4525-add6-17f07ae2ad49,6224
06mk2,Cody Williams,cody williams,UTA,SG,6259,f6db8914-5cdd-48d6-ac19-b64133d688cf,
031lr,Cody Zeller,cody zeller,,C,3438,e1ce75b8-44ce-4086-b2e1-d2e22efc86ff,5155
06cdj,Colby Jones,colby jones,,SG,,b173be95-9411-4fa9-afa3-ff231db0ed4d,
05qtl,Cole Anthony,cole anthony,,PG,5232,b6ba1ad1-c57b-4215-8ded-5eeee7171017,
0623n,Cole Swider,cole swider,,SF,5638,cae1e67f-229e-46c8-851a-571d728ae315,
06cp2,Colin Castleton,colin castleton,ORL,C,5988,a4b52811-c864-4830-a0fe-9d9745814422,
0623e,Collin Gillespie,collin gillespie,PHO,PG,5732,60b8026e-e154-4ed7-a247-8e4af1dbf668,
06v5a,Collin Murray-Boyles,collin murray-boyles,TOR,PF,6585,7b169c92-2d4d-4218-9557-4e0ec1b43378,
04qrm,Collin Sexton,collin sexton,LAL,SG,4412,80b5cccf-203b-4482-92aa-76d1598216be,6019
06v5l,Cooper Flagg,cooper flagg,DAL,SF,6548,1d323a11-1758-4975-ba6f-1a03b7a2157c,
05uip,Corey Kispert,corey kispert,ATL,SF,5387,3358cc38-7331-43ad-af04-ebd34fe328e7,
03wp1,Corey Walden,corey walden,,PG,3800,,5566
06pvt,Cormac Ryan,cormac ryan,MIL,SG,6351,9d0b4d49-f3ab-4721-8997-8f0ceea01597,
027pf,Cory Joseph,cory joseph,,PG,3226,5769354c-0661-4ac7-86e5-3fd51506df36,4911
03woy,Coty Clarke,coty clarke,BOS,SF,3803,,5563
06cp4,Craig Porter,craig porter,CLE,PG,6062,7458ef96-cab7-433e-a761-4e93537f4b52,
05ya8,Craig Sword,craig sword,,SG,4294,a03b20c9-4939-41fd-b7f8-23527a6d833d,
03rxn,Cristiano Felicio,cristiano felicio,,C,3651,3f64e9a6-6e1e-499b-aec8-764c99f634b2,5522
06yzq,Curtis Jones,curtis jones,DEN,SG,6627,e434ac41-033a-496a-b1ea-89fd33e0ed5b,
05wvx,D.J. Carton,dj carton,,SG,5442,469a1340-4263-4897-b1d5-caabc6340904,
02j7d,D.J. Kennedy,dj kennedy,,SG,3295,,5006
05wvy,D.J. Stewart,dj stewart,,SG,5416,5d31ffce-5a7c-41de-97ce-304361028a3e,
04ewi,D.J. Wilson,dj wilson,,PF,4171,91ef3b61-97a2-4b07-981a-c4228713fd1f,5830
064q6,Daeqwon Plowden,daeqwon plowden,SAC,SG,5800,badef3c4-e77e-4444-ac80-95d71332e974,
076t1,Dailyn Swain,dailyn swain,CHI,SG,6986,f4ad51ea-0105-4325-a7ee-79d496d75f3d,
07244,Dain Dainja,dain dainja,,PF,6703,7dde30b7-5a83-486b-a010-447d428d66cc,
04yvw,Dairis Bertans,dairis bertans,,SG,4755,,6157
05vyx,Daishen Nix,daishen nix,,PG,5259,7f11cfe9-30d3-492a-9033-08cf2324a73e,
03r81,Dakari Johnson,dakari johnson,,C,3709,,5508
055c5,Dakota Mathias,dakota mathias,,SG,4526,42cec9df-74a3-4342-81c0-5d6e66dbdcb8,6271
05ujk,Dalano Banton,dalano banton,,PG,5430,6a93a3fd-d10c-4594-a4b5-873fa13f6d99,
0621h,Dalen Terry,dalen terry,,SG,5724,39d205a6-5a8e-4656-9565-87a8e95ee411,
06mk9,Dalton Knecht,dalton knecht,LAL,SF,6258,816ef930-8918-4b1d-9f0e-d0d867e6956a,
042nr,Damian Jones,damian jones,,C,3879,44231f84-c69d-440d-9287-e210d4ce1672,5661
02nf6,Damian Lillard,damian lillard,POR,PG,3304,5382cf43-3a79-4a5a-a7fd-153906fe65dd,5012
03e6x,Damien Inglis,damien inglis,,SF,3608,,5342
05xoc,Damien Jefferson,damien jefferson,,F,5456,c6606892-ebfb-4f0e-8a62-bd1c523d7b17,
06hfb,Damion Baugh,damion baugh,,SG,5948,396ffb80-2326-4c64-850f-84bb93ae15cf,
0484l,Damion Lee,damion lee,,SG,3947,0d9274b1-878c-44e3-8284-2c1f321d148b,5733
04ex7,Damyean Dotson,damyean dotson,,SG,4198,2226ff79-37ff-4b63-baeb-13df74890454,5857
06hsn,Dane Goodwin,dane goodwin,,SG,6155,24059ab8-3407-4d10-8fe2-e1142dfb7381,
03ad4,DAngelo Russell,dangelo russell,MEM,PG,3708,dbf09e15-1cd8-434e-acda-9527735ef4d6,5433
0725e,Daniel Batcho,daniel batcho,,SF,6763,3ea6f086-fe79-42a0-99c3-f6564327af34,
051pi,Daniel Gafford,daniel gafford,DAL,C,4824,52cd8137-c791-4569-ad70-433e25d34882,6226
042of,Daniel Hamilton,daniel hamilton,,SF,3874,,5687
0484a,Daniel Ochefu,daniel ochefu,,C,3955,,5730
05que,Daniel Oturu,daniel oturu,,C,5112,4bf6de08-a2ab-4091-b81c-1762dc42f464,
04hoo,Daniel Theis,daniel theis,,C,3523,e18e9d0a-97b9-470d-b0a6-0c401ae0e0a0,5880
06mmf,Daniss Jenkins,daniss jenkins,DET,PG,6336,79fc04d6-0dcf-4817-ab79-2528026d72be,
06v5q,Danny Wolf,danny wolf,BKN,PF,6560,6bee5098-f27a-4877-8df6-41c1687a8fb6,
03acx,Dante Exum,dante exum,,PG,3568,0d187d04-4cd9-44b3-9a29-408fac5b011e,5316
04849,Danuel House,danuel house,,SF,3949,14dee36c-97c6-4668-8f4e-2833967e6ada,5728
055sg,DaQuan Jeffries,daquan jeffries,,SG,4937,3a2b38a1-23da-4af8-8c1a-e52694c2416a,6276
06moi,Darin Green,darin green,,SG,6362,83edf15e-2496-4ca3-bacb-aacbb90d4b30,
03acy,Dario Saric,dario saric,,C,3451,06255060-3d3d-44f6-a776-2aab8e57584a,5323
03whv,Darion Atkins,darion atkins,,PF,3798,,5545
06ccc,Dariq Whitehead,dariq whitehead,,SF,5905,169083b9-0653-44c8-ac69-bc5360a468c6,
076t6,Darius Acuff,darius acuff,SAC,PG,6931,de7e4975-3c1b-47af-bbdd-ee759e499a18,
051p3,Darius Bazley,darius bazley,,PF,4624,6687bacd-1bd8-4f76-acdd-b4beac0bf402,6211
0729e,Darius Brown,darius brown,,SG,6367,e597c372-6abc-4e48-bfc6-9f8eba0c624b,
062sp,Darius Days,darius days,,PF,5359,91f28591-5a6b-4a84-ba9d-6ccaaabed775,
051ol,Darius Garland,darius garland,LAC,PG,4749,b79b88e1-35ef-4947-8a61-f6ec631a1e15,6167
02ngj,Darius Johnson-Odom,darius johnson-odom,,SG,3342,,5089
06fpq,Darius McGhee,darius mcghee,,PG,6074,77ceb054-cc76-4f89-bb90-314d0f25e74a,
02nga,Darius Miller,darius miller,,SF,3332,ef98a67f-6d45-45af-be21-23fc07eb3f17,5080
027pq,Darius Morris,darius morris,,PG,3182,,4923
06mke,DaRon Holmes,daron holmes,DEN,PF,6288,e6c9ddf9-088c-4e10-866b-0ff5172f6ba9,
0663x,Darryl Morsell,darryl morsell,,SG,5768,ae849a76-4b0f-49de-95c0-726bee5a5f20,
076t9,Darryn Peterson,darryn peterson,UTA,SG,6924,79e3ec71-4293-42a2-8758-3b02ddd7e387,
04xgh,Daryl Macon,daryl macon,,PG,4499,,6112
059q3,Daulton Hommes,daulton hommes,,SF,4899,597ebfd1-47bc-46ce-8788-af3645ac41b9,6327
05wvu,David Duke,david duke,,SG,5346,2ff9979f-4ca6-44b8-946e-70cbd992410c,
05ujl,David Johnson,david johnson,,PG,5415,c163241b-b087-4527-8515-bd853984cc16,
06mor,David Jones Garcia,david jones garcia,SAS,SF,6309,0a485720-7ec1-4e1b-a9e9-dcf912dde8db,
059ik,David Kramer,david kramer,,PG,4984,,6323
042nz,David Michineau,david michineau,LAC,PG,3969,,5670
04aqo,David Nwaba,david nwaba,,SF,4099,fe9b0c91-5964-4681-8f1b-e76b5d912b23,5762
0621m,David Roddy,david roddy,DEN,PF,5713,339eff07-4d8e-42c6-9a47-900e94b13654,
03ku8,David Stockton,david stockton,,PG,3703,64f8cb7d-5d7a-4295-b258-e24f6c6d02cc,5420
064to,Davion Mintz,davion mintz,,G,5754,11c125a7-e1f7-42f9-9fab-ada3177467d2,
05uij,Davion Mitchell,davion mitchell,MIA,PG,5354,38a9b2cc-008e-406b-ad5a-87e0e54f93b7,
027pt,Davis Bertans,davis bertans,,PF,3215,c1bb78ed-4ce7-4e8c-b30c-06f8148d550a,4926
04eww,Davon Reed,davon reed,,SG,4196,474b716b-2dc2-4a2d-ade1-7b3b061b88da,5845
07241,Dawson Garcia,dawson garcia,,SF,6631,3d21bd45-cba1-4e0e-99a8-326fbcc0d855,
05uj3,DayRon Sharpe,dayron sharpe,BKN,C,5418,1c82e36d-8975-4778-9d49-d872d2f3f1be,
049kb,DeAaron Fox,deaaron fox,SAS,PG,4116,cfc1e41b-74ab-45ee-8132-aaf9ca7f8163,5767
0529c,Dean Wade,dean wade,PHI,PF,4893,bbeecf0c-62c6-4211-991d-2afaf2403623,6256
049kd,Deandre Ayton,deandre ayton,WAS,C,4372,7ca4beac-bbd6-454f-b820-4e8442a3e1e5,5958
042ng,DeAndre Bembry,deandre bembry,,SF,3880,db42a3d8-e493-4f0e-aa9f-149397877fea,5652
051ok,DeAndre Hunter,deandre hunter,SAC,SF,4776,a4a75d83-54b5-4dca-913e-44ab04288446,6166
005l3,DeAndre Jordan,deandre jordan,NOR,C,2929,0036a1fa-ff9a-44a5-8061-68b828ee2b1e,4497
04qsm,DeAnthony Melton,deanthony melton,GSW,PG,4368,5b22ae60-ca29-4cd8-b618-cce7b9766b0e,6057
059q4,Dedric Lawson,dedric lawson,,PF,4779,,6328
051ph,Deividas Sirvydis,deividas sirvydis,,SG,4744,b35d5612-2aaf-4666-afc6-4076be5d00de,6225
05uxx,DeJon Jarreau,dejon jarreau,,SG,5446,2ed5daf8-85ff-4f2f-b4a7-c02de13ac69b,
042nq,Dejounte Murray,dejounte murray,NOR,PG,3856,7d27ec3b-1e31-4b0f-abcf-e12039a0e27b,5660
03r7h,Delon Wright,delon wright,,PG,3710,1db0df17-b3d5-4ddb-98d0-8f86239347bf,5480
01eon,DeMar DeRozan,demar derozan,,SF,3019,5e86a9c3-b4d0-4fe1-a551-acd83e5d60eb,4614
01uz3,DeMarcus Cousins,demarcus cousins,,C,3098,cbb21aed-9716-44a2-b0e4-54ce09333b94,4720
042o4,Demetrius Jackson,demetrius jackson,,PG,3881,,5676
04vxy,Deng Adel,deng adel,,C,4399,,6094
05qtj,Deni Avdija,deni avdija,POR,SF,5152,312f21c9-a061-43e2-9a22-65199131068e,
031m4,Dennis Schroder,dennis schroder,CLE,PG,3444,a2c6a907-282f-4172-9d60-42d03987da0e,5187
049s5,Dennis Smith,dennis smith,,PG,4109,8bfafad0-c7ac-4eca-8bba-60cf72180545,5822
05xn9,Denzel Mahoney,denzel mahoney,,SG,5497,4fe13259-3bd0-4982-bf0d-42b1c2258c20,
042na,Denzel Valentine,denzel valentine,,SG,3886,036f914a-aad0-4ff1-9771-54f9e963d1b8,5645
04rvx,Deonte Burton,deonte burton,,SG,3599,a61a1458-1481-4474-8c30-bf4c3430050d,6072
03kt8,Deonte Burton,deonte burton,,PG,4633,,5399
06cc8,Dereck Lively,dereck lively,DAL,C,5904,1b31afe2-7fb7-42d1-8eef-003c5eb619c2,
048zr,Derek Cooke Jr.,derek cooke,,PF,4027,,5745
05xp3,Derek Culver,derek culver,,C,5502,fa7f7f4f-e559-47af-be51-e82e90e160e5,
0623k,Dereon Seabron,dereon seabron,,SG,5730,1ad3d938-c2af-4567-b968-95dd79427fa5,
06v5h,Derik Queen,derik queen,NOR,C,6541,a4de5912-bd72-4993-ac93-fb65d2164660,
05wvw,Derrick Alston,derrick alston,,SF,5488,8b2a6ab1-6366-4dc2-8085-ea4a3322d85f,
01uyt,Derrick Favors,derrick favors,,C,3107,ad354ebb-88e5-46e4-ad79-f7188ee1f6c2,4718
048zt,Derrick Jones,derrick jones,LAC,SF,4083,54cf6e06-9172-44b8-8d3b-ea1b6926553d,5747
03trs,Derrick Marks,derrick marks,,SG,,,
04jw8,Derrick Walton,derrick walton,,PG,4220,aedb3cc5-6b48-456a-aa61-aa002905b507,5899
04ewt,Derrick White,derrick white,BOS,SG,4195,9bcd5cff-4a1c-4454-89b6-a5899b0c6bcc,5842
05qt3,Desmond Bane,desmond bane,ORL,SG,5159,49962b13-0afc-43f5-a3e2-7e37b7736260,
04uq3,DeVaughn Akoon-Purcell,devaughn akoon-purcell,,PG,4575,,6080
03nwm,Devin Booker,devin booker,PHO,SG,3711,31baa84f-c759-4f92-8e1f-a92305ade3d6,5473
059vy,Devin Cannady,devin cannady,,PG,5000,def4d45e-f04c-492d-85ea-cda0de29fe55,6342
06mk5,Devin Carter,devin carter,ATL,PG,6265,00080fe6-49ad-4685-a308-eb96b1f11ddf,
01uzb,Devin Ebanks,devin ebanks,,SG,3100,,4774
04hop,Devin Robinson,devin robinson,,SG,4124,,5881
05qtr,Devin Vassell,devin vassell,SAS,SG,5113,fe215630-2dc5-4573-95cc-c1b14abbbbcd,
05qsu,Devon Dotson,devon dotson,,PG,5205,9d40276d-4d93-45f4-abb6-573e3ce0c2cd,
04qst,Devon Hall,devon hall,,SG,4466,e9de075d-9e19-4878-befd-f82dfcbbca87,6064
059cc,Devontae Cacok,devontae cacok,,PF,4940,c21994c6-ce10-4595-b695-2a16f8154f9e,6292
05xp4,Devontae Shuler,devontae shuler,,PG,5343,ce9fa43f-be58-4ddb-b0df-baaf59a21787,
04qsb,Devonte Graham,devonte graham,,PG,4464,604571ce-5be8-4938-b8fb-945ff8d15f8d,6045
05qzb,Devonte Patterson,devonte patterson,,SF,5317,9be79ca4-8709-4335-bbe1-6de92bfa187c,
03e7j,Devyn Marble,devyn marble,,SF,3611,,5367
051q3,Dewan Hernandez,dewan hernandez,,C,4751,d9509e1d-a6d4-435b-975e-3346b6fa364b,6247
038xl,Dewayne Dedmon,dewayne dedmon,,C,3486,b8a77045-a325-4ac1-ad9c-d065ec1f41a4,5256
06eo4,Dexter Dennis,dexter dennis,,SG,6102,9daa541c-53f6-47ac-ab09-c94f0dbda29b,
042ns,Deyonta Davis,deyonta davis,,PF,3868,,5662
03llt,Diamond Stone,diamond stone,,C,3869,,5671
051pf,Didi Louzada,didi louzada,,SG,4933,78df2636-a9fb-4a23-a29f-9c176d93123b,6223
04ex8,Dillon Brooks,dillon brooks,PHO,SF,4125,72a6489b-ad35-4f06-8a4f-a68ea1052f7b,5858
06mki,Dillon Jones,dillon jones,NYK,SF,6279,3bec965e-1c2e-4ef0-a598-74a018a627c4,
076u2,Dillon Mitchell,dillon mitchell,BOS,SF,7001,9d154254-3a92-4bbd-aa4a-0e969a5fd803,
04xk6,Ding Yanyuhang,ding yanyuhang,,SF,4548,,6145
02nf4,Dion Waiters,dion waiters,,SG,3315,1bf4b5c7-e31d-4c22-9d89-7b909e3cb43c,5010
06mm9,DJ Burns,dj burns,,PF,6342,8aef177f-4d05-4477-8302-a30733a12beb,
06mof,DJ Horne,dj horne,,PG,,48f415a6-5186-4754-9a5e-3356ea2562fa,
0723i,DJ Rodman,dj rodman,,PG,6434,62829de2-38c3-42f0-8c98-9a5fbee625f6,
05xcn,DJ Steward,dj steward,,SG,5426,7969b2b1-b7a1-44d9-a97c-fb840385f0db,
06cp1,DMoi Hodge,dmoi hodge,,SG,5998,77738c7a-6475-48a7-b31a-e824da419e8c,
06iei,Dmytro Skapintsev,dmytro skapintsev,,C,5868,66653afb-437d-44fb-ab1b-78457d58ea10,
042n7,Domantas Sabonis,domantas sabonis,SAC,C,3865,22038780-8c50-4211-a99e-656d983e5207,5642
0626t,Dominick Barlow,dominick barlow,PHI,SF,5670,4589f8d1-66cd-4d57-a5b5-c7d130a0b43d,
027p5,Donatas Motiejunas,donatas motiejunas,,PF,3193,,4902
06mjz,Donovan Clingan,donovan clingan,POR,C,6254,c76e8dae-58ad-4950-8929-5094036210c4,
04ewe,Donovan Mitchell,donovan mitchell,CLE,SG,4166,b6dde96e-3748-4cbe-86d2-798d5dffb3c0,5826
06668,Donovan Williams,donovan williams,,SG,5760,65281655-5409-4943-9013-ac2ad45374ea,
059qb,Donta Hall,donta hall,,PF,4979,85e8f802-bcbe-434b-a833-4b20adefd78e,6334
04qru,Donte DiVincenzo,donte divincenzo,MIN,SG,4439,9cfad453-b323-43dc-a066-6cd0a21745ad,6028
04vqv,Donte Grantham,donte grantham,,SG,4524,,6088
04vxx,Doral Moore,doral moore,,C,4437,,6093
043ib,Dorian Finney-Smith,dorian finney-smith,CHA,PF,3911,426357dc-340b-4d89-8e3b-7d6b4022b460,5693
03avi,Doug McDermott,doug mcdermott,,SF,3579,66156be8-6202-40bd-bdc2-014a46bee28f,5322
03xmu,Dragan Bender,dragan bender,GSW,PF,3864,,5635
06375,Drake Jeffries,drake jeffries,,SG,5769,9c300422-b8e4-413e-bbb3-b33ad7509caa,
06v5s,Drake Powell,drake powell,BKN,SG,6610,b60665b0-b5f3-4662-b7f8-454def5886db,
02nfz,Draymond Green,draymond green,GSW,PF,3299,5e5099d1-4a58-43f2-8d03-f2ae5dd49337,5069
03ku1,Drew Crawford,drew crawford,,SG,4031,,5413
04xdu,Drew Eubanks,drew eubanks,,C,4416,0fbb8fd5-9b9c-48a2-a355-18aba7b5d9d5,6109
06mnq,Drew Pember,drew pember,,F,,e3a66883-044f-4d7e-a86c-8bbd798cff99,
06hdy,Drew Peterson,drew peterson,,PF,6027,82c98130-ca75-4fad-be40-59133af1027e,
06cf3,Drew Timme,drew timme,,PF,5916,1c19138b-1769-4418-b481-af76751739f0,
05wqo,Dru Smith,dru smith,MIA,SG,5352,a6d12593-86ca-485f-b775-2abb14eb6d99,
05uuh,Duane Washington,duane washington,,SG,5417,08fd692d-bce8-4f56-9add-77efc68637e8,
03sdf,Duje Dukan,duje dukan,,SF,3792,,5525
04s00,Duncan Robinson,duncan robinson,DET,SF,4470,18d35316-9f40-408c-abcc-ab49e06ef8e8,6073
06gix,Duop Reath,duop reath,,C,4546,dc929037-1cbf-4a60-a4d8-59636641ae88,
04z9c,Dusty Hannahs,dusty hannahs,,SG,4363,26be68c6-cec4-4585-811f-250892245db4,6159
04ex3,Dwayne Bacon,dwayne bacon,,SG,4105,4bce90d5-d5ef-4fe3-b6ce-c974a3d44bdc,5853
05qvh,Dwayne Sutton,dwayne sutton,,F,5313,0f4e5606-ab99-4cc1-b8fa-dc3170e6a161,
03e79,Dwight Powell,dwight powell,,C,3610,a465418b-0933-40b4-8f01-253d046872e1,5356
06y2o,Dylan Cardwell,dylan cardwell,SAC,C,6638,37cbf881-ab20-44e7-bfb9-af3f7c7fe5d1,
06v5y,Dylan Harper,dylan harper,SAS,SG,6549,b16123e8-c885-4276-9994-8d5e390c0f0d,
051p6,Dylan Windler,dylan windler,,SF,4810,870310f0-9480-453a-8b33-a62f283c5eda,6214
06217,Dyson Daniels,dyson daniels,ATL,SG,5385,358fb074-ac1b-45a6-bf54-46c30534786e,
04qs6,Dzanan Musa,dzanan musa,,SF,4455,ad2099c6-1ce2-474a-8d41-602eb729dbf5,6040
06224,E.J. Liddell,ej liddell,,PF,5705,e140d6c7-351e-4937-84cd-66af4b8d617d,
076t4,Ebuka Okorie,ebuka okorie,DET,PG,6990,9e79ca12-91ca-43f2-95dd-4d44c74beef0,
04exf,Edmond Sumner,edmond sumner,,SG,4114,a53b857f-2454-445a-8f71-aabbfe5b49f7,5865
03e77,Edy Tavares,edy tavares,,C,3525,,5354
06v5r,Egor Demin,egor demin,BKN,PG,6559,b5e408ae-86d3-44a0-aa16-6977c6aaed41,
05qz8,EJ Montgomery,ej montgomery,,PF,5240,9a6fa7ec-ff6b-461a-9c42-ce04e0a55fbc,
05ux2,EJ Onu,ej onu,,PF,5420,f4aa6685-cedf-44e8-8f47-0104ac4987e1,
03e6m,Elfrid Payton,elfrid payton,,PG,3594,5fe45e9e-7401-4896-8883-5f969361dbb7,5321
0484m,Elgin Cook,elgin cook,,SF,3907,,5734
0666f,Eli Brooks,eli brooks,,G,5772,c782137a-e406-400e-9188-828b79f39ce9,
06vy0,Eli John Ndiaye,eli john ndiaye,,PF,6642,449da167-8e2f-4db4-a466-51e2b3f6efee,
04qs8,Elie Okobo,elie okobo,,PG,4185,7c5ff789-8ea7-4d8f-829a-0e91d8d4721c,6042
05s01,Elijah Bryant,elijah bryant,,SG,4406,ad839807-afa4-46c7-bbab-b6220fb0c63e,
06qdz,Elijah Harkless,elijah harkless,UTA,SG,6178,57807c7c-5866-4eb9-8d2c-b83351f3e288,
05qta,Elijah Hughes,elijah hughes,,SG,5244,08ecec6d-cf9d-4780-8c73-03fe03bc0fdf,
04xge,Elijah Stewart,elijah stewart,,SG,4568,,6111
06pu0,Emanuel Miller,emanuel miller,,PF,6017,6f4f5e4b-37d7-4d28-a226-4f52d09aab02,
076uj,Emanuel Sharp,emanuel sharp,SAC,SG,7004,ce561785-4b3b-499c-b581-6d765e7fc50a,
04xk5,Emanuel Terry,emanuel terry,,PF,4580,0142e359-7148-44e7-a48b-740c8c8dd9d7,6144
03acz,Emmanuel Mudiay,emmanuel mudiay,,PG,3684,8f7caaba-426f-4bee-be51-9625718d51f3,5467
06cd3,Emoni Bates,emoni bates,,SF,5922,194a9cc3-1dce-4c9a-96dd-a2f2505f5fe8,
027p2,Enes Kanter,enes kanter,,C,3188,5fb038ef-a3bf-4f52-afce-4f5bd074bb88,4899
06mlw,Enrique Freeman,enrique freeman,MIN,PF,6307,952cd8e7-2fa5-4eac-bcd9-b2e135eab16f,
03xmr,Eric Atkins,eric atkins,,PG,,,5597
01uyx,Eric Bledsoe,eric bledsoe,,PG,3113,8cee3c73-f765-4000-882d-0c6d0b8acbe3,4749
06666,Eric Demers,eric demers,,G,5462,eb240621-3b1b-4864-851b-3eda6b484a2b,
06vy1,Eric Dixon,eric dixon,,PF,6584,5d5ee6f7-03aa-4693-a81a-207c3e374d5d,
005kf,Eric Gordon,eric gordon,,SG,2926,f8d6c74c-e0bd-41ed-a814-f0b25259fe0a,4469
038kh,Eric Griffin,eric griffin,,SF,3363,,5246
059cg,Eric Mika,eric mika,,C,4180,,6296
03gyn,Eric Moreland,eric moreland,,PF,3666,,5374
051pl,Eric Paschall,eric paschall,,PF,4841,7a104c6b-0209-4f75-a587-32f017045d52,6229
031mw,Erick Green,erick green,,PG,3468,,5216
04lci,Erik McCree,erik mccree,,SF,4237,,5935
06qdx,Erik Stevenson,erik stevenson,,G,6091,0c60b723-f31f-4ec7-8ed0-23c8400a2f2f,
076v0,Ernest Udeh,ernest udeh,CLE,C,6952,f06e6640-06a5-4826-8a31-199e4ecb1072,
05wkc,Ethan Thompson,ethan thompson,IND,SG,5449,ded5095f-92cf-40a4-a668-ba78370cfe27,
05uuo,Eugene Omoruyi,eugene omoruyi,,SF,5372,7cb0e40c-85bf-4fb6-905e-37604cabc151,
02nfk,Evan Fournier,evan fournier,,SG,3317,b736d95c-8474-48b2-9000-24ce926eace3,5054
05uid,Evan Mobley,evan mobley,CLE,PF,5355,d64b602e-45f2-4ba9-878b-0a4f7210ec77,
02nfm,Fab Melo,fab melo,,C,3326,,5056
06305,Fabian White,fabian white,,F,5751,5ec529df-5d09-4b4c-a66c-093428c4aa53,
05qv8,Facundo Campazzo,facundo campazzo,,PG,4070,5536a7c6-d5f6-4957-9b69-1e64ff67b643,
070te,Fanbo Zeng,fanbo zeng,,SF,5365,d1c4f5e5-e182-4d3d-9fbe-0ed695a00118,
076tu,Felix Okpara,felix okpara,WAS,C,7005,67ac6e60-c61b-453a-884f-42af83cc7006,
05ux6,Feron Hunt,feron hunt,,SF,5458,9164ad74-ca2a-497a-a636-02380f138b61,
02nfu,Festus Ezeli,festus ezeli,,C,3330,,5064
05ujo,Filip Petrusev,filip petrusev,,C,5288,0e28ccef-a32c-4fb5-a3d9-50a36bb61d93,
04ewv,Frank Jackson,frank jackson,,PG,4172,88382494-4529-43d0-a328-b747e9372564,5844
03nwo,Frank Kaminsky,frank kaminsky,,C,3713,c9b1c381-e0ac-4618-9887-ce3e8993b265,5469
04ewy,Frank Mason,frank mason,,PG,4142,b232296c-17ab-4c5c-9f05-8ae1cd275a4e,5847
04416,Frank Ntilikina,frank ntilikina,,PG,4128,3a6c2262-7f48-4f0e-996e-3e774e822783,5821
05uii,Franz Wagner,franz wagner,ORL,SF,5370,514fd4aa-5384-4bc7-a670-367a426ca235,
04848,Fred VanVleet,fred vanvleet,HOU,PG,3935,45f17314-918c-49bd-a482-adc171859025,5727
05qzc,Freddie Gillespie,freddie gillespie,,PF,5257,e433e865-deb1-4736-b0da-a7f50e7a67ff,
02ngh,Furkan Aldemir,furkan aldemir,,PF,3232,,5087
042nl,Furkan Korkmaz,furkan korkmaz,,SG,3887,e558bede-02a3-4e10-993b-39033809c82a,5657
063cz,Gabe Brown,gabe brown,,SF,5748,b1275a1f-6ede-44f7-b1a1-091399a6ff5a,
06hrt,Gabe Kalscheur,gabe kalscheur,,G,6100,4defa529-211e-4041-955b-0e27ea68dfb1,
0728o,Gabe Madsen,gabe madsen,,SG,6637,90301515-3cef-46eb-a9ea-b25c2ef9133d,
06prn,Gabe McGlothan,gabe mcglothan,,PF,6352,b5500c42-dad2-4a19-abfd-2c534cf1c4f0,
06prm,Gabe Osabuohien,gabe osabuohien,,F,,e234eaa8-992a-42c5-9345-58694b7b9205,
05g3q,Gabe Vincent,gabe vincent,,PG,4631,1d4905d6-a6b4-4b45-8a90-91ed03440d0f,6353
04w4j,Gabe York,gabe york,,SG,3988,2a6aabcb-aaf9-49bd-b38f-d43bcb945a2b,6103
05rk9,Gabriel Deck,gabriel deck,,PF,5342,a36464a9-206a-44d5-90a7-8c24e348f960,
0621z,Gabriele Procida,gabriele procida,,SG,5733,cf05ff56-669b-4ba3-a647-15b798a72152,
06prj,Galen Robinson,galen robinson,,PG,,50594097-d654-474d-83c5-ee85219706d5,
01ng2,Garrett Temple,garrett temple,,SG,3083,ee2644c1-1260-4bf4-9c70-7c5b0cee4770,4682
065us,Garrison Brooks,garrison brooks,,C,5807,85a8f036-7cb8-423e-91a3-7552cc62b16b,
052fs,Garrison Mathews,garrison mathews,,SG,4990,9866abfb-ec41-451a-9c2a-d1a47ec21a0e,6259
04ug6,Gary Clark,gary clark,,SF,4465,2c0b750c-91a2-4e1d-8387-47c4944104e8,6121
03apx,Gary Harris,gary harris,DET,SG,3582,6b5d0264-fa2d-4956-919b-61abfc6bb8d7,5330
043cj,Gary Payton II,gary payton,GSW,SG,3919,955fe0fb-3ca2-49c0-9a19-922d8349f13c,5739
04qse,Gary Trent,gary trent,MIL,SG,4433,62daf16f-0c4c-46ae-9e54-0d34d6fdef85,6048
06giy,George Conditt,george conditt,,PF,5793,ee768486-b1ab-4ce2-b00d-79a960c3b57f,
04lcm,George de Paula,george de paula,,PG,4183,,5939
04qsz,George King,george king,,SF,4469,bc01a465-e5f9-4f11-b259-70384692a2b9,6070
042o9,Georges Niang,georges niang,,PF,3917,fae899bc-3fc7-43d9-b2c9-35721d11e438,5681
05ujy,Georgios Kalaitzakis,georgios kalaitzakis,,SF,5263,77342fb7-2d81-4492-a20b-cbbffd0c5267,
042n9,Georgios Papagiannis,georgios papagiannis,,C,3927,,5644
06cdh,GG Jackson,gg jackson,MEM,PF,5946,28549c0f-c6e6-4757-a515-dbc2e1b78007,
04hot,Gian Clavell,gian clavell,,PG,4218,,5883
031m2,Giannis Antetokounmpo,giannis antetokounmpo,MIA,PF,3456,6c60282d-165a-4cba-8e5a-4f2d9d4c5905,5185
05xo5,Giorgi Bezhanishvili,giorgi bezhanishvili,,PF,5394,482995a9-173e-4a79-8faf-9d2636111f41,
03aqc,Glenn Robinson,glenn robinson,,SF,3604,7f462af0-2ac8-4ca5-aa5a-17b37dc5001b,5351
051oy,Goga Bitadze,goga bitadze,ORL,C,4914,0c977083-fdde-45f1-9406-60aef2a78846,6206
01uz7,Gordon Hayward,gordon hayward,,SF,3104,a1ddebee-950c-497d-9acd-b5061360b464,4724
031m8,Gorgui Dieng,gorgui dieng,,C,3446,fd9448f0-99a2-4169-addf-235e14acf9f9,5191
048zq,Gracin Bakumanya,gracin bakumanya,,C,4047,,5744
06cc2,Gradey Dick,gradey dick,TOR,SG,5927,59c707c2-fc69-4ed5-aa33-d446709dad9f,
065vf,Grant Golden,grant golden,,PF,5745,3f8ebe9b-db58-4641-a547-93f38c2d4bde,
073o8,Grant Nelson,grant nelson,,PF,6298,35a3a115-5ec5-4caf-a333-7448fc799364,
05qtp,Grant Riller,grant riller,,PG,5292,e41f7a3d-abec-468c-9e29-af2a374f4525,
051p2,Grant Williams,grant williams,CHA,PF,4814,59209028-6712-47ef-b87c-bdb19f91523b,6210
04qry,Grayson Allen,grayson allen,CHA,SG,4454,ffa9a64f-d624-4033-bd23-59dcfd805175,6032
06moc,Grayson Murphy,grayson murphy,,G,6396,a43090e5-cefd-4ae5-b913-c6f8fd4c319e,
05ujh,Greg Brown,greg brown,,PF,5376,03258eec-a666-4b8f-86da-9bed8e91c39f,
01uyg,Greg Monroe,greg monroe,,C,3108,762d218c-cdbd-4886-9252-10cd99284c7a,4722
05qvy,Greg Whittington,greg whittington,,PF,3810,d0cb08b3-51b4-4700-9311-4e111df81d49,
03xmt,Guerschon Yabusele,guerschon yabusele,,C,3932,31f78854-0d23-4318-959c-0314588136e1,5647
0622i,Gui Santos,gui santos,GSW,PF,5738,f5d6fdfd-21f6-48f0-a297-4c13e8fc40cb,
049sa,Hamidou Diallo,hamidou diallo,,SG,4390,417c9fe2-15ee-48b7-9d8b-a151146fff42,6056
076ti,Hannes Steinbach,hannes steinbach,CHA,PF,6972,cba1f8e8-1547-4e5b-a1b2-658cdfdf402f,
02nf7,Harrison Barnes,harrison barnes,SAS,PF,3305,ce8d0944-b277-499e-9701-02a5f1828615,5013
06mlu,Harrison Ingram,harrison ingram,UTA,SF,6252,d7276f4c-b9ee-43bf-860d-07b01a0fe7b6,
03xmw,Harry Giles,harry giles,,C,4111,70ba6b2e-e7c5-4df5-a88a-cd755e43ba97,5833
057ow,Hassani Gravett,hassani gravett,,PG,4996,4e97b9e2-9772-49c1-b636-5ba159b6c9f7,6283
074sv,Hayden Gray,hayden gray,UTA,SG,6713,0f05b760-1f83-440d-8e83-7373dfc57219,
04yk1,Haywood Highsmith,haywood highsmith,PHO,SF,4583,a17d9b20-4e2b-4612-aecd-27938c997e94,6155
06gnm,Henri Drell,henri drell,,SF,5243,111cb5fa-fb56-47d5-8618-ce3ab6da67f8,
076u1,Henri Veesaar,henri veesaar,ATL,C,6991,36a71332-66f3-48ac-9bc4-9eee6ab867e7,
042nd,Henry Ellenson,henry ellenson,,PF,3859,eef64529-e381-43d1-a72b-8dcde914fee9,5649
05uj9,Herbert Jones,herbert jones,NOR,SF,5414,66b88001-06c2-4f4a-9825-b6e0cc1df6cc,
0622l,Hugo Besson,hugo besson,,PG,5707,17a8cee9-2ce0-4f54-a96c-2d57f4923770,
06v5d,Hugo Gonzalez,hugo gonzalez,BOS,SG,6553,18512d7a-ea08-408c-8ecb-7f436ca41120,
06vxw,Hunter Dickinson,hunter dickinson,NOR,C,6667,f4e6ac10-c2d3-4412-b85b-9511b93313e6,
06hqq,Hunter Maldonado,hunter maldonado,,SG,6147,5e62f306-7c9b-4988-b74f-afccda335f1e,
06vxs,Hunter Sallis,hunter sallis,,SG,6595,025425f1-19b0-495f-b2db-8556b253c8e4,
06ccx,Hunter Tyson,hunter tyson,,PF,,2533c7f2-31e9-4405-8b66-91e1e966d3f0,
033h9,Ian Clark,ian clark,,SG,3537,,5237
05xoa,Ibi Watson,ibi watson,,SG,5447,6ad0666c-bdf6-452f-b4a6-db1783e6a747,
065b6,Ibou Badji,ibou badji,,C,5782,be0b897f-a553-4524-a358-eaa3b445c422,
060me,Iffe Lundberg,iffe lundberg,,SG,,72d2c37a-8a3b-42d9-9c69-aa95c71f4b5f,
051pr,Ignas Brazdeikis,ignas brazdeikis,,SF,4766,0c7bd636-5280-47f4-a7df-cedf5c1d921a,6235
0723h,Igor Milicic,igor milicic,,SF,6624,92eeb781-69c6-4caf-a838-0c0ef05234c9,
04exa,Ike Anigbogu,ike anigbogu,,C,4156,b9b93587-50c3-48b7-9b2b-f1d2f8ae4005,5860
04ll4,Ike Iroegbu,ike iroegbu,,SG,4273,,5950
027p1,Iman Shumpert,iman shumpert,,SG,3213,1f9ac202-95e8-4974-9a94-ff3609ca7441,4898
05qu9,Immanuel Quickley,immanuel quickley,TOR,PG,5201,cb0b5991-53e4-4dce-bf95-215fd6ecf728,
04qsg,Isaac Bonga,isaac bonga,,SG,4452,2c5b32a1-53c3-4403-b579-c6126c7584a7,6050
04v3j,Isaac Haas,isaac haas,,C,4527,,6087
04lk8,Isaac Hamilton,isaac hamilton,,SG,4243,,5946
04xlp,Isaac Humphries,isaac humphries,,PF,4163,,6150
06mmh,Isaac Jones,isaac jones,DET,PF,6304,ff6f99de-5cd8-4bf1-a5d2-6bebcf4350ee,
05qsk,Isaac Okoro,isaac okoro,CHI,SG,5264,d13849d9-a696-44af-84a1-3196132c3ecd,
04a9w,Isaiah Austin,isaiah austin,,C,,,
04l1o,Isaiah Briscoe,isaiah briscoe,,PG,4161,,5915
031mk,Isaiah Canaan,isaiah canaan,MIL,PG,3470,,5204
06mkl,Isaiah Collier,isaiah collier,UTA,PG,6260,019a0f57-b63a-4521-8a5d-45942a15eb7b,
042oi,Isaiah Cousins,isaiah cousins,,SG,3908,,5690
06mmg,Isaiah Crawford,isaiah crawford,HOU,SF,6313,8c68e544-39ac-4016-8741-a498a979a95a,
076ud,Isaiah Evans,isaiah evans,MIN,SG,6987,9db84f14-46cb-4a1d-a3bd-62151534a41a,
04ex6,Isaiah Hartenstein,isaiah hartenstein,OKC,C,4147,38745a56-7472-4844-a2dc-f61d3bcd941f,5856
04jw1,Isaiah Hicks,isaiah hicks,,PF,4225,,5889
05uiw,Isaiah Jackson,isaiah jackson,LAC,C,5403,067d9f05-a6b8-4a4b-854c-3364234e62b1,
05qsp,Isaiah Joe,isaiah joe,DET,SG,5291,36d083a5-49ca-42f1-80b7-b78275a8abd9,
05ujg,Isaiah Livers,isaiah livers,PHO,PF,5353,c722d438-db08-421e-9484-9e7d2f67c05d,
059g2,Isaiah Miles,isaiah miles,,SF,3916,,6317
05wy4,Isaiah Miller,isaiah miller,,SG,5599,9d04bcba-f041-4ffd-9bdc-3c63e708b857,
0622c,Isaiah Mobley,isaiah mobley,,PF,5639,af4bed90-a355-44e6-a5b7-38c479f4a2b4,
055ol,Isaiah Pineiro,isaiah pineiro,,SG,4900,,6274
051pp,Isaiah Roby,isaiah roby,,PF,4834,bde20b39-128b-4224-a36c-e23abc623446,6233
06mp0,Isaiah Stevens,isaiah stevens,,PG,6035,529cb618-8e48-4011-bd42-dd0b9d91fdcb,
05qub,Isaiah Stewart,isaiah stewart,MEM,C,5137,9d4d6c87-78db-4556-b94a-bb8d566dd004,
048yg,Isaiah Taylor,isaiah taylor,,PG,3974,,5740
05uj5,Isaiah Todd,isaiah todd,,PF,5224,d3929490-b2e0-4539-8228-038615f94fe1,
064s7,Isaiah Whaley,isaiah whaley,,F,5761,86446a4f-577e-49f7-8578-ca34b41a2816,
042o1,Isaiah Whitehead,isaiah whitehead,,PG,3901,,5673
06cd5,Isaiah Wong,isaiah wong,,SG,6038,f789dfff-4658-452f-a3cb-81d9213fe414,
0729i,Isaih Moore,isaih moore,,SF,6234,feb697c0-a1cd-4b5a-bb0a-2e09b37892fe,
05uue,Ishmail Wainright,ishmail wainright,,SF,5477,7fd7fc72-da84-4dfc-875b-daa11228f575,
06229,Ismael Kamagate,ismael kamagate,,C,5711,697d7f19-3659-4d83-9bdd-6995e3455880,
04qsl,Issuf Sanon,issuf sanon,,PG,4463,,6055
03llv,Ivan Rabb,ivan rabb,,PF,4102,,5848
0623i,Iverson Molinar,iverson molinar,,PG,5729,7f697fb7-0a1d-4fec-b8b7-f06a6622aa6a,
042nt,Ivica Zubac,ivica zubac,IND,C,3888,2da18268-82d4-4b40-a296-7ceddd435d0b,5663
064s9,Izaiah Brockington,izaiah brockington,,PG,5773,852e34ff-2735-4d9a-895c-cb45978ae13a,
076u9,Izaiyah Nelson,izaiyah nelson,ORL,PF,7006,45d5470e-c83b-4282-beb8-3eb822778a91,
048zw,J.J. Avila,jj avila,,SF,4026,,5750
04xhr,J.P. Macura,jp macura,CLE,SG,4502,,6124
03r8b,J.P. Tokoto,jp tokoto,,SF,3714,,5518
051oi,Ja Morant,ja morant,POR,PG,4761,9983bed6-e53c-4c65-a90a-51546a0e3352,6164
04exj,Jabari Bird,jabari bird,,SG,4200,,5869
03kqr,Jabari Brown,jabari brown,,SG,3613,,5397
02v2t,Jabari Parker,jabari parker,,PF,3573,e58c5e0e-f1f5-4685-9ff2-7197f9330bea,5293
06212,Jabari Smith,jabari smith,HOU,PF,5643,293be24b-3a94-40b2-a7a4-a1dd788302e9,
0622k,Jabari Walker,jabari walker,PHI,SF,5675,ff065b75-4031-474c-9610-c505db2ca63e,
03j8m,Jack Cooley,jack cooley,,PF,3503,,5381
076tr,Jack Kayil,jack kayil,NYK,PG,6996,1efefaa2-5d9e-4916-b5e9-7f9b12466ec3,
06muu,Jack McVeigh,jack mcveigh,,PF,4422,3ca39c51-c053-4e8e-a492-4abf0ef83fe4,
062sr,Jack White,jack white,,SF,5744,54a7404f-3173-4d3e-93ca-6571a183b9a6,
06mo8,Jackson Rowe,jackson rowe,,PF,6227,61ee95c1-2350-4154-880c-b68c661b7c57,
04qs5,Jacob Evans,jacob evans,,SG,4441,a5828e4a-7844-4e9c-ba68-6698094e7284,6039
065ut,Jacob Gilyard,jacob gilyard,,PG,5763,49aaa5a4-1bb3-4651-9249-b1c7ca0c09e2,
06cep,Jacob Toppin,jacob toppin,,SF,5902,a4f71454-3994-4994-a03d-1279da83989d,
04iy9,Jacob Wiley,jacob wiley,,PG,4203,,5887
072ah,Jaden Akins,jaden akins,,SG,6725,,
076tv,Jaden Bradley,jaden bradley,TOR,PG,6998,d067ce01-5e36-44ca-8dc6-cb34e81a8b30,
06220,Jaden Hardy,jaden hardy,LAL,SG,5374,a8d25a06-b47e-4a08-a945-7bf0dd945584,
06214,Jaden Ivey,jaden ivey,,SG,5696,ec887131-efba-43a0-ad0a-0757ab3f0399,
05qu0,Jaden McDaniels,jaden mcdaniels,MIN,PF,5221,aa5536d2-4d75-43fb-8df3-47fbf99d3b7c,
0663t,Jaden Shackelford,jaden shackelford,,G,5641,5135ebcd-58f0-4719-a156-0a4d48860130,
05uj2,Jaden Springer,jaden springer,,PG,5407,9fff97c3-676d-4c27-ab63-8d02540bb008,
02nfy,Jae Crowder,jae crowder,,PF,3324,db74c5dd-08bd-41a5-99ba-328e9b18aeb5,5068
06psp,Jaedon LeDee,jaedon ledee,,SF,,28a0b7ba-c83f-4171-85f1-58d53890b146,
05qve,JaeSean Tate,jaesean tate,HOU,SF,4599,1c7e3ee9-c6cd-4e1d-9efe-81fb1b2d4b69,
03ad1,Jahlil Okafor,jahlil okafor,,C,3742,a47ac0db-084a-4620-95e8-812c6168cf8d,5434
05qye,Jahlil Tripp,jahlil tripp,,F,5305,53c9efad-fafb-41f6-a56f-add99f495f28,
06vxq,Jahmai Mashack,jahmai mashack,MEM,SG,6647,c2f67310-b2e2-4e89-a1f9-303e836b1415,
06ps5,Jahmir Young,jahmir young,MIA,PG,6377,d000cb41-2c64-4eb1-9f06-7dc94d63ba03,
05qtx,Jahmius Ramsey,jahmius ramsey,,SG,5252,d919df6a-d871-4394-aad5-bbb0e7eb489f,
07240,Jahmyl Telfort,jahmyl telfort,,PF,6669,0e960f68-4dfe-4dc3-bd18-16cc7ad64168,
05uxy,Jaime Echenique,jaime echenique,,C,5146,1777eacb-6918-48fb-8870-3c522d7824a5,
06cbx,Jaime Jaquez,jaime jaquez,MIL,SF,5960,4b7ecb2a-ec19-4984-9472-92edf7e17acb,
03ku5,JaKarr Sampson,jakarr sampson,,SF,3650,7a3749f6-b03a-49eb-9e1d-07b897bd0b2d,5417
0621i,Jake LaRavia,jake laravia,LAL,PF,5694,cbea1c03-1ac9-4afa-8fdc-2d7155ea5583,
042o6,Jake Layman,jake layman,,SF,3913,ce08115e-5e01-4fdc-991d-5d0f4db3eb9f,5678
06hso,Jake Stephens,jake stephens,,C,6072,2e5cf4ad-439c-401f-8930-ed2660f309e8,
05qz0,Jake Toolson,jake toolson,,SG,5187,1d9705c7-acad-422c-a3ae-c390f2027d2a,
059cf,Jakeenan Gant,jakeenan gant,,SG,4885,,6295
042n6,Jakob Poeltl,jakob poeltl,TOR,C,3870,e1b3d3d5-b4b1-481a-b5b9-efe4231f48bf,5640
06mkb,JaKobe Walter,jakobe walter,TOR,SG,6261,3d186345-1517-446d-b4bf-8707fc77f093,
076uk,JaKobi Gillespie,jakobi gillespie,SAS,PG,7003,0d4548e4-5280-4906-8088-46c6ffa33193,
049lf,Jaleel Cousins,jaleel cousins,,C,4030,,5759
059ch,Jalen Adams,jalen adams,,PG,4770,,6297
06238,Jalen Adaway,jalen adaway,,SG,5742,3a008703-4bc7-40da-ac73-ee5679619946,
06mma,Jalen Bridges,jalen bridges,,SF,6290,3a692a4b-19d9-4087-9e91-1479dd0245dd,
04qsa,Jalen Brunson,jalen brunson,NYK,PG,4405,8d3edba8-9004-4199-9328-cc2208e8b0d3,6044
05xni,Jalen Crutcher,jalen crutcher,,PG,5454,a7e0ef8d-25c0-4865-b8f1-044f1d6528ff,
0621c,Jalen Duren,jalen duren,DET,C,5703,00fb2704-aa25-4ef7-8972-cde454810810,
05uic,Jalen Green,jalen green,PHO,SG,5230,9a331092-35db-456c-a44a-d5b80a02ebe9,
05qso,Jalen Harris,jalen harris,,SG,5194,3cd9ae88-bc3f-4c6f-b2b1-94ef41cc60c7,
06cce,Jalen Hood-Schifino,jalen hood-schifino,,SG,5897,c8e15c45-76d9-45ad-908e-9bea625782bb,
067x0,Jalen Johnson,jalen johnson,,SG,5869,,
05uiu,Jalen Johnson,jalen johnson,ATL,SF,5329,d222539f-fa52-4070-807f-d3aba372f46d,
0484k,Jalen Jones,jalen jones,,SF,4081,,5732
0524h,Jalen Lecque,jalen lecque,,SG,4835,c2ca08ca-0ed5-418c-bf13-99fcb697566d,6251
051pw,Jalen McDaniels,jalen mcdaniels,,SF,4908,2e1e9cc8-b30b-490c-bd6a-a718340a371a,6240
06ccy,Jalen Pickett,jalen pickett,DEN,SG,,57551d80-b1c9-42a2-a882-e0c06aa6f951,
06cdk,Jalen Slawson,jalen slawson,IND,SF,6034,eef775a3-9634-47bc-95bf-a438c9d6dce8,
05qty,Jalen Smith,jalen smith,CHI,C,5169,689cb3b0-a7cc-45b5-860d-007597029c8c,
05uif,Jalen Suggs,jalen suggs,ORL,PG,5379,6dda6e0a-4b74-4486-80cd-5f9a8d93d1ba,
0621b,Jalen Williams,jalen williams,OKC,SG,5687,62c44a90-f280-438a-9c7e-252f4f376283,
06cdc,Jalen Wilson,jalen wilson,ATL,PF,5926,73d92041-1258-4f1f-8bd3-55e07407115b,
031mr,Jamaal Franklin,jamaal franklin,DEN,SG,3448,,5211
0661b,Jamal Cain,jamal cain,ORL,SF,5796,a3c4745f-461b-47d4-87db-887ac81fe5e7,
042n4,Jamal Murray,jamal murray,DEN,PG,3882,685576ef-ea6c-4ccf-affd-18916baf4e60,5638
06mlr,Jamal Shead,jamal shead,TOR,PG,6296,c5df8387-9b94-4109-bcf5-96d850e994a9,
0623l,Jamaree Bouyea,jamaree bouyea,PHO,PG,5725,18c4bd7c-e293-4c0a-95d4-5e9983d301b3,
06nz5,Jamarion Sharp,jamarion sharp,LAC,C,6376,9c92c396-d1dc-48ab-b03b-3c1c46729740,
048tg,Jameel Warney,jameel warney,DAL,SF,3956,,5737
06moh,Jameer Nelson,jameer nelson,,PG,6364,673e94ef-0275-484c-b631-b0f18d7d6185,
04k0p,Jamel Artis,jamel artis,,SF,4208,,5907
06pw4,James Akinjo,james akinjo,,G,5813,c6b90eeb-390e-43eb-834e-6cb9c2cd969a,
05xo0,James Banks,james banks,,C,5498,7989b729-40bd-45a8-8966-1202d54cf741,
04fke,James Blackmon Jr.,james blackmon,,SG,4255,,5912
05uil,James Bouknight,james bouknight,,SG,5383,657adf7e-101e-495f-8e37-3790c37f39fd,
031n0,James Ennis,james ennis,,SF,3481,4cbe58e4-5e4b-46b0-9f7b-6cf18ad002c6,5220
01eo6,James Harden,james harden,CLE,PG,3018,a52b2c84-9c3d-4d6e-8a3b-10e75d11c2bc,4563
01en7,James Johnson,james johnson,,PF,3021,1f0687ca-c8f2-4c71-8306-8a18cbf6cc60,4621
03jvs,James Michael McAdoo,james michael mcadoo,,PF,3631,,5385
06cbj,James Nnaji,james nnaji,,C,5959,301d7861-ce5f-4cd9-958b-fb52f66d4db7,
0393n,James Nunnally,james nunnally,,SF,3555,2e663dab-1632-462a-a113-dbe35ef65f2e,5281
059qa,James Palmer Jr.,james palmer,,SG,4927,,6333
0389e,James Southerland,james southerland,,SF,3509,,5243
0484j,James Webb III,james webb,,SF,3875,,5731
05qu1,James Wiseman,james wiseman,,C,5100,5228b552-2eb0-4476-96c2-f3c9f82a7a35,
03aq0,James Young,james young,,SG,3584,0bf197ae-6f88-4ce6-ace0-50a20b98f847,5328
06v89,Jamir Watkins,jamir watkins,WAS,SG,6573,c0ec993e-16ee-48e8-b410-05690b1c17b6,
06q2e,Jamison Battle,jamison battle,TOR,SF,6323,b2703497-74ba-458f-84da-a3c145bcfe79,
05wvv,Jamorko Pickett,jamorko pickett,,SF,5480,68e0230c-6006-484e-be36-8903b6cba0df,
06mom,Jamuni McNeace,jamuni mcneace,,C,,42091ca2-62b5-41ec-8cef-551330cddd64,
03927,JaMychal Green,jamychal green,,PF,3338,2bd97a34-ced9-4413-bfaa-94dbafaa0fdd,5262
05wc6,JaQuori McLaughlin,jaquori mclaughlin,,PG,5427,f5b3e69d-b4cf-4d76-8d9c-d448baf8ae54,
06cab,Jarace Walker,jarace walker,IND,PF,5933,6fd99205-e159-4ff2-b291-80fb2d067bb3,
05uje,Jared Butler,jared butler,,SG,5295,0d9cd878-b94e-4daa-9848-dee6d950f1a5,
02nfo,Jared Cunningham,jared cunningham,,SG,3345,4b9ea469-6408-431c-862e-662aefecea7b,5058
059ij,Jared Harper,jared harper,,PG,4769,a8b03e00-39c4-4e9b-bb7b-08f5027ceaf9,6322
06mk8,Jared McCain,jared mccain,OKC,SG,6266,2646b0b2-4aa8-40f8-ad9d-f0e97590c8d8,
063d0,Jared Rhoden,jared rhoden,,SG,5658,09a90226-6869-41b5-9bfe-78a53e75292b,
02nfl,Jared Sullinger,jared sullinger,,C,3298,,5055
04xhw,Jared Terrell,jared terrell,,PG,4525,,6130
03ku7,Jarell Eddie,jarell eddie,,SG,3699,,5419
03r7j,Jarell Martin,jarell martin,,PF,3715,,5485
04qrj,Jaren Jackson,jaren jackson,UTA,C,4384,3e492a6a-ed3c-499d-b3f5-ff68ca16f6fd,6015
06hsk,Jarkel Joiner,jarkel joiner,,PG,5912,897753fd-3b91-4879-bcde-8415297e6869,
03e71,Jarnell Stokes,jarnell stokes,,PF,3622,,5346
04exm,Jaron Blossomgame,jaron blossomgame,,SF,4134,,5872
076u5,Jaron Pierre,jaron pierre,NOR,SG,6959,c0168c11-0e21-46a0-96be-6db14e6e918b,
04qsi,Jarred Vanderbilt,jarred vanderbilt,LAL,PF,4458,0b79911f-cd24-46d1-9b05-49fe937aa75e,6052
051pu,Jarrell Brantley,jarrell brantley,,PF,4934,9208711c-a497-4400-8f4a-42b886c19b72,6238
04ewm,Jarrett Allen,jarrett allen,CLE,C,4122,a3fff5c7-19b6-4dac-bd75-11b944bea505,5835
051om,Jarrett Culver,jarrett culver,,SG,4813,48a26195-2be6-4c2d-ba55-81c8126e9774,6168
04576,Jarrod Uthoff,jarrod uthoff,,SF,3920,acf0cacb-9fc7-408b-9315-9742db34cd60,5705
05ya0,Jarron Cumberland,jarron cumberland,,SG,5150,18894195-958c-4ebe-963e-e503c7fe15ba,
03zl0,Jarvis Threatt,jarvis threatt,,PG,,,
06v5j,Jase Richardson,jase richardson,ORL,SG,6545,3ac2181f-3bec-4ffc-809f-30f2357b36c1,
05uj7,Jason Preston,jason preston,,PG,5429,bfe2a85f-6d49-406e-88a1-2a38a66e8cfb,
06hht,Javan Johnson,javan johnson,,SF,6083,701149f9-7fe3-40a0-9c5f-46ae774991d6,
06304,Javante McCoy,javante mccoy,,SG,5678,5e9aeef6-c0ce-481b-a52a-03c9f984b661,
05qys,Javin DeLaurier,javin delaurier,,C,5311,4d12e8ed-8ef5-45a7-a6a8-39f3b49a1ae1,
059fs,Javon Bess,javon bess,,SG,4896,,6306
062k1,Javon Freeman-Liberty,javon freeman-liberty,,PG,5657,6830096d-0ede-42a9-9b55-a1388760f786,
06v8e,Javon Small,javon small,MEM,PG,6581,d1951755-732a-453b-bede-69ff9e5a595c,
06fzs,Javonte Cooke,javonte cooke,,SG,5871,657f2b36-208f-4bbe-a64a-c6cf6a76be72,
0558v,Javonte Green,javonte green,DET,SG,4588,252f4b13-6abb-45dc-ae85-f822b817cb51,6269
05wqq,Javonte Smart,javonte smart,,PG,5361,333806d9-a0e2-40dc-8f06-d644ae87d2f2,
04ex2,Jawun Evans,jawun evans,,PG,4101,,5852
051oo,Jaxson Hayes,jaxson hayes,UTA,C,4771,582db35d-33ae-4913-9bb3-5de4fb763e46,6170
05uup,Jay Huff,jay huff,IND,C,5339,1d1fa699-a455-4082-9df8-f97dbb0ca678,
05qsy,Jay Scrubb,jay scrubb,,SG,5117,0136fab0-7372-4c87-91b4-7c98c77c7d8f,
076t8,Jayden Quaintance,jayden quaintance,SAS,PF,6985,e5dd43a0-d89b-4fcf-b9ab-a2c0b22fccae,
04rvy,Jaylen Adams,jaylen adams,,PG,4483,10a4ebb7-7be4-4fda-b7c7-fd20a6e7a6c0,6118
04xhp,Jaylen Barford,jaylen barford,,PG,4529,,6122
03lls,Jaylen Brown,jaylen brown,PHI,SF,3894,ffc5579c-783f-4d62-80ab-3c3dcb05a27d,5602
06cd9,Jaylen Clark,jaylen clark,MIN,SG,5972,a34ec970-f4a1-47a3-98a1-51ff5e92a443,
051q0,Jaylen Hands,jaylen hands,,PG,4763,,6244
0522u,Jaylen Hoard,jaylen hoard,,SF,4859,0ff2f0c4-9adb-4965-a8f2-d34e9f565e5f,6249
04lbu,Jaylen Johnson,jaylen johnson,,SF,4152,,5929
06ceo,Jaylen Martin,jaylen martin,,SF,6015,1cc0577e-a011-4b08-a6a8-216765672f08,
04mx3,Jaylen Morris,jaylen morris,,SG,4292,324dc7fd-d9db-4cec-83d5-a45ad5a27af1,5954
051pn,Jaylen Nowell,jaylen nowell,,SG,4803,6e16fada-c4ba-42af-ab1d-aca511a6c684,6231
064s6,Jaylen Sims,jaylen sims,,SG,5805,3c45d3fd-b936-40b0-bf65-7ddf5b994ad0,
06mll,Jaylen Wells,jaylen wells,MEM,SG,6305,f2d36d30-3544-41cb-831d-afec9e256418,
06kv0,Jaylin Galloway,jaylin galloway,,SF,6095,6331dc61-03d4-4e96-adc3-1079db6da054,
076ur,Jaylin Sellers,jaylin sellers,CHI,PG,6934,4f625539-29b7-46d1-a746-8d37ad830807,
06ps6,Jaylin Williams,jaylin williams,,F,6321,75fc24e4-3203-4aaa-b3c7-c31387819d1a,
0621x,Jaylin Williams,jaylin williams,OKC,PF,5690,4965ef48-7aa9-4eae-a923-5023ff7ab1eb,
06mkc,Jaylon Tyson,jaylon tyson,CLE,SG,6277,90b52759-3f0e-4d93-b5ca-fcb53afce857,
05ybc,Jaysean Paige,jaysean paige,,PG,5068,331c9084-d375-42c4-985b-08222a6af6d4,
073rx,Jayson Kent,jayson kent,POR,SF,6823,22031e11-d6b9-476c-8198-040db9ce09af,
03xmv,Jayson Tatum,jayson tatum,BOS,PF,4108,98136da3-452f-49dc-a794-1ee9c76443f2,5765
06hi9,Jazian Gortman,jazian gortman,,PG,5975,f84e8c8e-4aeb-463d-b804-0cbbd74300e6,
06mp1,JC Butler,jc butler,,F,,aa1aa74f-f91c-48b1-98eb-f4f15005625d,
0622g,JD Davison,jd davison,HOU,PG,5642,6e468041-8174-4161-8c1d-8ac620e0cbb0,
05wkd,Jeff Dowtin,jeff dowtin,,PG,5132,2d2017ed-9196-434e-9fb4-9bb904bda4ab,
001ax,Jeff Green,jeff green,,PF,2818,b9155864-4192-4ad7-8652-57a0844c87b3,4247
04vu1,Jeffrey Carroll,jeffrey carroll,,SG,4490,,6091
04za3,Jemerrio Jones,jemerrio jones,,SF,4645,5652cf6c-ed82-4af4-8036-110169212c00,6160
03aq2,Jerami Grant,jerami grant,MEM,PF,3588,5b315e15-6633-4ce2-8200-71b821553314,5350
06v5g,Jeremiah Fears,jeremiah fears,NOR,PG,6546,26ad516e-5b80-4d33-a40a-b0dfacbaa992,
052c4,Jeremiah Martin,jeremiah martin,,PG,4881,37516b6f-20e2-4204-aeb5-9c5b4ac1c6f3,6257
05uj6,Jeremiah Robinson-Earl,jeremiah robinson-earl,,PF,5411,709a47f0-270b-46b0-8089-be42c4f9ebc3,
05xnb,Jeremiah Tilmon,jeremiah tilmon,,C,5351,a5a6d4cd-8501-4f72-be98-3ccc1ee7f084,
02nfc,Jeremy Lamb,jeremy lamb,,SG,3319,8d80f6fc-a7ac-48cf-bcd8-516d57acbbfe,5018
04jw7,Jeremy Morgan,jeremy morgan,,SG,,,5897
06218,Jeremy Sochan,jeremy sochan,POR,PF,5702,4d9e0abc-05aa-45de-be32-b0770697416a,
0666a,Jeriah Horne,jeriah horne,,F,5812,b6a1574a-7872-426d-a42d-6107c35dc9af,
03r7g,Jerian Grant,jerian grant,,SG,3649,b7bffcc9-dad4-4363-b2db-41d2c25475b5,5479
05ujw,Jericho Sims,jericho sims,MIL,C,5389,56003e58-6b25-4f22-9d97-020b3d1f6616,
0666c,Jermaine Samuels,jermaine samuels,,SF,5753,483b2172-e415-49ea-940b-4c4db5e58a52,
04qrq,Jerome Robinson,jerome robinson,,SG,4444,befc2559-ffb9-46ab-b3cb-2a9844c5fe4d,6024
03kuc,Jerrelle Benimon,jerrelle benimon,,PF,3682,,5424
06mq1,Jesse Edwards,jesse edwards,,C,6306,1b807c23-716f-4117-bc86-35553ced0cac,
06cc6,Jett Howard,jett howard,DAL,SF,5914,ad5c19d3-1cce-4124-aeb9-dc15b3d0a851,
04qs9,Jevon Carter,jevon carter,ORL,PG,4456,79cd9581-3aaa-484c-a8b1-a349cdc5c34c,6043
027pe,Jimmy Butler,jimmy butler,GSW,SF,3231,0e163d44-67a7-4107-9421-5333600166bb,4912
06mo5,Jimmy Whitt,jimmy whitt,,PG,,e5e94108-feea-4440-8292-95dfdbe469e3,
03siq,JJ OBrien,jj obrien,,SF,3819,,5533
06v5m,Joan Beringer,joan beringer,MIN,PF,6576,24a0f5aa-209a-4d54-91db-bddecc37f87e,
05uuq,Jock Landale,jock landale,ATL,C,4562,02dc6e18-95a4-4919-b4fc-f8a981ccd359,
04xhq,Joe Chealey,joe chealey,,PG,4612,77cd0eac-afc3-4791-94cf-f8ebfab0a88b,6123
03e6z,Joe Harris,joe harris,,SG,3636,766d6b8b-4211-46a3-ae57-2c1c915e538b,5344
03kqi,Joe Ingles,joe ingles,,SF,3689,5b297372-b2af-445e-a4bc-777982dbc1e3,5393
05ujf,Joe Wieskamp,joe wieskamp,,SF,5410,d1f4f8f6-1b69-4224-a9d6-a1c565fa2e7e,
03r7x,Joe Young,joe young,,SG,3717,,5503
05uur,Joel Ayayi,joel ayayi,,SG,5408,5361a30e-2e3e-43d5-8340-265330cd7ef1,
04vu0,Joel Berry II,joel berry,,PG,4489,,6090
042ob,Joel Bolomboy,joel bolomboy,,PF,3897,,5683
03al2,Joel Embiid,joel embiid,PHI,C,3572,bf9ad0fd-0cb8-4360-8970-5f1b5cf3fa8d,5294
06ceq,Joey Hauser,joey hauser,,SF,6006,8b430868-a777-4371-a46b-4f6f0ef10fda,
031n5,Joffrey Lauvergne,joffrey lauvergne,,C,3489,,5225
065vc,John Butler,john butler,,C,5712,905ec639-5ce0-4e2c-8105-bb62bede929f,
04ewk,John Collins,john collins,DET,PF,4159,28a2e698-9f33-4d4d-9a5d-9bea66ee42a1,5832
059g6,John Egbunu,john egbunu,,C,4377,,6320
02nfe,John Henson,john henson,,PF,3308,c555e067-c4d5-43f6-99af-716b6005cbba,5020
02nfn,John Jenkins,john jenkins,,SG,3331,,5057
05293,John Konchar,john konchar,UTA,SG,4864,906578a8-c01e-4799-a972-2b47e02108b9,6255
05xog,John Petty,john petty,,SG,5421,0eb97925-ab88-4eb6-b3be-046aae4a75e0,
0723c,John Poulakidas,john poulakidas,DAL,SG,6636,6d4ce277-bc3e-4d24-82d4-5366c48e4cdd,
06v8j,John Tonje,john tonje,POR,SG,6570,cf4d4c23-9ccc-4cf3-b620-9749a8e65064,
01sc8,John Wall,john wall,,PG,3097,6769d1ca-0581-48b0-b487-b5c87b8f696e,4716
04fj7,Johnathan Motley,johnathan motley,,PF,4173,190c3a54-357c-4aed-8b82-737c57255bc3,5882
04xgk,Johnathan Williams,johnathan williams,,PF,4488,446bf9e1-c847-4b03-a840-67e074068945,6115
0724o,Johnell Davis,johnell davis,,PG,5991,d1cc4afe-b1c5-45e6-b136-ae0de7463c61,
06v81,Johni Broome,johni broome,LAC,PF,6566,2edce68b-39ae-4307-9136-8b31b5222039,
06219,Johnny Davis,johnny davis,,SG,5637,51551f58-fc52-4403-abe5-4f5614804312,
06mlh,Johnny Furphy,johnny furphy,IND,SG,6272,222364c7-dae9-44db-830d-cdece37e174d,
04xid,Johnny Hamilton,johnny hamilton,,C,4603,241331b6-72de-4480-bebd-69e39ecfd0c3,6135
0623d,Johnny Juzang,johnny juzang,,SG,5743,5cc6d4d4-e4d5-42b7-b431-cecbc55bf023,
03e72,Johnny OBryant III,johnny obryant,,PF,3615,44ec1037-795f-4a4a-92c2-004d5bd4f3e6,5347
06moy,Joirdon Nicholas,joirdon nicholas,,F,6231,11af451d-a687-46b6-afd8-d71c0f19ae1b,
059u3,Jon Davis,jon davis,,PG,4999,,6338
05qzo,Jon Teske,jon teske,,C,5216,1276c827-a18c-4f5d-bfbb-7dacbebe8184,
04ewz,Jonah Bolden,jonah bolden,,PF,4059,,5849
027oo,Jonas Valanciunas,jonas valanciunas,,C,3190,c8788ad2-89f7-4ec9-a22b-dcaf6190889b,4886
03trr,Jonathan Holmes,jonathan holmes,,PF,3756,,5538
04ewb,Jonathan Isaac,jonathan isaac,ORL,PF,4103,776679a3-c1d8-4463-99b1-61024008a3ed,5768
049s7,Jonathan Jeanne,jonathan jeanne,,C,,,
05uih,Jonathan Kuminga,jonathan kuminga,,PF,5287,b27687c1-55bb-49e6-9c5b-96a099fda7b7,
06mld,Jonathan Mogbo,jonathan mogbo,SAC,PF,6310,bdc15a29-e40d-49d1-a0a8-d21e95221e23,
07235,Jonathan Pierre,jonathan pierre,,SF,6659,ea10b201-5389-468f-a2b9-b459fecc399f,
04xhv,Jonathan Stark,jonathan stark,,PG,4626,,6129
03se0,Jonathon Simmons,jonathon simmons,,SG,3788,,5526
05gwp,Jontay Porter,jontay porter,,PF,4809,0eefc0d4-47bf-4280-aef3-e65b5c88e8be,6354
03e6q,Jordan Adams,jordan adams,,SG,3670,,5333
03wr5,Jordan Bachynski,jordan bachynski,,C,3640,,5584
04vy3,Jordan Barnett,jordan barnett,,SF,4600,,6099
04ex1,Jordan Bell,jordan bell,,C,4154,11bda3d9-55a2-4489-928a-1648e6231784,5851
051q1,Jordan Bone,jordan bone,,PG,4832,5693e39f-fb95-4fcc-877e-e131270bcb02,6245
05qyz,Jordan Bowden,jordan bowden,,SG,5141,32380b50-00e6-4d77-ba9a-2e6e746e7514,
05xok,Jordan Burns,jordan burns,,PG,5501,0feea818-8835-4793-b02f-bca275346ab7,
052u4,Jordan Caroline,jordan caroline,,SF,4945,,6265
03byk,Jordan Clarkson,jordan clarkson,NYK,SG,3614,03d77214-5780-4715-8df2-13de3af5ea2d,5357
05qzf,Jordan Ford,jordan ford,,PG,5312,2dc2237f-c0ec-402c-b607-11f049a26894,
05ux3,Jordan Goodwin,jordan goodwin,PHO,PG,5460,0b9bab33-66c3-4e01-b91e-df6b8c40ea2b,
06303,Jordan Hall,jordan hall,,SG,5726,ea1232cf-b2e1-4d56-8ad9-bd7e3a071486,
06ca9,Jordan Hawkins,jordan hawkins,NOR,SG,5935,1d7e4639-11b4-4358-96cb-028bfb166e64,
04uq4,Jordan Loyd,jordan loyd,,PG,4564,,6081
04xhz,Jordan McLaughlin,jordan mclaughlin,SAS,PG,4533,bde7f42e-7296-453d-bcba-cac6fad2d03f,6133
03e7m,Jordan McRae,jordan mcrae,,SG,3638,8f6cd02e-f153-4fd6-ae64-5de2e3d677af,5370
03r7n,Jordan Mickey,jordan mickey,,PF,3716,,5493
06ccw,Jordan Miller,jordan miller,LAC,SF,6018,9f25f9f8-6028-4f4b-8e05-48b43272c167,
059cx,Jordan Murphy,jordan murphy,,SG,4837,,6304
05qt6,Jordan Nwora,jordan nwora,,SF,5162,c7a6b9c5-c600-49d9-b7be-e2b12b464e40,
051p8,Jordan Poole,jordan poole,NOR,SG,4791,2ed2f76f-5a2f-4d79-ab7c-e84a8a42dc21,6216
05x7g,Jordan Schakel,jordan schakel,,SF,5348,e90b4871-89d6-4c05-92ea-319da1ae5132,
03wox,Jordan Sibert,jordan sibert,,SG,3830,,5562
06mov,Jordan Tucker,jordan tucker,,SF,5275,fa595a91-0e23-48e6-a2bc-a02512efb329,
06fk6,Jordan Walker,jordan walker,,PG,6084,3bfff34c-45bc-496d-8710-cf6e037f8116,
06cd1,Jordan Walsh,jordan walsh,BOS,PF,5942,59f3c089-7642-4792-99a2-97795c3d7648,
05uul,Jose Alvarado,jose alvarado,NYK,PG,5424,8d6caab5-3a9a-4994-bde0-9fe14032efd7,
05uiy,Josh Christopher,josh christopher,,SG,5335,8121242f-45a6-4632-b8ae-f0846a45016a,
076u8,Josh Dix,josh dix,OKC,SG,6937,b6151281-f987-4b8a-b06a-2f4704487840,
05uig,Josh Giddey,josh giddey,CHI,PG,5366,66ea876a-1cc9-47ed-ae31-2ed3c8f9350e,
04mr6,Josh Gray,josh gray,,PG,4250,8435275f-0677-46d7-8f85-3e87cef2ad73,5952
05qti,Josh Green,josh green,MIN,SG,5192,bda65c13-f2d4-43ec-b058-b7807bec4867,
05qzm,Josh Hall,josh hall,,SF,5299,223f442f-145f-40b5-aa7a-2fc1b465eb8a,
04ewu,Josh Hart,josh hart,NYK,SG,4136,d6fbf8f8-bb4a-43f7-95f6-498a5e042138,5843
03e6w,Josh Huestis,josh huestis,,SF,5552,,5340
03llx,Josh Jackson,josh jackson,,SF,4129,05204575-e093-44ee-869c-7668ca6995d6,5766
03zl4,Josh Magette,josh magette,,PG,4091,,5756
06228,Josh Minott,josh minott,BKN,SF,5709,c4cf8fb6-b7de-45f2-b9f9-9365b8f2f2ed,
06qfk,Josh Oduro,josh oduro,NOR,PF,6349,0a5c9ca2-d58f-4989-8cfc-de981a3e2d07,
04qrx,Josh Okogie,josh okogie,UTA,SG,4436,1938fb4b-347a-43fd-ba41-1abdb9540699,6031
059fw,Josh Perkins,josh perkins,,PG,4942,,6310
055ok,Josh Reaves,josh reaves,,SG,4876,f3c13f34-9d54-4595-8643-a63beff67d15,6273
03r7u,Josh Richardson,josh richardson,,SG,3770,ef11cca9-6605-44e8-943e-193c7b821465,5500
076tj,Joshua Jefferson,joshua jefferson,BKN,PF,6992,3ffd8189-d5c1-4cef-b93e-9502b8fc6b9d,
05uim,Joshua Primo,joshua primo,,SG,5405,b9901d15-7253-4654-a4c3-5ab9fea39f7c,
06moo,Josiah-Jordan James,josiah-jordan james,,G,,672026fa-c5bb-48e5-8754-f650f22e6bca,
01eo9,Jrue Holiday,jrue holiday,POR,PG,3029,65700e81-3aa0-49a9-8a94-004f2cfb64e5,4622
05ujb,JT Thor,jt thor,,PF,5413,652f9ae3-0dbf-47c4-bad3-6474b6521134,
06mli,Juan Nunez,juan nunez,,PG,,0b08ae7b-54d4-44ed-951f-2e51568c8a61,
059q7,Juan Toscano-Anderson,juan toscano-anderson,,SF,4725,d1a3371b-8e83-4e52-910d-82e67efb64dd,6329
042nb,Juancho Hernangomez,juancho hernangomez,,PF,3892,c1ff3e58-266f-4183-9fa1-d7c914cf4886,5646
06mou,Judah Mintz,judah mintz,,SG,6295,9bef7d4a-742d-4adb-8ed5-21c60325525f,
05ujj,Juhann Begarin,juhann begarin,,SG,5395,98da4299-956f-4ede-a22a-960adb8b76e9,
065vd,Jules Bernard,jules bernard,,SG,5671,9c6135c7-fab6-45da-a2a2-8e174bb8acb0,
062dn,Julian Champagnie,julian champagnie,SAS,SF,5728,fa0e2b60-8ee9-4db6-b9bc-d0e23d6b29d2,
06cdf,Julian Phillips,julian phillips,HOU,SF,5978,9c1deadf-622c-4326-bd14-3e273b5e1e5a,
072af,Julian Reese,julian reese,WAS,SF,6653,5be520a5-5590-44ee-b763-3d3ce4505267,
06ca3,Julian Strawther,julian strawther,DEN,SG,5915,39111764-a140-4086-9220-fd4264d9072d,
03xmk,Julian Washburn,julian washburn,,SF,3844,,5595
03ajv,Julius Randle,julius randle,BKN,PF,3574,24c85a15-686e-4161-934b-40948188fa36,5318
03nwr,Justin Anderson,justin anderson,,SF,3718,0ffd6d00-1aa4-49e0-a85d-6a538417ff3b,5481
065uu,Justin Bean,justin bean,,SF,5752,76c6d03d-f51b-46c1-baaa-2de9557c5c1c,
04xif,Justin Bibbs,justin bibbs,,SG,4477,,6137
05uud,Justin Champagnie,justin champagnie,WAS,SF,5371,6d117ec5-649d-4151-8d44-88175c603067,
06mmc,Justin Edwards,justin edwards,PHI,SF,6274,41ed1b83-4a60-4d43-b985-3c8d239d4da6,
02ng9,Justin Hamilton,justin hamilton,,C,3359,,5079
04qsk,Justin Jackson,justin jackson,ORL,SF,4418,,6054
04ewg,Justin Jackson,justin jackson,,SF,4164,1c6ea43f-a36a-4222-86ab-504f4af6fb4e,5828
051pk,Justin James,justin james,,SF,4918,90f29118-aeb0-420b-9cd0-a6a94ad23abc,6228
0623f,Justin Lewis,justin lewis,,PF,5717,a9417876-748f-4f4d-ad40-2f29aba0df61,
06avs,Justin Minaya,justin minaya,,SF,5691,d35f38c6-bcd9-42c4-b93a-71332581353f,
04ewh,Justin Patton,justin patton,,C,4120,86e7ad15-9c26-4158-917c-02e1a3d6f1d4,5829
06gnp,Justin Powell,justin powell,,SG,5979,6b86eda9-8fae-4d3a-88d7-7c70da3ec7d3,
056ap,Justin Robinson,justin robinson,,PG,4894,1ccff2d9-b2d4-4a33-a429-b2a7c4600977,6279
03lgl,Justin Simon,justin simon,,SG,4828,,6331
05ya9,Justin Tillman,justin tillman,,SF,4501,9377f65c-cbc2-469f-bc18-854a56ec33b7,
051px,Justin Wright-Foreman,justin wright-foreman,,PG,4898,81d3ce4b-c47a-46f2-87aa-282cf4a6e82a,6241
05qu2,Justinian Jessup,justinian jessup,,SG,5190,92a251ba-9907-4cc8-8ceb-ad4a28b16559,
03nwi,Justise Winslow,justise winslow,,SF,3719,0e6ddc9f-4a7b-4d48-8033-998103edfb32,5470
03e6n,Jusuf Nurkic,jusuf nurkic,UTA,C,3580,a8b48aa9-cf98-4a87-8bba-e88eead8cdaa,5327
058a2,Juwan Morgan,juwan morgan,,PF,4874,b2a52646-bbd0-4dc0-82c0-8145d4b00b22,6284
03e6y,K.J. McDaniels,kj mcdaniels,,SF,3589,,5343
0728u,Kadary Richmond,kadary richmond,,SG,6639,f1c7bea5-de92-4e1a-b316-ae0b2f48846f,
04exg,Kadeem Allen,kadeem allen,NYK,SG,4199,,5866
03ku0,Kadeem Batts,kadeem batts,,PF,,,5412
05qyt,Kahlil Whitney,kahlil whitney,,SF,5193,83b48532-8c04-4423-8526-c0da0f79e1ca,
05uit,Kai Jones,kai jones,,C,5386,116f036d-9233-462b-80bc-3ede69b97706,
04xdt,Kaiser Gates,kaiser gates,,SF,4442,a2ddb4e5-6ffe-4677-9c76-a74057c869c6,6108
05qzn,Kaleb Wesson,kaleb wesson,,PF,5140,1f6b5b45-0a59-4b5f-bf74-8804b2f50571,
06v84,Kam Jones,kam jones,MIL,SG,6565,b159e65b-fd2f-415e-9cdd-46525e9897da,
076t3,Karim Lopez,karim lopez,MEM,SF,6915,6ee71211-fd63-4806-954a-dc828fb450c8,
05qy9,Karim Mane,karim mane,,PG,5248,de13265a-e5e1-499e-9832-432a6a2b4c66,
03ad3,Karl-Anthony Towns,karl-anthony towns,NYK,C,3741,ab532a66-9314-4d57-ade7-bb54a70c65ad,5432
0622f,Karlo Matkovic,karlo matkovic,NOR,PF,5737,f15e21e4-a83a-4263-aeda-d2ecd2ed6e25,
06v55,Kasparas Jakucionis,kasparas jakucionis,MIL,SG,6557,d0400039-111a-4b67-8666-4f29e0549a77,
059ci,Kavell Bigby-Williams,kavell bigby-williams,,C,4950,,6298
059vm,Kavion Pippen,kavion pippen,,C,4998,,6339
027oz,Kawhi Leonard,kawhi leonard,LAC,SF,3195,c12fb587-fc86-471c-8a84-19caf31325ce,4896
042od,Kay Felder,kay felder,,PG,3878,,5685
05qzl,Keandre Cook,keandre cook,,SG,5318,6a171e24-9662-49ba-bfce-82550cebdff8,
076tc,Keaton Wagler,keaton wagler,LAC,SG,6928,0d24a801-5621-4837-8f94-2429b7d19827,
065b8,Keaton Wallace,keaton wallace,ATL,PG,5453,22d1eb4b-c0de-49c8-9e11-866b9d98cca2,
06213,Keegan Murray,keegan murray,SAC,PF,5699,7494fbb4-5ac7-43ee-b91a-8859532f548b,
04xie,Keenan Evans,keenan evans,DET,PG,4459,,6136
03wqx,Keifer Sykes,keifer sykes,,PG,3720,4173ac8e-175c-4ea2-b531-f9e5fe8aa37e,5576
06pty,Keion Brooks,keion brooks,,SF,6384,f7d7de8d-b007-4ce8-82ba-4871cdb8ae1a,
06mpg,Keisei Tominaga,keisei tominaga,,PG,,00dcec69-10f8-40e3-836a-13908fee4eaf,
04qso,Keita Bates-Diop,keita bates-diop,,SF,4378,af3416bc-38fb-46ca-9b03-72a88d7fda35,6059
03kqq,Keith Appling,keith appling,,PG,3623,,5396
057a2,Kelan Martin,kelan martin,,SF,4528,ee25478a-0855-4f35-8e0d-2c4eb3466015,6281
051p9,Keldon Johnson,keldon johnson,SAS,SF,4782,190797ba-a6f4-4286-9d5e-d157ff834829,6217
06mk7,Kelel Ware,kelel ware,MIL,C,6275,f1e4fcb7-01c7-479f-8883-c33ac438690e,
059q8,Keljin Blevins,keljin blevins,,SG,4981,fb216550-66a6-4a14-9fe7-44852b5de91c,6330
062sq,Kellan Grady,kellan grady,,SG,5660,167bcbb7-7afb-4b66-95de-dc0b5c62a9bd,
049pk,Kellen Dunham,kellen dunham,,SG,3966,,5760
031m0,Kelly Olynyk,kelly olynyk,,C,3443,8e288d6e-50b8-404b-812b-823ae5bab61f,5164
03nwk,Kelly Oubre Jr.,kelly oubre,IND,SF,3721,7dfa0971-96be-4705-9811-f9f54758145f,5475
0622b,Kendall Brown,kendall brown,,SG,5716,298fa611-756c-4b05-8930-b5ff2fec5640,
06hdx,Kendric Davis,kendric davis,,PG,5992,670590da-3ba3-439e-93e1-a8a85061bea4,
04xgj,Kendrick Nunn,kendrick nunn,,PG,4496,d63b17e9-59a5-44e0-9bf9-4ad454052b10,6114
06221,Kennedy Chandler,kennedy chandler,,PG,5720,931f7ae2-4ce4-49e6-a3ad-e24790469fec,
04gwa,Kennedy Meeks,kennedy meeks,,C,4202,,5877
027p7,Kenneth Faried,kenneth faried,,PF,3203,,4904
06235,Kenneth Lofton,kenneth lofton,,PF,5727,7a19d2de-a807-4603-a122-b2908d924b6d,
059cn,Kenny Wooten,kenny wooten,,PF,4815,6d21cc20-c92e-4bc6-9311-36a0f115b72f,6303
04t8w,Kenrich Williams,kenrich williams,OKC,PF,4462,9318b4c1-49d0-40eb-8b76-1098e28133d2,6076
02qe4,Kent Bazemore,kent bazemore,,SG,3401,2c157857-fffd-4eb5-8e2a-b28ebea8da77,5102
031lv,Kentavious Caldwell-Pope,kentavious caldwell-pope,PHI,SG,3450,cecc054e-b9ec-4c71-8bbb-5ee665a8c3a9,5159
05qym,Kenyon Martin,kenyon martin,,SF,5116,48394746-ddaa-4e82-ae1a-2c87e3189b73,10101010
0623m,Keon Ellis,keon ellis,BKN,SG,5659,68a8c4ea-1d77-4a42-bea4-dbe9a162332a,
05uiv,Keon Johnson,keon johnson,,SG,5340,4e3d287a-49d4-4f1a-8f88-da3a5abb3e4a,
06mm8,Keshad Johnson,keshad johnson,,SF,6285,5ae05a68-db05-45ea-a4e7-87462cb576aa,
06hki,Keshawn Justice,keshawn justice,,SF,6157,d47a99c5-0183-4ed7-be0d-86431a206f35,
07234,Keshon Gilbert,keshon gilbert,ATL,SG,6656,da3bc9bb-9e33-4bf8-a388-2047053eab4d,
05uji,Kessler Edwards,kessler edwards,,SF,5419,c2ad9bcf-7920-46ce-a124-dc21e98ca72d,
06mos,Keve Aluma,keve aluma,,F,5749,c3ba6cd0-0cb0-4e4d-b5a4-5c68564dd527,
06mnx,Kevin Cross,kevin cross,,F,6372,9325c334-82d3-40ae-98ce-5041c03131ce,
001aw,Kevin Durant,kevin durant,HOU,PF,2811,53f2fa48-e61b-49fb-843d-8a3e872257eb,4244
04qsx,Kevin Hervey,kevin hervey,,PF,4460,435f01d1-10c2-4dab-bd2a-1f50c0834490,6068
04qrw,Kevin Huerter,kevin huerter,DET,SG,4449,858d255e-9a7b-4c7a-aac4-fc7cf3a5f238,6030
049kh,Kevin Knox,kevin knox,,SF,4398,239f0ff0-3d09-4991-bb67-ad8c8b7fd0cb,6020
005kd,Kevin Love,kevin love,,PF,2931,7d615ccd-db96-42a3-9a6c-7f18ea25634e,4391
06mm2,Kevin McCullar,kevin mccullar,NYK,SF,5983,106a6290-fe0d-47dd-8cc5-0a0e34a77165,
05wn0,Kevin Pangos,kevin pangos,,SG,5495,5705f1f0-1bc0-4c99-8069-9b9c503030e6,
051pa,Kevin Porter,kevin porter,MIL,SG,4773,ca5ad700-2ed9-453a-9abe-08eb8edb601c,6218
05qzd,Kevon Harris,kevon harris,,SG,5314,a9cd8509-6115-4408-bcec-19e88118b016,
03ad7,Kevon Looney,kevon looney,LAL,C,3722,ebb50069-6fdf-4c07-9a21-a63d5c814536,5490
06cd7,Keyontae Johnson,keyontae johnson,,SF,5963,29d7b4d4-5aaf-4668-820f-4ab9790cc930,
06cby,Keyonte George,keyonte george,UTA,PG,5899,4a4459df-6307-4d10-b4cd-c69e9bf8b11d,
06222,Khalifa Diop,khalifa diop,,C,5681,ec0db8a3-6ea4-4187-a661-1d1a44225c7c,
06v5f,Khaman Maluach,khaman maluach,PHO,C,6542,fc0c5adb-2e00-4b9b-9db2-338ed54be386,
03kdj,Khem Birch,khem birch,,C,3628,13ef372a-5fd1-4336-9901-12e120a5fbd7,5390
02ng3,Khris Middleton,khris middleton,WAS,SF,3356,4c362eee-6474-40ea-b1b4-d8f917f95175,5073
04qsf,Khyri Thomas,khyri thomas,,SG,4446,17541179-e1c9-4191-aefb-63f4c20daf48,6049
06hsm,Kihei Clark,kihei clark,,PG,6098,2059d5d3-63ad-4feb-899a-d9c9eabfacd1,
05qt9,Killian Hayes,killian hayes,,PG,5121,be886733-2368-474e-8225-18ff43c27d59,
05qwu,Killian Tillie,killian tillie,,C,5174,14c69fdb-d78f-4d9d-bd05-fdffdceb60a2,
076te,Kingston Flemings,kingston flemings,ATL,PG,6927,2bbd7145-6691-4cc1-bc9e-9faed2b16ce0,
05qtc,Kira Lewis,kira lewis,,PG,5242,6d717396-cfbb-43e0-a129-723839974a15,
06mlo,KJ Simpson,kj simpson,DEN,PG,6286,8f6ef350-1d9a-4eda-bee9-294d0e9e64db,
06hqr,KJ Williams,kj williams,,PF,6148,963eeb20-b32f-4867-8581-56a064c29819,
027ou,Klay Thompson,klay thompson,DAL,SF,3197,4e152a06-673e-4701-b115-aa7e2cd00d2d,4892
076tg,Koa Peat,koa peat,PHO,PF,6988,5be34d05-f364-49ce-ae82-435efcf2dafb,
06ca2,Kobe Brown,kobe brown,IND,PF,5957,83d5d358-9559-49fb-8cde-833d8d5eb108,
06ca4,Kobe Bufkin,kobe bufkin,NOR,SG,5892,a10a4352-53b3-47b6-a336-201dc9e8401e,
06v8g,Kobe Sanders,kobe sanders,LAC,SG,6619,1f665b2c-789e-4471-af7a-f86105f2466c,
04is8,Kobi Simmons,kobi simmons,,PG,4165,c494c5a5-3155-40b1-923e-da846c2e232f,5898
06v87,Koby Brea,koby brea,PHO,SG,6572,36d34864-f1f9-48f9-9cf1-bd7accc437c7,
06v5n,Kon Knueppel,kon knueppel,CHA,SF,6540,0b9a642d-d6f6-4c65-a7bd-d82e016e1b5d,
04qt0,Kostas Antetokounmpo,kostas antetokounmpo,,PF,4448,d1b4d512-869c-497d-b40f-c0215051645b,6071
02ngc,Kostas Papanikolaou,kostas papanikolaou,,SF,3339,,5082
042n2,Kris Dunn,kris dunn,LAC,PG,3854,56c796d6-74d3-4881-9166-7f528e2b67f6,5636
06ca5,Kris Murray,kris murray,MEM,SF,5943,af5e629a-6b79-46d9-9b58-dc9ec41a0bd0,
03el5,Kristaps Porzingis,kristaps porzingis,GSW,C,3669,3c5901ef-af1d-441d-aeed-8e0a93cead49,5464
03tru,KT Harrell,kt harrell,,SG,,,
059fx,Ky Bowman,ky bowman,,PG,4844,56fcb4a3-3a6c-4a82-8b12-704cb0428297,6311
076wf,Kylan Boswell,kylan boswell,CHA,PG,6976,94690059-eb58-46d8-b549-574ec03d1d8e,
052h3,Kyle Alexander,kyle alexander,,PF,4895,19c853fd-a4ed-470d-8b63-581a2d6ca1f5,6261
03aq3,Kyle Anderson,kyle anderson,TOR,SF,3586,2e49c27a-06c5-4c4a-87fd-69840b783947,5341
03wlh,Kyle Casey,kyle casey,,PF,3805,,5550
044ia,Kyle Collinsworth,kyle collinsworth,,SG,3958,,5700
06mle,Kyle Filipowski,kyle filipowski,UTA,C,6264,71b57f97-2ddd-4593-8111-c637e2b58ff8,
02wy0,Kyle Fogg,kyle fogg,,G,3416,,5118
051pz,Kyle Guy,kyle guy,,SG,4866,d12b3608-14dd-404e-8063-d822f1b2fbd5,6243
04ewr,Kyle Kuzma,kyle kuzma,MIL,PF,4167,4fae86e2-4f99-4247-af85-d917b4389d31,5840
0015b,Kyle Lowry,kyle lowry,,PG,2720,8c090758-6baa-468d-82fd-d47e17d5091b,4152
06hpm,Kyle Mangas,kyle mangas,,PG,6165,04194abf-f7b4-4011-a789-75674bf2f581,
02ngd,Kyle OQuinn,kyle oquinn,,C,3341,e58427b6-c42e-4bee-9556-4eed421d1cf7,5083
048yh,Kyle Wiltjer,kyle wiltjer,,PF,3921,,5741
065b7,Kyler Edwards,kyler edwards,,SG,5766,e310657c-a874-4e45-bdd4-5ff8839b56cc,
06pst,Kylor Kelley,kylor kelley,,C,5316,0895fe92-1b96-4593-8fc2-36da498cac81,
027oj,Kyrie Irving,kyrie irving,DAL,SG,3186,dd146010-902b-4ad7-b98c-650d0363a2f0,4840
06mkg,Kyshawn George,kyshawn george,WAS,SG,6269,0e03dd88-2c39-4b4a-8b47-0c3c8ba82305,
051pc,KZ Okpala,kz okpala,,PF,4839,77dc9e11-c422-4c1b-9545-0f487095891e,6220
07243,L.J. Cryer,lj cryer,GSW,PG,6644,bc19b036-9098-4d4c-bffd-1c27918a89e5,
05xoj,L.J. Figueroa,lj figueroa,,G,5459,d5828a39-cab6-4197-88e9-75094726636f,
04l1u,L.J. Peak,lj peak,,SG,4106,,5918
076sw,Labaron Philon,labaron philon,PHI,PG,6558,92892581-5b4f-4927-b280-a1f11692678b,
06vyb,Lachlan Olbrich,lachlan olbrich,CHI,C,,7924cc02-9fbb-4fd0-a036-0130084eb9b3,
076ua,Lajae Jones,lajae jones,GSW,G,6944,c5a86824-48cd-4006-837a-8a78a48c82c4,
059cm,Lamar Peters,lamar peters,,PG,4910,,6302
05qsj,Lamar Stevens,lamar stevens,,PF,5294,09fe0192-07af-4d2e-af28-9a5d08a1fd8c,
05qto,LaMelo Ball,lamelo ball,MIN,PG,5151,be53f27f-c666-4bd2-8fcd-0713f963aa2b,
05qz6,Lamine Diane,lamine diane,,F,5173,61ed1344-585a-46f0-8a64-8788f61a84e7,
0728s,Lamont Butler,lamont butler,,PG,6641,4b1bc335-9869-47f5-aa8d-7b1f01e82a1f,
06mon,Lance Jones,lance jones,,G,,479d171b-99b3-4845-8fb5-2c98187f1b0c,
01uza,Lance Stephenson,lance stephenson,,SF,3127,01e8f44f-f1ee-4d3a-86bd-c29d597ba9bd,4771
06hhm,Landers Nolley,landers nolley,,SG,6024,6e0b341f-2434-494f-878f-fc3d57b6faf3,
04lbv,Landry Nnoko,landry nnoko,,C,4015,,5930
04qs3,Landry Shamet,landry shamet,NYK,SG,4414,467f6843-4a9d-413b-9924-d2188d60e6fe,6037
03k50,Langston Galloway,langston galloway,,SG,3702,138f5c1f-b8e6-4e7c-b8ef-ecb7faa7b936,5388
038xh,Larry Drew II,larry drew,NOR,PG,3549,,5252
03r7l,Larry Nance,larry nance,IND,PF,3723,ad389979-d1d5-4f26-ad64-3e516b3373a3,5487
04azw,Lauri Markkanen,lauri markkanen,UTA,PF,4119,583d7994-36f9-4a9a-b527-c18704406981,5769
07232,Lawson Lovering,lawson lovering,,C,6744,b72c0b0f-48df-4724-920f-efde15dce017,
06dob,Leaky Black,leaky black,,SF,5953,a9aaa4a2-9997-49b3-b54e-bcf5ec66efe5,
05qsw,Leandro Bolmaro,leandro bolmaro,,SG,5234,9a572392-b36d-4abd-a52d-98bf7f47c87d,
0011e,LeBron James,lebron james,PHI,SF,2344,0afbe608-940a-4d5d-a1f7-468718c67d91,3704
06cei,Leonard Miller,leonard miller,CHI,SF,,7b526b14-5d50-411e-8bea-0ac7a8d0e8d7,
0623c,Lester Quinones,lester quinones,,SG,5669,09132733-2306-42e8-869e-2172ed2c77e0,
03wp0,Levi Randolph,levi randolph,,SG,3813,33e1c672-6968-435e-8dd4-608305de2c1f,5565
031mi,lex Abrines,lex abrines,,SG,3475,,5202
06v5o,Liam McNeeley,liam mcneeley,CHA,SF,6589,fa142a43-00a4-4e79-be7b-d469c09dfdd0,
06hil,Liam Robbins,liam robbins,,C,6040,2d1fa453-f7fb-4fe6-be1b-23885546969a,
05qz3,LiAngelo Ball,liangelo ball,,SG,5106,7c0d2897-7100-4c67-bc47-c0402ca71912,
0590m,Lindell Wigginton,lindell wigginton,,PG,4820,2276d4a4-0e05-4a10-bb25-fee58336bb87,6287
05yoh,Lindy Waters,lindy waters,,SG,5610,80328aab-9ce6-49c8-b3f2-f5bf73cdf319,
031me,Livio Jean-Charles,livio jean-charles,,SF,3469,,5198
04k4q,London Perrantes,london perrantes,,PG,4230,,5910
04qrv,Lonnie Walker,lonnie walker,,SG,4435,d58cf16b-7bf5-4fed-8b1e-61bad46fa43e,6029
049ka,Lonzo Ball,lonzo ball,,PG,4110,0f1de951-5a0e-4bc7-977c-8dafd0fbf121,5764
031n2,Lorenzo Brown,lorenzo brown,,PG,3462,,5222
059qc,Louis King,louis king,,SF,4790,3946a42e-7989-4c32-835c-789b50a01152,6335
05rzi,Luca Vildoza,luca vildoza,,PG,5368,7a5ac4a4-e00d-4b4c-9195-e02a613dd72a,
031m3,Lucas Nogueira,lucas nogueira,,PF,3208,,5186
065b9,Lucas Williamson,lucas williamson,,G,5786,7c9ba5c2-8df5-4fe9-97f0-18d53d6dafd8,
0527l,Luguentz Dort,luguentz dort,ATL,SF,4808,3f7e2350-e208-4791-98c2-684b53bb5a9a,6254
03rxk,Luis Montero,luis montero,,SF,3790,,5521
04kj6,Luka Doncic,luka doncic,LAL,PG,4396,d2ee92e9-3e72-45eb-b156-2dc5adc1e6f7,6014
05ujq,Luka Garza,luka garza,BOS,C,5423,8da31ebc-6614-4209-8685-5442bc09887b,
051oz,Luka Samanic,luka samanic,,PF,4915,714b4b97-6bfe-44ce-8875-a8ee494b32dc,6207
06mod,Luke Avdalovic,luke avdalovic,,PG,6199,6f9104d5-6759-4c85-9180-d3ab6f5ca684,
04ewd,Luke Kennard,luke kennard,PHO,SG,4123,a537047d-c29f-4dfe-99b0-3bac4e258dc7,5825
04jwb,Luke Kornet,luke kornet,SAS,C,4151,fed6929f-8d92-456c-8a89-9e0c17cf4f7b,5903
055c6,Luke Maye,luke maye,,PF,4902,,6272
0622j,Luke Travers,luke travers,,SG,5739,c56aee2f-4321-40c9-bc96-f69cf5164c49,
05uwr,M.J. Walker,mj walker,,SG,5465,11a71a09-f1c1-4ca2-b314-2700d5732437,
05uuu,Mac McClung,mac mcclung,CHI,SG,5375,e04c3542-546a-4ca7-8db3-a89353d60046,
05uux,MaCio Teague,macio teague,,SG,5437,ccfa32b6-a1d2-44ea-a0fb-4a2b6a7f7b59,
063rs,Makur Maker,makur maker,,C,5251,93eb4b1c-3ab6-4497-abf5-ddbb561b48a9,
05qsn,Malachi Flynn,malachi flynn,,PG,5231,22973df1-49a2-4506-bfce-3368737981f8,
042nh,Malachi Richardson,malachi richardson,,SG,3896,,5653
06hsl,Malachi Smith,malachi smith,,SG,6048,d21c7c50-60ce-4de2-b2a2-3a06d3897bcb,
0621j,Malaki Branham,malaki branham,,SG,5664,ecdd201a-e33b-476e-9325-296cad22ba93,
042nw,Malcolm Brogdon,malcolm brogdon,,PG,3898,f7134fc8-b298-41fd-933d-d0c4a5d8f6ac,5667
06cnb,Malcolm Cazalon,malcolm cazalon,,SG,6041,e5a765db-7229-4501-9e4d-d43015261a6d,
05wmn,Malcolm Hill,malcolm hill,,SF,4150,787f64f8-b127-47da-b05b-6b4324a502a0,
03woz,Malcolm Miller,malcolm miller,,SG,3802,860e358a-9494-4f49-94a5-651168f66676,5564
06pvs,Malevy Leons,malevy leons,GSW,SF,6329,8a62bff0-8dc9-4bea-9922-6eeabb6212f2,
042ne,Malik Beasley,malik beasley,,SG,3853,d3392ee6-cbe4-419e-bbd5-1b658d83e10e,5650
05y9z,Malik Ellison,malik ellison,,SG,5285,dedab3b9-91f2-402d-a949-9aa5d960d9b4,
05qzg,Malik Fitts,malik fitts,,PF,5119,a389d2ef-29f9-4600-ba48-6cc6315b2b30,
06mnr,Malik Hall,malik hall,,F,6373,1fe1b267-755f-4cb1-ae88-43763c125fc6,
049kc,Malik Monk,malik monk,SAC,SG,4117,3214b8de-d3ea-4188-9329-15a92f894f23,5824
03llw,Malik Newman,malik newman,,SG,4424,d7da3f91-9003-4081-9232-bee362be6565,6082
03nws,Malik Pope,malik pope,,SF,4532,,
06l10,Malik Williams,malik williams,,C,6239,1729cb6a-0881-47b0-9b12-97aca55cb290,
076ul,Maliq Brown,maliq brown,SAS,PF,6977,b06fe805-812e-4786-8181-ad70b0545f25,
076ug,Malique Lewis,malique lewis,MIL,PF,6213,74ba84e4-6798-4d20-8ed5-d1dc8ebb0d35,
05qvv,Mamadi Diakite,mamadi diakite,,PF,5203,c258dbfb-74dc-4222-a07b-f906370e945f,
049ra,Mamadou NDiaye,mamadou ndiaye,,C,,,
04jw2,Mangok Mathiang,mangok mathiang,,PF,4224,,5890
06mo9,Mantas Rubstavicius,mantas rubstavicius,,PG,,ace2aa70-35d8-4ddd-8e58-c607fb3a3cb8,
06kxd,Maozinha Pereira,maozinha pereira,,SF,6215,99e42507-9b13-4298-a8e3-a4c986c8c28f,
059z0,Marcus Allen,marcus allen,,PG,4729,,6352
06rui,Marcus Bagley,marcus bagley,,SF,5970,c1438dd0-696a-4c3e-9e99-e3d07da681ac,
065h6,Marcus Bingham,marcus bingham,,PF,5757,ee9a5825-ccab-4d20-ba5d-903aac41c1dd,
04vy0,Marcus Derrickson,marcus derrickson,,PF,4410,,6096
06ptx,Marcus Domask,marcus domask,,SF,,95e9e8c8-0584-44f3-a4b8-1c3e555eddff,
05xob,Marcus Foster,marcus foster,,SG,4515,a19016d9-1eb7-4a81-a0d6-5369b0010ec5,
05wah,Marcus Garrett,marcus garrett,,SG,5422,ee52d990-1de5-4693-8150-adac989fe5e6,
0490w,Marcus Georges-Hunt,marcus georges-hunt,,SG,4075,,5751
04uwn,Marcus Lee,marcus lee,,C,4607,,6086
027oy,Marcus Morris,marcus morris,,PF,3198,4d7cb358-0fec-482f-9f57-92c39e8bf214,4895
042oe,Marcus Paige,marcus paige,,PG,3918,,5686
06ccg,Marcus Sasser,marcus sasser,DAL,PG,5962,4707d9b8-fca3-4550-ae25-bd4b449e4dbf,
03al1,Marcus Smart,marcus smart,HOU,PG,3575,af460d21-b1d8-46bb-a228-61ac4fb9ccf9,5317
05ujn,Marcus Zegarowski,marcus zegarowski,,PG,5431,d32a64d6-75ec-495c-8def-6ae3ed6f9d53,
051py,Marial Shayok,marial shayok,,SG,4935,0a530034-a07c-4db3-a99e-17c5254c07e1,6242
03r7d,Mario Hezonja,mario hezonja,CLE,PF,3578,4ffb4f4f-f824-4e2f-9f6b-6a05cf2f29ff,5465
0621n,MarJon Beauchamp,marjon beauchamp,PHI,SF,5564,fc036630-debc-44bf-9663-03c3fbd3045c,
06vxt,Mark Sears,mark sears,,PG,6602,a5cbb611-8e69-41c2-8678-a2e83f26749f,
0621e,Mark Williams,mark williams,PHO,C,5647,a5ec46e9-928f-4609-ab4d-c86ec6434327,
03e78,Markel Brown,markel brown,,SG,3632,,5355
049s6,Markelle Fultz,markelle fultz,,PG,4100,41edefa9-a2f9-447d-9578-d2ea2a0d783d,5763
027ox,Markieff Morris,markieff morris,,PF,3200,25c4a949-c310-4bd3-af3f-10441215b323,4894
055si,Marko Guduric,marko guduric,,SG,4995,cee5186a-56f4-42d1-bc5a-2e02422bf583,6278
05qsm,Marko Simonovic,marko simonovic,,C,5302,ac435f8a-d12c-4a42-9edd-88cabc7f460f,
06cer,Markquis Nowell,markquis nowell,,SG,5907,10f45921-e137-4db6-a7f9-4413af71cec0,
05qui,Markus Howard,markus howard,,SG,5148,83dddfc2-7687-4087-acae-49b7e55ea514,
05qzj,Marlon Taylor,marlon taylor,,SG,5320,a7c6d215-c5f5-463b-8f1c-fb39b33ef478,
059q2,Marques Bolden,marques bolden,,C,4818,156c4ce1-b6d7-42f7-86be-cf96d2763043,6326
042n5,Marquese Chriss,marquese chriss,,PF,3855,643ac9e3-9e95-4611-b5ac-8a5416046ec5,5639
02nft,Marquis Teague,marquis teague,,PG,3325,,5063
043i5,Marshall Plumlee,marshall plumlee,,C,3976,,5692
049ki,Marvin Bagley,marvin bagley,DEN,PF,4397,e86c1439-4ef0-4530-9c41-c3a682962eb3,5959
05qy1,Mason Jones,mason jones,,SG,5297,68bedb10-a0c6-4595-999c-b30125b514c7,
031m9,Mason Plumlee,mason plumlee,,C,3442,9570a938-324f-40e8-92dd-8a4fcf4a953b,5192
06mk3,Matas Buzelis,matas buzelis,CHI,SF,5938,fe7a0b28-a8f9-42ad-b345-0f69d51d365f,
04exd,Mathias Lessort,mathias lessort,,PF,4144,,5863
051p0,Matisse Thybulle,matisse thybulle,LAL,SG,4802,8b43c272-c16b-40c7-a4d5-7bbcefeb1816,6208
05xac,Matt Coleman,matt coleman,,PG,5455,9032a0eb-b66d-4740-ad0e-9045d89910c2,
04838,Matt Costello,matt costello,,PF,3939,,5718
05wy5,Matt Lewis,matt lewis,,SG,5364,bd1c281b-9b55-4a80-98c6-5c90c2eeaddc,
0590n,Matt Mooney,matt mooney,,SG,4884,a2f38c4c-66bc-46c9-86f7-cacc294704d7,6288
06mns,Matt Morgan,matt morgan,,G,4963,40ffa40b-c954-47a5-857d-b136b24e9b67,
05xco,Matt Ryan,matt ryan,,SF,5268,042f45b2-1dda-4dce-a5ba-1e8b923178c1,
052q1,Matt Thomas,matt thomas,,SG,4978,2239eb97-eadc-4e6d-946f-9e17f0cea5b4,6264
0622d,Matteo Spagnolo,matteo spagnolo,,SG,5735,1e8baa38-bd59-4e74-bdcd-772e098ebe64,
0722e,Matthew Cleveland,matthew cleveland,,PG,6651,5ec8194c-a2fc-4982-8afb-c02948e8c6ef,
038og,Matthew Dellavedova,matthew dellavedova,,PG,3508,ef58422e-c7df-4432-8497-0cbb31e90c32,5249
05uun,Matthew Hurt,matthew hurt,,PF,5425,1da1a944-bfd9-4758-a7e6-058c01909524,
06he0,Matthew Mayer,matthew mayer,,PF,6016,e0bc51b4-005d-4499-8a8d-3135432658af,
0723j,Matthew Murrell,matthew murrell,,PG,6643,734e268b-66ce-4c3a-943c-da27d64c109b,
059y7,Matur Maker,matur maker,,C,4420,,6350
02nff,Maurice Harkless,maurice harkless,,SF,3314,df6f21d3-5221-42e2-945b-8fe7cebdf03e,5021
06ptq,Max Abmas,max abmas,,PG,6341,655b36d9-1816-4707-ac67-ef56dba4663f,
0621y,Max Christie,max christie,DAL,SG,5723,e872cdaf-5d04-45c2-bbfe-d673f3fb26ce,
06mot,Max Fiedler,max fiedler,,F,,3e259661-82a5-4051-8671-67b0236d9819,
06hfa,Max Heidegger,max heidegger,,PG,5475,70d334f9-ac1d-473e-ad66-b7235ce8ead2,
06va1,Max Shulga,max shulga,,SG,6629,879370c1-afe6-45c7-9ba1-93a78d4b8d61,
0558t,Max Strus,max strus,CLE,SF,4947,f6aff1dc-15b9-4c89-a2fb-746f4cf78890,6267
04jw4,Maxi Kleber,maxi kleber,,PF,3658,3ef70a50-cd0d-4148-a1ad-ca830a1a9046,5892
06v88,Maxime Raynaud,maxime raynaud,SAC,C,6552,e783937f-31dc-41bd-9510-2572d2dc35ee,
06cdg,Maxwell Lewis,maxwell lewis,,SF,5888,7c88b4f4-5cf7-4b53-bab8-e332c946481c,
05uuw,McKinley Wright,mckinley wright,,PG,5367,43e6c618-bbfb-48cc-abf2-db95b8bf083c,
076u4,Meleek Thomas,meleek thomas,CLE,SG,6989,b97a28d1-3a0f-4559-8e25-369efbca2aa4,
04l9b,Melo Trimble,melo trimble,,PG,4115,,5923
06mlx,Melvin Ajinca,melvin ajinca,,SF,6282,23e33381-1d9d-4415-b3bc-3e3d747aa103,
03hz0,Melvin Ejim,melvin ejim,,PF,3655,,5537
04qsc,Melvin Frazier Jr.,melvin frazier,,SG,4453,2750c768-da13-47e9-82b6-f2bc6c7295a4,6046
02nfb,Meyers Leonard,meyers leonard,,C,3322,51d0a386-20a8-4e68-a8ec-face10febaff,5017
051p7,Mfiondu Kabengele,mfiondu kabengele,,C,4873,8fb7ba41-b5b9-425b-89ec-6b5b61157e88,6215
06v86,Micah Peavy,micah peavy,NOR,SG,6607,f2c67fa6-8093-46fb-b3fb-62916b9c1dad,
05wqp,Micah Potter,micah potter,POR,C,5445,06570485-2ec5-40ab-9b50-8e4cfd7f0dc3,
076we,Michael Ajayi,michael ajayi,CHA,SF,6964,69d74927-5d05-4457-8d4a-53b4a719fd39,
031ly,Michael Carter-Williams,michael carter-williams,,PG,3441,1f5e7dfc-225d-4a25-8857-e6f8192b4c44,5162
0623b,Michael Devoe,michael devoe,,SG,5784,ddc8399b-1595-4fc3-a715-d85ce10c71c8,
0623g,Michael Foster,michael foster,,PF,5382,53079a42-5241-4e0f-a625-12dfe416cd8d,
03v03,Michael Frazier,michael frazier,,SG,3758,be636d59-b33d-4297-b4b6-5a7f4937c8ee,5542
042o8,Michael Gbinije,michael gbinije,,SF,3912,,5680
02nf2,Michael Kidd-Gilchrist,michael kidd-gilchrist,,SF,3302,ea8a18e4-1341-48f1-b75d-5bbac8d789d4,5008
04qrr,Michael Porter,michael porter,BKN,SF,4375,3a7d6510-00e9-4265-81df-864a1f547269,6025
03se2,Michale Kyser,michale kyser,,PF,3793,,5527
03hz2,Michalis Kamperidis,michalis kamperidis,,SF,,,
04qrn,Mikal Bridges,mikal bridges,NYK,SF,4386,83cc5b28-36a7-43ba-ba20-8347bd1de583,6021
0015e,Mike Conley,mike conley,BOS,PG,2813,460b7264-b98f-483e-b841-59a18c2e4d67,4246
041f7,Mike James,mike james,,PG,4209,b8ef7575-ee1b-4815-9038-e8e2918fca34,5874
06ceh,Mike Miles,mike miles,,PG,5891,09cbc60e-76f9-4671-ae5e-c610e3b9f45d,
059xh,Mike Scott,mike scott,,PG,4997,,6347
044te,Mike Tobey,mike tobey,,C,3986,,5702
076tk,Mikel Brown,mikel brown,BKN,PG,6929,943fbee9-e038-425f-85ce-e47062b97700,
04qrp,Miles Bridges,miles bridges,PHO,SF,4383,af8f331b-96a6-416e-8837-b14d5b11c52d,6023
06vxx,Miles Kelly,miles kelly,,PG,6632,2c6dfdfd-f624-4738-b6b0-d96871d0620f,
05uja,Miles McBride,miles mcbride,NYK,PG,5402,355a6113-d842-40be-9e74-90bb0800aabe,
06cp3,Miles Norris,miles norris,,PF,6070,39de0b5b-8cf5-41f7-baa3-9b19c71f8c14,
06q9l,Miller Kopp,miller kopp,,SF,6218,5c44b878-b9da-4907-b29e-9669950c83a3,
04idm,Milton Doyle,milton doyle,,PG,4226,,5884
043pn,Mindaugas Kuzminskas,mindaugas kuzminskas,,SF,3999,,5694
05wql,Mitch Ballock,mitch ballock,,SG,5467,dad27c14-100a-48fb-b4ed-6019f643e9ba,
04xjp,Mitch Creek,mitch creek,,SG,4547,,6143
0725c,Mitch Mascari,mitch mascari,,PG,6684,35129961-233a-40f7-b4e2-2d37797df03e,
03e6p,Mitch McGary,mitch mcgary,,PF,3600,,5332
04qsd,Mitchell Robinson,mitchell robinson,BOS,C,4426,97e25d19-7c5c-49f9-91c0-5cd9b9cebdcb,6047
051q2,Miye Oni,miye oni,,SG,4861,eec2714c-72a5-48c8-bc10-d628e2a583f7,6246
049kf,Mo Bamba,mo bamba,UTA,C,4371,a6bf9402-7f41-49a9-ab28-fe0bdffb5060,6017
06mo7,Mohamed Diarra,mohamed diarra,,PF,,887af490-6bb1-472a-a777-eb0ae1741b5a,
06v8h,Mohamed Diawara,mohamed diawara,NYK,SF,6634,227c2e8f-087e-4c15-8386-758ba10e06d2,
06ces,Mojave King,mojave king,,SG,5801,00b2e086-ca50-43b5-9d2e-ae5732c5ff24,
04exe,Monte Morris,monte morris,,PG,4135,48b05ddf-0a9f-4426-9394-231c54726eaa,5864
03byg,Montrezl Harrell,montrezl harrell,,C,3724,869c305c-3e1f-49e5-a59b-5f1e03d198f8,5492
076sy,Morez Johnson,morez johnson,DAL,PF,6971,08c386af-d356-4917-97f3-a657de0dc6b3,
04qs2,Moritz Wagner,moritz wagner,BKN,C,4389,f1f258c2-9bcf-4e33-ba9e-563e95084893,6036
0598b,Moses Brown,moses brown,,C,4811,355308f5-dbd8-4936-82fd-9a3c5c8e4b0d,6289
05uio,Moses Moody,moses moody,GSW,SG,5384,a316cf6a-693d-4c6a-b0d9-ebf80e73e832,
06ptn,Moses Wood,moses wood,,F,,e1f1db2c-0bc1-4979-8712-8fb7e8d61d85,
05wqi,Moses Wright,moses wright,,PF,5457,eb4bd4c6-544f-4f20-b756-d28e0de1c93f,
063u8,Mouhamadou Gueye,mouhamadou gueye,,PF,5802,9f8b7ec7-cec6-4c8a-9a06-ca123df80dae,
06ccz,Mouhamed Gueye,mouhamed gueye,ATL,PF,5968,26049bcf-1ff3-4a23-8e4c-ce0b18784738,
07215,Moussa Cisse,moussa cisse,DAL,C,6688,30eb60ce-5b33-4784-8e2a-37c304ea7721,
06226,Moussa Diabate,moussa diabate,CHA,C,5708,78dc76b4-a810-4e4a-9418-5cf3fa03582f,
059ft,Mychal Mulder,mychal mulder,,PG,4259,e6c1d522-5be2-4345-ab90-c7357cbaaf74,6307
0393u,Myck Kabongo,myck kabongo,,PG,3473,,5286
04mmf,Myke Henry,myke henry,,SF,4249,,5951
05qsv,Myles Powell,myles powell,,SG,5179,97d6b1fc-34c0-46df-a885-5e7f90cb0762,
03ad2,Myles Turner,myles turner,MIL,C,3725,323f9ef8-ecdd-41a7-859e-dd3db48ba913,5471
06z61,Myron Gardner,myron gardner,MIA,SF,6067,9cfaa435-cd0c-4616-924f-feb9c3df1c12,
06prl,NaeQwan Tomlin,naeqwan tomlin,CLE,PF,6311,5bb6159f-27ae-406e-ac5b-e8911f0cbb7c,
05qzh,Naji Marshall,naji marshall,DAL,SF,5204,a15f73b1-f757-4af2-b09a-f0185e09c8bf,
076tx,Narcisse Ngoy,narcisse ngoy,LAC,C,7032,63a9de12-cfde-4999-9397-279e06cee5a3,
051p5,Nassir Little,nassir little,,PF,4760,74eecf7d-f713-49e8-a590-52afa3f717a2,6213
076tm,Nate Ament,nate ament,MIL,SF,6965,e79948c3-fc25-4ed1-a556-183f9e2f2ddb,
05qyr,Nate Darling,nate darling,,SG,5303,c62d543e-e6fe-4154-9989-7c6857af1594,
05qyw,Nate Hinton,nate hinton,,SG,5274,9156ab75-7c83-4805-ae0b-7cf137c9c06d,
0665c,Nate Pierre-Louis,nate pierre-louis,,F,5269,0e07193b-3df1-4cf6-9cf1-2720f90866bd,
05xkz,Nate Renfro,nate renfro,,SF,5326,2aa5ca9c-3863-442c-bb9d-cbac83adc7a1,
06hrv,Nate Roberts,nate roberts,,C,5823,f57e6fe5-b371-4ed3-9713-b174eab79281,
05qyy,Nate Sestina,nate sestina,,SF,5304,1de70e4f-110f-4bc2-9ac9-08d4daa55198,
0664y,Nate Williams,nate williams,GSW,SG,5777,b83048ff-1e71-46fa-b49c-0b04a72cc4a1,
05qts,Nathan Knight,nathan knight,,PF,5306,59b8fe2b-cd77-4526-8047-816b1f081351,
06hdz,Nathan Mensah,nathan mensah,,C,6085,8f5dea2f-db88-49ef-90c3-f8c4c372902a,
04l17,Naz Mitrou-Long,naz mitrou-long,,SG,4235,8d64d4d4-86f5-426b-a2db-82c2f72fb722,5914
0527h,Naz Reid,naz reid,CHA,C,4806,823b2161-0c34-494c-9d7c-b438152f4f4d,6253
06moz,Neal Sako,neal sako,,C,,19379984-0486-48d4-9021-7358fc584b4d,
05ujd,Neemias Queta,neemias queta,BOS,C,5333,7cfc1044-54f9-4788-af5f-8d943f992e0d,
031lt,Nerlens Noel,nerlens noel,,C,3431,2012f4fd-98e0-4080-98a7-0cfb9de87067,5157
06mm6,NFaly Dante,nfaly dante,,C,6302,a5ef2f24-8fa7-4a2e-be15-eef1a1e005da,
03e76,Nick Johnson,nick johnson,,SG,3618,,5353
076tw,Nick Martinelli,nick martinelli,LAC,F,6979,364a080a-519d-42f8-82ad-5409a95911bb,
06hie,Nick Ongenda,nick ongenda,,C,6046,472b947d-c5ff-4c92-b49a-f3b5d4cbaed7,
05qtd,Nick Richards,nick richards,,C,5212,9654c7f1-d16c-428c-88fd-2a6cdb5a8370,
06ccb,Nick Smith,nick smith,,SG,5909,bcb84104-a049-4263-8574-67b1d786481c,
04817,Nick Zeisloft,nick zeisloft,,PG,4080,,5717
051ox,Nickeil Alexander-Walker,nickeil alexander-walker,ATL,SG,4765,d3d0ab55-b939-47b3-af27-77cdf85d7956,6205
05qu3,Nico Mannion,nico mannion,,PG,5171,b852e070-d865-4c73-82fd-66aefa65f79a,
005l0,Nicolas Batum,nicolas batum,,PF,2821,a89ac040-715d-4057-8fc0-9d71ad06fa0a,4487
043vz,Nicolas Brussino,nicolas brussino,,SG,4006,,5699
051pb,Nicolas Claxton,nicolas claxton,CHI,C,4827,288519dc-eae8-4daf-afa4-c86322b7460e,6219
049dw,Nicolas Laprovittola,nicolas laprovittola,,PG,4076,,5757
055bw,Nicolo Melli,nicolo melli,,PF,4977,d631444a-24f1-4ea6-97a9-dbb75a564f25,6270
04k0q,Nigel Hayes-Davis,nigel hayes-davis,,SF,4149,5d756e84-5a91-4760-afeb-beec87692a75,5908
04exi,Nigel Williams-Goss,nigel williams-goss,,PG,4160,275f6aed-de63-4bd5-86b2-865113b12053,5868
049s8,Nik Slavica,nik slavica,,SF,,,
03e6l,Nik Stauskas,nik stauskas,,SG,3583,2ccaaefc-917d-4e2a-b7c6-947836c38c6f,5319
06mlp,Nikola Djurisic,nikola djurisic,,SF,5993,8e0c0e99-7060-4dce-a76a-777c3ee22da8,
03e75,Nikola Jokic,nikola jokic,DEN,C,3612,f2625432-3903-4f90-9b0b-2e4f63856bb0,5352
0621q,Nikola Jovic,nikola jovic,MIA,PF,5640,d31856fa-e1ff-4617-ab8b-a3ed79bfb27d,
04414,Nikola Kalinic,nikola kalinic,,SF,,,
03r7k,Nikola Milutinov,nikola milutinov,,C,3762,,5486
027p8,Nikola Mirotic,nikola mirotic,,PF,3218,,4905
03r8a,Nikola Radicevic,nikola radicevic,DEN,PG,3785,,5517
06mk4,Nikola Topic,nikola topic,OKC,PG,6256,bf6b4aed-c007-41eb-b4e5-08b99f292ec2,
027p0,Nikola Vucevic,nikola vucevic,ORL,C,3212,7366b2b7-5959-4dd9-9204-760e861b3119,4897
06v5w,Nique Clifford,nique clifford,SAC,SG,6547,cd6c786e-3c65-4f88-9c7b-4a243295f0d6,
03wow,Nnanna Egwu,nnanna egwu,,C,3829,,5561
06v5u,Noa Essengue,noa essengue,CHI,PF,6586,5ab15bad-59b4-43c9-98fc-1d0aa8182d01,
06ccd,Noah Clowney,noah clowney,BKN,PF,5901,dbf9e1f5-7573-4c24-992a-04ea080c61e1,
0663u,Noah Kirkwood,noah kirkwood,,G,5759,313c6732-287d-4f96-a8b5-8837d19cdb5e,
06v7y,Noah Penda,noah penda,ORL,SF,6577,5099364d-2c4b-4d38-ac66-a86d9489474c,
03apw,Noah Vonleh,noah vonleh,,PF,3576,84215e01-6108-4fd0-9a11-19e9518ab378,5320
06v5p,Nolan Traore,nolan traore,BKN,PG,6587,4cee9366-c78d-4ae9-a04a-eb695ee2fac0,
0722p,Norchad Omier,norchad omier,LAC,PF,6658,100af38e-d798-4b3a-8ee6-6280f0f4b4b8,
059il,Norense Odiase,norense odiase,,C,5063,,6324
03r7z,Norman Powell,norman powell,CHI,SG,3726,e1e4c26d-ab5c-4bd7-886a-812854466bb8,5506
04vyd,Norvel Pelle,norvel pelle,,C,3507,e32849a5-24ea-48e5-aea0-a294d0a7c89b,6100
04xic,Nuni Omot,nuni omot,,SF,4539,4f90c9fc-c329-441f-afcb-853af97a9d95,6134
06eoe,Obadiah Noel,obadiah noel,,SG,5570,dae97681-f406-48d6-b13c-d9476c0e26ff,
05qsx,Obi Toppin,obi toppin,IND,PF,5109,ed000754-fb2c-4778-be6d-40cfc2400bd7,
0621d,Ochai Agbaji,ochai agbaji,,SG,5683,a7466782-6f87-414f-9458-7fea82922e00,
04ewn,OG Anunoby,og anunoby,NYK,PF,4121,9474fa0a-70dd-44c4-9751-dac5839ae7f3,5836
04exl,Ognen Jaramaz,ognen jaramaz,NYK,PG,,,5871
043vx,Okaro White,okaro white,,SF,3995,bd0e96ba-6f67-43f2-ac8c-04a313d0a32f,5697
0392h,Olek Czyz,olek czyz,,SF,3558,,5272
03r7w,Olivier Hanlan,olivier hanlan,,PG,3751,,5502
05yab,Olivier Sarr,olivier sarr,CLE,C,5494,fa95eb6b-9008-4d67-8476-3b69e90b8688,
06cc9,Olivier-Maxence Prosper,olivier-maxence prosper,MEM,PF,5930,599e6bbf-54a5-431b-b542-1817a0942369,
06cej,Omari Moore,omari moore,,SG,5985,cdabe1fb-9622-4351-9a6c-e02ebb3f140e,
04qs7,Omari Spellman,omari spellman,,PF,4450,919fd44b-8714-4e2d-b860-5f4de0fe7d50,6041
05qu8,Omer Yurtseven,omer yurtseven,,C,5260,6cb137da-2848-4c37-a80d-a4ba75ece969,
0440z,Ondrej Balvin,ondrej balvin,,C,,,
06dq7,Onuralp Bitim,onuralp bitim,,SG,6162,afd6f073-343c-4e1f-9f77-a187d0c8aff9,
05qtt,Onyeka Okongwu,onyeka okongwu,ATL,C,5118,70e50e53-ca3b-425d-ac49-b156d6d1e016,
0622z,Orlando Robinson,orlando robinson,,C,5779,cbceca06-325c-492c-a995-873ec07bc64e,
06cef,Oscar Tshiebwe,oscar tshiebwe,HOU,C,5940,810c84a1-e260-4aa3-9849-1b2ee3657fe3,
059ca,Oshae Brissett,oshae brissett,,SF,4816,36c27a5d-c5bd-4e81-83b6-c77457103855,6290
06mlm,Oso Ighodaro,oso ighodaro,PHO,PF,6293,6c0e93c1-0b81-4abb-8eb6-e573eff576ea,
076u7,Otega Oweh,otega oweh,OKC,SG,6973,ad25eb3b-3795-46f7-aff9-48dcd7ce493c,
031lq,Otto Porter,otto porter,,SF,3435,792fdc1e-e833-4777-a372-11e93e457480,5154
0621a,Ousmane Dieng,ousmane dieng,MIL,C,5695,9e0b879c-8be6-445e-a437-a3bf18130b9c,
02q81,P.J. Tucker,pj tucker,,SF,2708,da7d17aa-f245-4710-820c-99d29a7458b4,4163
051os,P.J. Washington,pj washington,DAL,PF,4781,6d7f4f2f-7ea7-4c56-8082-dfdce67f5487,6174
06mkh,Pacome Dadiet,pacome dadiet,NYK,SG,6281,fd131bac-4644-4f4d-b715-2bc093775cd5,
06210,Paolo Banchero,paolo banchero,ORL,PF,5700,49d8f5ef-2867-4597-a3ab-5ffc5e651258,
05ybb,Paris Bass,paris bass,,SF,5581,1724ff8d-9e56-473c-ad9c-377ca7215631,
042nm,Pascal Siakam,pascal siakam,IND,PF,3922,3df1db1d-6596-489e-8e26-80f60fd9b1f4,5658
03r7v,Pat Connaughton,pat connaughton,CHA,SG,3727,298852ca-299d-4cb9-a9e5-6ac909582f78,5501
0633h,Pat Spencer,pat spencer,PHO,PG,5548,21ed49ae-44cf-4031-9b6f-a48fb8a3e41c,
03g45,Patric Young,patric young,,PF,3607,,5373
045qh,Patricio Garino,patricio garino,,SG,3959,,5707
0621r,Patrick Baldwin,patrick baldwin,SAC,SF,5721,003883ca-cd7e-4b58-99d7-6fef54afdfeb,
06hrf,Patrick Gardner,patrick gardner,,C,6087,039f5548-77c2-44a4-8b7b-5669d5239415,
042ny,Patrick McCaw,patrick mccaw,,SG,3862,03854148-a3fa-4564-b1ff-922fe0ba32ba,5669
05qsl,Patrick Williams,patrick williams,CHI,PF,5122,67f6467e-0acc-48ce-9872-a63225ef295c,
01eog,Patty Mills,patty mills,,PG,3027,9e917c97-5227-4581-9ab5-2dd07a7187ef,4660
05qxu,Paul Eboua,paul eboua,,PF,5300,aae39a03-b23e-40e6-b8fc-cac67b4d1861,
01uyj,Paul George,paul george,BOS,PF,3114,db09f372-9a17-4889-add7-bf8a75ab6da6,4725
05qst,Paul Reed,paul reed,DET,C,5124,c7c7c72b-7cee-409a-b2b5-256d173ac305,
04xlm,Paul Watson,paul watson,,SF,4267,be16ec6f-8dad-4057-ba7b-746e28582a59,6149
042o7,Paul Zipser,paul zipser,,SF,3929,,5679
05qt1,Payton Pritchard,payton pritchard,BOS,PG,5131,0718c0e1-7804-471a-b4ed-cde778948d4d,
073pt,Payton Sandfort,payton sandfort,,SF,6613,ec7aea3f-550d-4c3d-a47e-58ee983bfd57,
06mnu,Pedro Bradshaw,pedro bradshaw,,SF,5525,5eab91b9-c854-45c0-97ae-38ea633d50c0,
06mlq,Pelle Larsson,pelle larsson,MIA,SG,6013,6be87eb4-8a62-44e5-893b-d44ba516ac62,
059q9,Perrion Callandret,perrion callandret,,PG,4987,,6332
048yi,Perry Ellis,perry ellis,,PF,3909,,5742
02nfs,Perry Jones,perry jones,,SF,3321,,5062
06gno,Pete Nance,pete nance,MIL,PF,6050,8006987e-cd53-4e60-a26e-83cb96fb81ac,
04l1s,Peter Jok,peter jok,,PG,4359,,5916
076un,Peter Suder,peter suder,,SG,6939,16d2bf6a-bbbe-437a-8eda-52523e4e190b,
042oc,Petr Cornelie,petr cornelie,,PF,3891,f25e7200-33a3-46b4-a38a-1b703bd4f813,5684
0621t,Peyton Watson,peyton watson,DEN,SF,5722,abfc35ea-baf0-4aff-b69a-30732ddf2b1b,
059gh,Phil Booth,phil booth,,PG,4919,,6321
04xl5,Phillip Carr,phillip carr,,PF,,,6147
06rur,Phillip Wheeler,phillip wheeler,,PF,5574,38dd5ead-88c7-437b-ba41-0adbff0cb6b0,
031ms,Pierre Jackson,pierre jackson,,PG,3467,,5212
0665b,Pierria Henry,pierria henry,,G,4514,33ffa671-6fb6-4578-bb7d-b5e55319d044,
04ik2,PJ Dozier,pj dozier,,SG,4127,ee06e9d2-98bf-487d-96a5-4954c25b75ef,5886
06mm5,PJ Hall,pj hall,CHA,C,6253,abe7b1d1-e992-4ab5-8f0c-8a0d7747ca1f,
05qtm,Precious Achiuwa,precious achiuwa,SAC,C,5249,3dbbb869-88a8-44f2-ac36-46fd0f5d825c,
076um,Quadir Copeland,quadir copeland,HOU,PG,6962,40b5e987-437d-4868-81d1-325379ae29e8,
05uiz,Quentin Grimes,quentin grimes,LAL,SG,5391,e8486226-53e1-4857-b5f0-8b6fe88bdd8a,
064tp,Quenton Jackson,quenton jackson,IND,PG,5755,8571e039-8802-453a-aca5-7fdcb3ae1a28,
02ng1,Quincy Acy,quincy acy,,PF,3372,,5071
0480a,Quincy Ford,quincy ford,,SF,3975,,5714
06mob,Quincy Olivari,quincy olivari,,PG,6348,925fd49a-7401-48fb-bb11-523143c15aaa,
03xh1,Quinn Cook,quinn cook,,PG,3729,9484b30a-4e6e-4307-8b42-12fa141dee17,5588
051pt,Quinndary Weatherspoon,quinndary weatherspoon,,SG,4845,a7c34619-c032-456b-98da-b4eba67b53b6,6237
06mly,Quinten Post,quinten post,MEM,C,6299,3a3207cc-269f-47ef-9b77-f852f0bed4b0,
05qt5,R.J. Hampton,rj hampton,,PG,4822,36cb0c82-ee54-43f1-96bc-bfc9ba728b50,
03nwp,R.J. Hunter,rj hunter,,SG,3728,db013b56-b4ad-4345-bfed-90a109d3ed63,5488
042nv,Rade Zagorac,rade zagorac,,SF,3931,,5666
06mnw,RaeQuan Battle,raequan battle,,SG,,86b059cf-465b-42e1-b9c4-d171e7d9242f,
076uq,Rafael Castro,rafael castro,MIL,C,6960,e74e916c-8ebc-4673-b29e-b24beb69092a,
05ujx,RaiQuan Gray,raiquan gray,,PF,5434,6b2a569f-b0ae-4bdf-b7c8-eef466421d9a,
03r7q,Rakeem Christmas,rakeem christmas,,PF,3730,,5496
03r7f,Rashad Vaughn,rashad vaughn,,SG,3731,,5477
0480c,Rasheed Sulaimon,rasheed sulaimon,,SG,3937,,5716
06v72,Rasheer Fleming,rasheer fleming,PHO,PF,6564,e1d35615-1fd9-4c91-a05f-ef6e7f23c4ff,
031mx,Raul Neto,raul neto,,PG,3526,8e7ffd66-f779-418c-bf18-b9f746a1c5fe,5217
04sxx,Rawle Alkins,rawle alkins,,SG,4400,c2bac78f-8223-4531-bda3-666fede8cb20,6074
03lgj,Ray Smith,ray smith,,SF,,,
04qsw,Ray Spalding,ray spalding,,PF,4432,89797d2a-8257-4b70-bc98-3bb0cec9dac0,6067
06cd2,Rayan Rupert,rayan rupert,PHI,SG,5936,02d782f9-c33b-4ebb-a7f2-7f19cfafaf89,
06pw1,RayJ Dennis,rayj dennis,ATL,PG,6378,d146629c-2584-4760-89af-e4378d7569c1,
059qe,Rayjon Tucker,rayjon tucker,,SG,4838,847ab791-26a2-439e-9c66-0c4a77a93b82,6337
05qt7,Rayshaun Hammonds,rayshaun hammonds,,SF,5261,0aa1ca5d-e4e0-460e-99ef-d7646501ced5,
06mmb,Reece Beekman,reece beekman,,PG,6292,c28975ad-ca07-419a-b962-da77677ac883,
06mjv,Reed Sheppard,reed sheppard,HOU,PG,6257,af1ba5e5-3f34-4ada-aa9f-f818baf7706f,
031mc,Reggie Bullock,reggie bullock,,SF,3458,42fa4c2c-6520-4d04-a753-cfe4a5c5e2e1,5195
04ljk,Reggie Hearn,reggie hearn,,SG,4020,,5944
027p9,Reggie Jackson,reggie jackson,,PG,3217,7b745dde-a011-45a8-98a8-460a9facb3ce,4906
0665a,Reggie Kissoonlal,reggie kissoonlal,,F,5811,a793c072-6cd1-40a1-b5ca-89e4a7c9f3e8,
05qsz,Reggie Perry,reggie perry,,PF,5126,b4879939-34fa-414c-8a27-6b5dc49f64d4,
06hpn,Reid Travis,reid travis,,PF,4768,9a2908ea-53cc-409a-bc11-fb1f89ced48b,
038oh,Richard Howell,richard howell,,PF,3487,,5250
03kub,Richard Solomon,richard solomon,OKC,PF,4085,,5423
03r7r,Richaun Holmes,richaun holmes,,PF,3755,e96ef8d2-192f-47a3-a6ad-876603de1907,5497
076ui,Richie Saunders,richie saunders,MEM,SG,7000,300dc3a7-b282-4bd3-8151-8142af9e7f2b,
06ceg,Ricky Council,ricky council,,SF,5965,3c721dcc-8d35-494a-aa85-b696c0ecda48,
06mog,Riley Minix,riley minix,CLE,SF,6314,5efce548-15a0-4a8c-9f63-5f5db4851696,
051oj,RJ Barrett,rj barrett,TOR,SF,4767,42c5f009-dfd2-4a94-a750-0943791e138e,6165
06z7u,RJ Davis,rj davis,,PG,6640,7cf2a222-e95e-4598-b5a3-d5715983d824,
06vxz,RJ Luis,rj luis,,SF,6611,1c9d8c19-6251-4feb-9641-811e05a66aa1,
05wqk,RJ Nembhard,rj nembhard,,SG,5381,2397baee-35f2-4602-bf1b-15fedcdcec05,
06mk0,Rob Dillingham,rob dillingham,CHI,PG,6255,99dc3c11-03fc-4d15-9dd5-d8d1f41c569a,
05xcl,Rob Edwards,rob edwards,,SG,5211,1873b795-88a9-47b2-b63d-044f6be48fbd,
04uq2,Rob Gray,rob gray,,PG,4480,,6079
043cm,Robert Carter Jr.,robert carter,,PF,,,
038xi,Robert Covington,robert covington,,SF,3495,3e512d9e-ff9c-4f23-a4fd-a88128ee3af2,5253
059fu,Robert Franks,robert franks,,SF,4376,f7b32d8e-c431-4d67-a5a1-38cbdf56f3c3,6308
03wkm,Robert Upshaw,robert upshaw,,C,4598,,5547
04qs4,Robert Williams,robert williams,POR,C,4382,c20dfb58-5622-405e-90b1-92b79ee97461,6038
05qtw,Robert Woodard,robert woodard,,SF,5184,2f1d1aa0-1a44-4f38-8b1a-3e05e4d39850,
06v8b,Rocco Zikarsky,rocco zikarsky,MIN,C,6597,65fec68f-dfbb-4127-bb7a-932d5144c0f6,
04qsh,Rodions Kurucs,rodions kurucs,,SF,4132,80755300-0a97-4444-9e38-06c9f0f71d85,6051
03apy,Rodney Hood,rodney hood,,SG,3591,d38f8754-7ecb-4791-a350-f67e5c4c785a,5334
0392f,Rodney McGruder,rodney mcgruder,,SG,3696,bab1b58c-6d77-433c-bf21-c4a3a6b24b7f,5270
05uj8,Rokas Jokubaitis,rokas jokubaitis,,PG,5255,36cb55ca-8a36-4e95-8af4-a7c7d353cae9,
06moa,Roman Sorkin,roman sorkin,,PF,,bce0a57c-b06b-41a9-b9ec-7260d16e23ec,
05qu6,Romaro Gill,romaro gill,,C,5177,63d48c7c-1389-4c3f-a79e-8c167f4c0df8,
051ou,Romeo Langford,romeo langford,,SG,4762,cfca106e-f7a4-4ea3-a805-4505a3bf74c6,6176
05xnf,Romeo Weems,romeo weems,,SF,5435,c00a7890-2750-4178-87e2-781f16a892bd,
031n1,Romero Osby,romero osby,,F,3529,,5221
043ck,Ron Baker,ron baker,,SG,3906,,5704
06233,Ron Harper,ron harper,BOS,SF,5661,1bd20765-bf81-4250-a16c-05a4799758fc,
06mjx,Ron Holland,ron holland,DET,SF,5939,a2b3bc56-566e-443d-affe-7837a59a1ed7,
03r7i,Rondae Hollis-Jefferson,rondae hollis-jefferson,,SF,3733,b0d9c043-32b9-4c79-a692-564e93f62bd3,5483
04jwd,Royce ONeale,royce oneale,CHA,SF,3977,32526c95-bc6e-4d28-a751-c4200904d80b,5905
02xg9,Rudy Gobert,rudy gobert,MIN,C,3440,37fbc3a5-0d10-4e22-803b-baa2ea0cdb12,5197
051op,Rui Hachimura,rui hachimura,LAC,PF,4778,5bfc9a4c-deb7-4f37-a784-5d99ada863cb,6171
005kc,Russell Westbrook,russell westbrook,,PG,2932,74a45eed-f2b0-4886-ae71-d04cf7d59528,4390
043un,Ryan Arcidiacono,ryan arcidiacono,,PG,3938,7c2dc4ed-5d14-4342-9fe7-18c66fdcb6ab,5695
04tk0,Ryan Broekhoff,ryan broekhoff,,SG,4622,bf954461-55cd-4699-8a66-4288bb16edd7,6084
076tq,Ryan Conwell,ryan conwell,MIA,SG,6994,dab22a92-f598-409c-8fa8-14c5e8afd797,
06mkk,Ryan Dunn,ryan dunn,PHO,SF,6276,749f9e06-52c1-4436-840e-9096a9908c0b,
06v80,Ryan Kalkbrenner,ryan kalkbrenner,CHA,C,6567,388ec80d-171a-48f7-9cc8-5a8bebde54e0,
06y3q,Ryan Nembhard,ryan nembhard,ATL,PG,6614,68175411-ce98-4b2c-9ff0-3e26bff33191,
06227,Ryan Rollins,ryan rollins,MIL,PG,5668,e8def95a-cdf0-423f-9cac-a3e7e92364db,
06hru,Ryan Turell,ryan turell,,F,5829,1848e56a-65a2-4f0a-95a4-d4448be68cb9,
05qu4,Saben Lee,saben lee,,PG,5301,2b484dc1-9203-4b23-966c-f72e615e5d94,
06376,Sacha Killeya-Jones,sacha killeya-jones,,PF,4904,643bd362-98d3-4be9-993a-addcffff4bac,
05qt0,Saddiq Bey,saddiq bey,NOR,SF,5182,d531a451-6377-4942-a26f-3507d60fb36b,
059cb,Sagaba Konate,sagaba konate,,SF,4825,,6291
07245,Saint Thomas,saint thomas,,SF,6694,b2042f5c-9707-417a-9687-1994d7348ba4,
06va2,Saliou Niang,saliou niang,,SF,6626,7a4ce761-2aa1-4d51-9c34-c9189267e99f,
03byi,Sam Dekker,sam dekker,,PF,3734,763a755f-17b4-4f76-a36f-21f9fb6a6d44,5478
05uug,Sam Hauser,sam hauser,BOS,PF,5338,f5aac467-6bf9-4fa3-b89a-9ef71fe546fa,
05qtb,Sam Merrill,sam merrill,CLE,SG,5254,6b8ed06d-a33f-46ce-b416-647100736df8,
03x59,Sampson Carter,sampson carter,,PF,3839,,5586
06mop,Samson Froling,samson froling,,C,,f5162326-be2e-470a-945b-605cc7874e5f,
05ujs,Sandro Mamukelashvili,sandro mamukelashvili,LAL,PF,5341,c910f29a-3f6b-4dba-92e9-20137fbdf2c7,
05uj4,Santi Aldama,santi aldama,DAL,PF,5428,266cd359-f378-45c6-957e-6e21378e5219,
06mo3,Santiago Vescovi,santiago vescovi,,PG,,9c791332-1312-4fb4-b462-1c5239b97810,
04xbb,Scoochie Smith,scoochie smith,,SG,4608,,6107
06cdn,Scoot Henderson,scoot henderson,POR,PG,5377,a978acbc-e84b-4cc4-85c9-30595e022847,
02wcx,Scott Machado,scott machado,LAL,PG,3371,,5107
05uie,Scottie Barnes,scottie barnes,TOR,PF,5390,1738927f-6ef3-4b23-921d-168b4371f917,
05uju,Scottie Lewis,scottie lewis,,SG,5433,745ba960-b1f4-4fb5-a205-74a959c9f2d4,
06h8i,Scottie Lindsey,scottie lindsey,,SG,4531,a1ee1090-c781-437b-9f29-958c9ba221aa,
03sir,Scottie Wilbekin,scottie wilbekin,,PG,3791,,5534
03c6y,Scotty Hopson,scotty hopson,,SG,3252,f78e5895-0da3-46a5-810c-47e957bb1e6a,5291
0623a,Scotty Pippen,scotty pippen,MEM,PG,5685,df62b7c5-faaa-4f37-a716-b7e034aa03eb,
06mo6,Sean East,sean east,,PG,6347,5ec0b4b3-dd56-434f-9f08-81e40518b327,
03lg0,Sean Kilpatrick,sean kilpatrick,,SG,3656,,5428
05qte,Sean McDermott,sean mcdermott,,SF,5239,37bae212-4b2f-47e5-9c97-a062e9d94f99,
072ae,Sean Pedulla,sean pedulla,LAC,PG,6630,979acf24-97b7-44f3-b8fb-6451f571540a,
051ov,Sekou Doumbouya,sekou doumbouya,,PF,4784,6b3a8820-815b-4a0a-9bc7-aede02d8d4ba,6203
04ex0,Semi Ojeleye,semi ojeleye,,PF,4175,e9bfd179-878d-4c04-acc7-2ed289d62b65,5850
005lo,Serge Ibaka,serge ibaka,,PF,2965,0afca4ef-6ad4-4f96-8cd2-b20b59c6ce90,4486
076sz,Sergio De Larrea,sergio de larrea,DAL,PG,6593,bcd75644-988e-4839-944d-fc9ffeaad060,
038ia,Seth Curry,seth curry,,SG,3498,047d0b63-4142-46e9-8f04-a61622ae2375,5245
06cd0,Seth Lundy,seth lundy,,SF,,52621886-a235-498d-8d60-f45937cc4e3e,
06mol,Seth Millner,seth millner,,SF,,cf1f1b09-4e27-4c73-ad38-3b35f7cb6b31,
06he1,Setric Millner,setric millner,,Default,,972345ff-c8ad-4907-be88-a79770721c08,
031m1,Shabazz Muhammad,shabazz muhammad,,SF,3439,,5165
06216,Shaedon Sharpe,shaedon sharpe,POR,SG,5693,eb0bd3d9-4bf0-4cc3-bbdf-c79e2255c175,
04qro,Shai Gilgeous-Alexander,shai gilgeous-alexander,OKC,PG,4387,d9ea4a8f-ff51-408d-b518-980efc2a35a1,6022
04qsu,Shake Milton,shake milton,,SG,4443,5722e429-752c-41f7-9b75-e3fc712f14f1,6065
059fz,Shamorie Ponds,shamorie ponds,,PG,4783,,6314
031m5,Shane Larkin,shane larkin,,PG,3452,,5188
03wou,Shannon Scott,shannon scott,,SG,3801,,5559
05r0f,Shaq Buchanan,shaq buchanan,,PG,4887,a36e922d-16c1-4009-80e7-7665c48fd32a,
048zs,Shaquille Harrison,shaquille harrison,,SG,4082,73e01c06-7df1-4190-8c5d-62453c66b9bc,5746
06239,Shareef ONeal,shareef oneal,,PF,5684,20c65b8f-acad-4d72-b67a-2f54f54d84a6,
05ujm,Sharife Cooper,sharife cooper,WAS,PG,5388,53e011ee-504f-473e-bb26-bfe34533ca10,
0483k,Shawn Dawson,shawn dawson,,SF,4063,,5724
04846,Shawn Long,shawn long,,PF,3951,,5725
043cl,Sheldon Mac,sheldon mac,,SG,3915,b4dbe3f9-3bc5-45df-b720-10571da8e0db,5729
027pj,Shelvin Mack,shelvin mack,,PG,3219,,4916
06cel,Sidy Cissoko,sidy cissoko,POR,SF,5799,7721e264-5db8-4af9-b252-65f2d18c454d,
03iy1,Sim Bhullar,sim bhullar,,C,3665,,5380
059g5,Simi Shittu,simi shittu,,PF,4823,ff5e55bd-c971-4144-91b1-444f96a09f21,6319
062pk,Simone Fontecchio,simone fontecchio,MIA,SF,5797,fda266ab-06e1-4591-80fa-73f027979b63,
04exb,Sindarius Thornwell,sindarius thornwell,,SG,4133,6bc2803e-4dd4-4db7-9404-9300acf9364d,5861
06v7z,Sion James,sion james,CHA,SG,6582,fba3e1cf-82e4-412a-b8db-148f9b93ebf3,
03r86,SirDominic Pointer,sirdominic pointer,,SF,3784,9ef6814d-8bd9-495e-804a-959c1cdb3e99,5513
06cem,SirJabari Rice,sirjabari rice,,SG,6029,a7518dda-4633-4ad0-81c2-38e6adff4cf5,
042np,Skal Labissiere,skal labissiere,,PF,3863,a10131d5-a2b6-45a5-bde1-f6c4cdfd328a,5659
05qtu,Skylar Mays,skylar mays,,SG,5296,92a32a2c-8081-4ed1-8c0f-8d19e7a5993b,
059wt,Skyler Flatten,skyler flatten,,SG,4856,,6345
031ma,Solomon Hill,solomon hill,,SF,3483,e68c7b19-7c0e-49a6-920c-48668f7ddbcf,5193
06exl,Souley Boum,souley boum,,PG,5906,5735b684-0f66-4ad5-8c07-82744ee3e389,
03e74,Spencer Dinwiddie,spencer dinwiddie,,PG,3616,8426ab40-888d-4f89-976c-cd9e23717653,5349
06nv9,Spencer Jones,spencer jones,DEN,SF,6315,dfce9679-dd27-4522-ab74-e197b3635d73,
03nwj,Stanley Johnson,stanley johnson,,SF,3735,6ed42a42-6fd6-464c-8425-7e40489c679f,5468
065ve,Stanley Umude,stanley umude,,SG,5815,c2a8d4de-dee9-4999-944d-5e0797b45480,
052ld,Stanton Kidd,stanton kidd,,PF,4961,,6263
0483j,Stefan Jankovic,stefan jankovic,,PF,3872,,5723
04ylf,Stephan Hicks,stephan hicks,IND,SG,3991,,6156
01enh,Stephen Curry,stephen curry,GSW,PG,3014,8ec91366-faea-4196-bbfd-b8fab7434795,4612
042o0,Stephen Zimmerman Jr.,stephen zimmerman,,C,3850,d4b89caa-384b-467a-960c-41053952628c,5672
06mjw,Stephon Castle,stephon castle,SAS,PG,6250,ddee4a31-2791-4339-bfc3-a058ce2d1397,
04ex9,Sterling Brown,sterling brown,,SG,4197,2c04ab46-c23c-4df8-a748-15f0e35e4e8b,5859
0729d,Steve Settle,steve settle,,SF,6649,6e8d1b79-7d01-4f27-a0a6-c30db8bf7948,
031lz,Steven Adams,steven adams,HOU,C,3445,a208e22a-6b63-45f9-b7c6-bf913a68f3df,5163
0723e,Steven Crowl,steven crowl,,SF,6696,b02fc475-b0da-471a-9036-7749c64e572d,
04qsn,Svi Mykhailiuk,svi mykhailiuk,UTA,SF,4457,8c0929ae-ce3d-47e0-a964-bf6b8d3981ab,6058
04ewj,T.J. Leaf,tj leaf,,PF,4118,99d762ff-34b9-4ecc-bf40-016fcd297f84,5831
03wr4,T.J. McConnell,tj mcconnell,IND,PG,3760,e3dfa2a2-6272-4f3f-adf0-dd5dadea9481,5582
03bxn,T.J. Warren,tj warren,,SF,3585,2ec7092d-e988-4576-ab8b-e3197448fa5d,5325
04jw3,T.J. Williams,tj williams,,SG,4310,,5891
0558u,Tacko Fall,tacko fall,,C,4855,24052c17-95a8-4905-9ecf-5e8ef4ceccc4,6268
06vxp,Taelon Peter,taelon peter,,SG,6671,cdf51fa0-724e-48f3-9ee4-6a01ae4d9542,
06hif,Taevion Kinsey,taevion kinsey,,SG,6012,e6b17416-cb00-4271-bb26-6e5e4801caae,
04ll1,Tahjere McCall,tahjere mccall,,SG,4245,,5947
01en8,Taj Gibson,taj gibson,MEM,C,3035,9c8dc8ee-6207-48d5-81ee-f362f5e17f9b,4631
051pq,Talen Horton-Tucker,talen horton-tucker,,SG,4821,b0b79700-15f3-4981-8d81-73534bbdd0ab,6234
06y0j,Tamar Bates,tamar bates,UTA,SG,6621,5c010a64-12a9-423e-a466-fc49c427e058,
06rph,Taran Armstrong,taran armstrong,,PG,6539,191eb09f-f21d-4a0f-a333-4dd6be7c1263,
0621g,Tari Eason,tari eason,HOU,PF,5704,e7373530-b566-4f36-b0de-0510b6d94e0e,
06cdi,Tarik Biberovic,tarik biberovic,DAL,SF,6082,a0c9dc3f-6428-45bc-85b9-6577247abef1,
03jr4,Tarik Black,tarik black,,PF,3687,9f4fea8a-52e6-4243-8a66-3857663b7c38,5383
04zi8,Tarik Phillip,tarik phillip,,PG,4718,,6162
059im,Tariq Owens,tariq owens,,PF,4843,9d96565b-ad4e-407c-8bfa-4c8c3ce7b889,6325
076t7,Tarris Reed,tarris reed,SAS,C,6993,82b95571-c27d-45d1-8180-98fb65241f73,
042n8,Taurean Prince,taurean prince,DET,SF,3858,4f80cdb1-1b10-4669-9774-045bc8a99c99,5643
06qf9,Taylor Funk,taylor funk,,F,6053,69563b0d-45e0-4250-b419-09122586c695,
06cc0,Taylor Hendricks,taylor hendricks,MEM,PF,5903,fb6e5496-cfa5-42c2-bbfa-f776734a25a8,
06ho4,Taze Moore,taze moore,,SG,5788,727afaee-a346-4876-a890-efdc681ca354,
40220#3020,Team,team,,Tm,,,
40180#3020,Team,team,,Tm,,,
40270#3020,Team,team,,Tm,,,
40090#3020,Team,team,,Tm,,,
40060#3020,Team,team,,Tm,,,
40030#3020,Team,team,,Tm,,,
40040#3020,Team,team,,Tm,,,
40080#3020,Team,team,,Tm,,,
40160#3020,Team,team,,Tm,,,
40150#3020,Team,team,,Tm,,,
40170#3020,Team,team,,Tm,,,
40120#3020,Team,team,,Tm,,,
40130#3020,Team,team,,Tm,,,
40110#3020,Team,team,,Tm,,,
40100#3020,Team,team,,Tm,,,
40140#3020,Team,team,,Tm,,,
40190#3020,Team,team,,Tm,,,
40011#3020,Team,team,,Tm,,,
40260#3020,Team,team,,Tm,,,
40020#3020,Team,team,,Tm,,,
40230#3020,Team,team,,Tm,,,
40070#3020,Team,team,,Tm,,,
40210#3020,Team,team,,Tm,,,
40050#3020,Team,team,,Tm,,,
40000#3020,Team,team,,Tm,,,
40200#3020,Team,team,,Tm,,,
40250#3020,Team,team,,Tm,,,
40240#3020,Team,team,,Tm,,,
40290#3020,Team,team,,Tm,,,
40280#3020,Team,team,,Tm,,,
051ps,Terance Mann,terance mann,BKN,SG,4860,a6cc820a-8dce-40aa-840c-f0c94cfa9e46,6236
056aq,Terence Davis,terence davis,,SG,4842,5054a7a7-7fc2-40fa-867e-486c3ff6de03,6280
06cet,Terquavion Smith,terquavion smith,,PG,5900,4426109b-06bf-4b98-b5ba-c1d7c9595cc2,
04ewl,Terrance Ferguson,terrance ferguson,,SG,4131,c68679e2-2631-43b4-96b2-4287d6a0c45d,5834
02nfi,Terrence Jones,terrence jones,HOU,PF,3307,,5024
06mkj,Terrence Shannon,terrence shannon,MIN,SG,6278,2b95727a-4273-4f8f-a45b-3d9ac9969dba,
04tm1,Terry Larrier,terry larrier,,PF,4419,,6078
03nwl,Terry Rozier,terry rozier,MIA,PG,3736,d1ee8ac8-f550-4269-ab4f-604b7bba441a,5476
05uuj,Terry Taylor,terry taylor,,PF,5399,7cd15c04-f7ed-4901-869d-ae4e2133a5bc,
06hik,Tevian Jones,tevian jones,,SG,6057,23a63de6-0316-4e87-b2f4-093c5d6be0ea,
0666e,Tevin Brown,tevin brown,,G,5775,44782d59-cde5-4c5a-b7be-8387f8c79efe,
03e7e,Thanasis Antetokounmpo,thanasis antetokounmpo,,SF,3634,64c0e4e5-8711-4b86-8072-745f6084df73,5362
0623j,Theo John,theo john,,PF,5741,d7a31087-15c2-4dfc-9d14-a607f860b56e,
05qsr,Theo Maledon,theo maledon,,PG,5154,89eabed6-b913-4931-8dc9-fce8863745e1,
04uq6,Theo Pinson,theo pinson,,SG,4523,9be260cc-fa70-4fea-b789-eec17268657c,6083
04ex5,Thomas Bryant,thomas bryant,CLE,C,4155,030424b9-7367-45e1-b9d4-c8dee3a89e53,5855
06v5i,Thomas Sorber,thomas sorber,OKC,C,6544,c56cbf7a-42a4-41a2-a37b-0cd4aaf248d0,
04qsy,Thomas Welsh,thomas welsh,,C,4468,,6069
03lgm,Thon Maker,thon maker,,C,3860,4934ced0-e62b-482d-a5c7-4606d6fba232,5641
06mjy,Tidjane Salaun,tidjane salaun,CHA,PF,6262,50e0c4e6-dfe4-42ca-bf18-aa2630be21c9,
04xmx,Tim Bond,tim bond,,SG,4635,,6154
03ku2,Tim Frazier,tim frazier,,PG,3695,005948cb-f744-4928-bf7f-d26076717c99,5414
031mb,Tim Hardaway,tim hardaway,MIA,SG,3459,35cd1338-c56b-4247-b53c-264585c59883,5194
044tf,Tim Quarterman,tim quarterman,,PG,3851,,5703
06ho3,Timmy Allen,timmy allen,,SF,6081,1681339e-29da-4cac-bf9c-770108073440,
042nj,Timothe Luwawu-Cabarrot,timothe luwawu-cabarrot,,SF,3885,18cfec39-20a4-4ec3-9f00-6e62b5a61798,5655
01uzm,Tiny Gallon,tiny gallon,,PF,,,4778
076uo,Tobe Awaka,tobe awaka,CHI,PF,7008,60e5f03d-2b56-469c-9084-ad2543bf0037,
076ub,Tobi Lawal,tobi lawal,DAL,PF,6981,07a235c5-ddcd-4554-a1e1-5733eb9c038c,
027p4,Tobias Harris,tobias harris,SAS,PF,3211,82f09975-6a8d-42e4-b42c-a52b9349ed50,4901
074gu,Toby Okani,toby okani,,SF,6840,1b628236-920e-4307-942f-dda6d6e14de8,
059qd,Todd Withers,todd withers,,PF,4712,,6336
06pwq,Tolu Smith,tolu smith,DET,PF,6354,536e0e15-02b5-4994-9613-0f5ec88f82e0,
02nfw,Tomas Satoransky,tomas satoransky,,SG,3375,a190e528-a18c-4682-beeb-e0f7360c3e06,5066
06452,Tommy Kuhse,tommy kuhse,,PG,5803,dda69912-5cf0-4eda-9bcc-7ff361433ef6,
04ews,Tony Bradley,tony bradley,,C,4170,6130d33e-5725-4f5d-8f81-76ecd691a5b2,5841
04qsr,Tony Carr,tony carr,,PG,4408,fa04c02f-2c44-436d-b8e4-e6c050ff6862,6062
031m7,Tony Snell,tony snell,,SG,3465,26414d70-d298-4999-a391-2eee2dd7067d,5190
02nfp,Tony Wroten,tony wroten,,PG,3327,,5059
02ngi,Tornike Shengelia,tornike shengelia,,F,3343,,5088
04jw5,Torrey Craig,torrey craig,,SF,4214,c14eba17-879a-461e-9413-bf71a378de6e,5893
06hfc,Tosan Evbuomwan,tosan evbuomwan,,SF,5996,68ed2fac-e117-48e1-ac43-314098f600ea,
06cd4,Toumani Camara,toumani camara,POR,PF,5987,06df3766-f654-4fe3-8a37-496d21e7ea23,
04qrk,Trae Young,trae young,WAS,PG,4369,cf418e0c-de9d-438f-a1ac-3be539a56c42,6016
03wo8,Travis Trice II,travis trice,,SG,3775,,5553
06ccv,Trayce Jackson-Davis,trayce jackson-davis,TOR,C,5944,7df31401-85c4-449f-bc87-f605145ef7ba,
05yaa,Trayvon Palmer,trayvon palmer,,SG,4741,854334de-c2c0-4c68-8d8a-3ecf572f8bef,
076tp,Tre Donaldson,tre donaldson,MIA,G,6957,0445b072-fb3b-4069-b6e4-6335739855db,
06v58,Tre Johnson,tre johnson,WAS,SG,6543,19561190-edab-4465-a82d-7e42a7635800,
05qtq,Tre Jones,tre jones,CHI,PG,5111,2d4ce4bc-b03a-40bc-b22c-dab27591a429,
05uis,Tre Mann,tre mann,CHA,PG,5331,5b681679-4d8c-4964-bbba-5ed058257745,
05r0c,Tre Scott,tre scott,,PF,5135,82b836ba-12b8-4824-a809-0f13cc13c73f,
051pv,Tremont Waters,tremont waters,,PG,4807,ce5297ca-d8bc-4210-ad67-d52382258e96,6239
05uuv,Trendon Watford,trendon watford,,PF,5358,9f4181d5-0999-46ba-b466-d90ded24268a,
05qu7,Trent Forrest,trent forrest,,PG,5307,d1490593-3d95-4ad6-9890-b6e8c97836e0,
06pfe,Trentyn Flowers,trentyn flowers,,SF,6163,d2738ed5-19ea-43d0-8a5b-73b887d91086,
05qze,Tres Tinkle,tres tinkle,,SF,5223,af688c56-1cdd-4790-9b78-c20484f4c4d0,
05qtg,Trevelin Queen,trevelin queen,,SG,5237,88005562-d747-4995-8bb7-de651d6c5bbc,
03ua0,Treveon Graham,treveon graham,,SG,3737,3f170fb8-2633-481f-bc63-0bce20b37557,5539
065px,Trevion Williams,trevion williams,,F,5731,69ba01b8-beb1-45ba-9f2b-9d080692b92c,
04sax,Trevon Bluiett,trevon bluiett,,SG,4530,a33facf8-8f0b-4703-a4d1-dd38c172ea1c,6117
076tz,Trevon Brazile,trevon brazile,DEN,PF,6999,15d9b337-1ee9-49d8-8ce0-003298948195,
049kg,Trevon Duval,trevon duval,,PG,4415,,6075
06236,Trevor Hudgins,trevor hudgins,,PG,5740,b0c1336f-7c64-41c3-9841-767ab25f2901,
06225,Trevor Keels,trevor keels,MIA,SG,5714,a63fc9c7-2675-486f-902f-702cca020ee1,
059y6,Trevor Lacey,trevor lacey,,PG,5004,,6349
06mp4,Trey Alexander,trey alexander,UTA,SG,6291,23462d55-9f15-4632-915f-2ab8e4458219,
031lw,Trey Burke,trey burke,,PG,3434,572261e2-8ad9-4198-969d-16cad41fdef3,5160
0493y,Trey Freeman,trey freeman,,PG,4079,,5752
06him,Trey Jemison,trey jemison,NYK,C,6151,da899e36-f338-495b-b6f0-121295baf354,
076ue,Trey Kaufman-Renn,trey kaufman-renn,MIN,PF,6966,b3f4abba-9494-4043-9470-91a2d95ca3ef,
03ad5,Trey Lyles,trey lyles,MIN,PF,3738,55f10af0-4b71-4693-aa82-435e958ab560,5472
05r1s,Trey Mourning,trey mourning,,PF,4848,938e2176-967e-4629-8105-198dd0330d99,
05uir,Trey Murphy,trey murphy,NOR,SF,5401,51b62fe8-1e5c-4c65-8ad3-2ad06e749b70,
06moq,Trey Woodbury,trey woodbury,,G,,86e82879-4410-4cca-b466-ba8fb6bb66b9,
06qf7,Trhae Mitchell,trhae mitchell,,G,5328,7819392b-4595-45dd-ba7b-79bd718725cf,
06mka,Tristan da Silva,tristan da silva,ORL,SF,6267,98fa75e7-a46f-4483-a15b-053c5ca52604,
06prk,Tristan Enaruna,tristan enaruna,CLE,SF,6333,1a120d1a-0202-4039-a00e-4daa8b7ffcfc,
027om,Tristan Thompson,tristan thompson,,C,3196,335097c3-7919-49d5-80b0-8062d5d3e89c,4884
06ccu,Tristan Vukcevic,tristan vukcevic,WAS,C,6000,73f8f274-238d-419f-bccb-097362b8354d,
06mlv,Tristen Newton,tristen newton,HOU,SG,6022,892e2e4d-b10c-47b1-8c40-25ac3c9f7166,
05xp2,Troy Baxter,troy baxter,,SF,4903,239a0868-e5a1-44b7-9c1b-ef973c426c89,
04qrs,Troy Brown,troy brown,,SF,4404,5350a897-aa31-4510-8feb-e709e1feb844,6026
04kjg,Troy Caupain,troy caupain,,SG,4233,,5911
0393p,Troy Daniels,troy daniels,,SG,3562,562677c1-2a13-4934-a801-a6c88c619e83,5282
045qi,Troy Williams,troy williams,,SG,3902,,5709
051p4,Ty Jerome,ty jerome,MEM,SG,4774,03cf6eb6-688a-49b1-a4cc-f10c39c21725,6212
05qvw,Ty-Shon Alexander,ty-shon alexander,,SG,5191,a3c2c996-2bc9-4fce-a960-3a43fd33e027,
05qss,Tyler Bey,tyler bey,,SF,5186,9b3ac681-4960-4898-a8bf-456639a372f9,
076uf,Tyler Bilodeau,tyler bilodeau,BKN,PF,6974,0b981aca-7615-47b7-ba49-5a6c6978f71e,
07231,Tyler Burton,tyler burton,,SF,5986,48bdbd7b-3d56-41ed-b64a-3cf0ee7beb11,
04kpp,Tyler Cavanaugh,tyler cavanaugh,,PF,4222,,5913
057ot,Tyler Cook,tyler cook,,PF,4787,28b555ef-3b7d-46e9-b291-643a639086e7,6282
04vxz,Tyler Davis,tyler davis,,C,4440,,6095
04ex4,Tyler Dorsey,tyler dorsey,,SG,4126,9714d00f-c8a5-4def-bc17-40fb04cca793,5854
03byh,Tyler Ennis,tyler ennis,,PG,3581,,5329
05r05,Tyler Hall,tyler hall,,SG,4988,b2f7e83f-ecab-49c4-b46b-cefbf1a4692c,
051ot,Tyler Herro,tyler herro,MIL,SG,4780,8bd80771-843f-4d7f-a4e7-b4d4f6c4e7c6,6175
027pk,Tyler Honeycutt,tyler honeycutt,,SF,3202,,4917
03hz1,Tyler Johnson,tyler johnson,,PG,3685,895fa449-c569-44d1-ac1b-de05db7d2589,5376
06mlg,Tyler Kolek,tyler kolek,NYK,PG,6273,6fc9597d-8531-491e-939e-e34c21689314,
04ewo,Tyler Lydon,tyler lydon,,PF,4107,,5837
076ts,Tyler Nickel,tyler nickel,NYK,F,7009,50e48dd2-846f-4812-94ab-015198e342a3,
06psv,Tyler Polley,tyler polley,,SF,6427,6021cd93-478c-4125-b50a-d26179ea8717,
06mlf,Tyler Smith,tyler smith,,PF,5997,44fe2902-0a78-440e-bbad-d28cd0308e21,
042nu,Tyler Ulis,tyler ulis,,PG,3866,,5665
06moj,Tyrece Radford,tyrece radford,,PG,,2dcecc96-9a83-4af7-ae72-1cefae231de2,
01eoh,Tyreke Evans,tyreke evans,,SG,3024,,4564
074lu,Tyreke Key,tyreke key,,SG,6473,a134da60-f9de-4d49-bdf2-8bdccf2620e2,
05qth,Tyrell Terry,tyrell terry,,PG,5161,5fb09e48-e55e-412c-90c0-6e6095cea0a3,
05qtv,Tyrese Haliburton,tyrese haliburton,IND,PG,5114,254e42d7-df01-4c68-9264-bca06c83c2c1,
0622e,Tyrese Martin,tyrese martin,PHI,SG,5736,f871af48-952a-42e3-82da-7cad157b486c,
05qsq,Tyrese Maxey,tyrese maxey,PHI,PG,5158,75fc46eb-71d8-4d1a-984f-3747ccd7a4c9,
06v8f,Tyrese Proctor,tyrese proctor,CLE,PG,6569,22be3275-1ef8-47f7-a30d-af38f7bc96b2,
071oo,Tyrese Samuel,tyrese samuel,,PF,6337,d0b68780-a214-47d5-a6e7-6503c0e5df0a,
042oj,Tyrone Wallace,tyrone wallace,,SG,3948,dc40a2ea-393c-4079-8118-1a097bd709da,5691
062do,Tyson Etienne,tyson etienne,BKN,PG,5758,674b6d37-16d4-4851-81c2-b279754b9b82,
06mok,Tyson Ward,tyson ward,,SF,,751f2718-9330-41fb-a713-40f843abbfbb,
0621s,TyTy Washington,tyty washington,LAC,PG,5689,3054d6e1-033b-4b8d-93e5-b807ea122c75,
059vt,Tyus Battle,tyus battle,,SG,4758,,6340
03ad0,Tyus Jones,tyus jones,DEN,PG,3739,cbc0a3b2-985e-4484-9cb6-6891337b18b7,5484
05qu5,Udoka Azubuike,udoka azubuike,,C,5207,597ba5c7-0927-446b-9b4f-bf730a8f65f6,
076tt,Ugonna Onyenso,ugonna onyenso,DET,C,7002,d6764718-89d1-4678-9c16-6657d829807e,
06mm3,Ulrich Chomche,ulrich chomche,,PF,6284,964573c1-d054-4dce-84c0-3238f8cbf0be,
05uix,Usman Garuba,usman garuba,,PF,5409,452f97da-01fb-40be-834b-34fd3a40615e,
04jw6,V.J. Beachem,vj beachem,,SF,4146,,5896
059cl,V.J. King,vj king,,SG,4905,,6301
0393h,Vander Blue,vander blue,,PG,3493,,5275
051q4,Vanja Marinkovic,vanja marinkovic,,SG,4745,,6248
049le,Vashil Fernandez,vashil fernandez,,C,4092,,5758
03e7f,Vasilije Micic,vasilije micic,,PG,3601,6dba15f0-f107-4eb5-bc20-5f67316df9d5,5363
05qtn,Vernon Carey,vernon carey,,C,5195,3e01fdac-09fa-4e9d-926f-870dbbfe28a4,
055sh,Vic Law,vic law,,SF,4882,8c9608a9-ea28-4133-9013-c2d3475ce8c9,6277
031lp,Victor Oladipo,victor oladipo,,SG,3433,ae9e275c-9dce-4c10-a108-cfee6958df48,5153
06cch,Victor Wembanyama,victor wembanyama,SAS,C,5809,98e2cdeb-69dc-499c-a853-84c32c714924,
0622a,Vince Williams,vince williams,,SG,5734,0e5eb37e-e112-4587-98d8-8a9b46254f28,
04qss,Vincent Edwards,vincent edwards,,SF,4467,,6063
052h2,Vincent Poirier,vincent poirier,,C,3996,2a890c03-d0d5-4eec-a488-d2cc34fa2ade,6260
06hi8,Vincent Valerio-Bodon,vincent valerio-bodon,,SF,6058,f91ef20b-b52f-4e6d-9896-3a5b39037ecc,
05qtk,Vit Krejci,vit krejci,POR,PG,5233,8db2a730-bafb-4936-915f-3dd4920a0aa9,
06v5k,VJ Edgecombe,vj edgecombe,PHI,SG,6550,1bd4a869-80a3-47b7-bac9-789bda6e6e92,
06vxy,Vladislav Goldin,vladislav goldin,MIA,C,6571,158db875-4660-42e0-9ba3-6b29c2a85e5a,
04exc,Vlatko Cancar,vlatko cancar,,PF,4179,957e63a8-d87d-47d2-89cc-416afa292d80,5862
076uc,Vsevolod Ishchenko,vsevolod ishchenko,DAL,SG,7011,8e7b2baf-dfc0-4ff6-ba07-f158539ebbd8,
042nc,Wade Baldwin IV,wade baldwin,,PG,3852,,5648
0621l,Walker Kessler,walker kessler,LAL,C,5644,7eccbdf9-58a3-4b96-8b1e-eaa8ea9da836,
04mus,Walt Lemon Jr.,walt lemon,,SF,4298,,5953
06v56,Walter Clayton,walter clayton,MEM,PG,6575,b8fd0298-4027-47e2-9531-fa7c01b8bbba,
042og,Wang Zhelin,wang zhelin,,C,,,5688
06qf5,Warren Washington,warren washington,,PF,,4029163b-eb8b-4f96-bc07-97e034ff7f7f,
03byj,Wayne Selden Jr.,wayne selden,,SG,3877,b6ceacd1-00f8-4e51-a186-bcbf02928e80,5708
04qrl,Wendell Carter,wendell carter,ORL,C,4407,744d5db7-b0be-474a-a58b-6ddf7ae35567,6018
0621p,Wendell Moore,wendell moore,DET,SG,5715,e23521cd-8e92-4701-b9e7-dc4acd21dfec,
04vu2,Wenyen Gabriel,wenyen gabriel,,PF,4495,2bf24df1-604d-4eca-b3f3-f5691f4b99b6,6092
04ewx,Wes Iwundu,wes iwundu,,SG,4130,1aeb42f8-f283-45bf-b627-a318f7b246b2,5846
02ng4,Will Barton,will barton,,SG,3335,85e1279a-77c4-49a7-bfa0-7699e64b581f,5074
03h91,Will Cherry,will cherry,,PG,3681,,5375
03woc,Will Cummings,will cummings,,PG,3818,,5554
05qz2,Will Magnay,will magnay,,C,5315,a185830a-e7e6-4a7a-ad53-2467dbb57a1b,
06v8p,Will Richard,will richard,GSW,SG,6625,a5b978ac-7a35-4ec0-b15f-91d9a8e1ac31,
06v59,Will Riley,will riley,WAS,SF,6588,584a8771-ee79-4957-89f1-a2b0638c497a,
052lc,William Howard,william howard,,SF,4960,1d4ea978-fbaa-4231-9258-856bd7f3f7a8,6262
059fy,William McDowell-White,william mcdowell-white,,SG,4941,,6313
03apz,Willie Cauley-Stein,willie cauley-stein,,C,3740,20ca6325-14b7-49de-9f4c-6a5f45b4d039,5466
02x6i,Willie Reed,willie reed,,C,3415,,5146
03r7p,Willy Hernangomez,willy hernangomez,,C,3754,5e365d31-3524-45d1-8327-50e7ff7e1dab,5495
06ajv,Xavier Cooks,xavier cooks,,PF,4535,4341ebe1-0e2e-4452-839c-6a47b094b9ec,
05ya2,Xavier Moon,xavier moon,,SG,5542,5b6bee70-ade5-4fb1-84b2-4547cddff5d6,
04k0r,Xavier Rathan-Mayes,xavier rathan-mayes,,PG,4104,,5909
05qvt,Xavier Sneed,xavier sneed,,SF,5218,2d80107c-abde-4462-80f0-b51c6c024e8c,
05qtf,Xavier Tillman,xavier tillman,,C,5290,fb60c435-dd40-401e-977b-15bdbb753444,
04hon,Yakuba Ouattara,yakuba ouattara,,SG,4216,,5879
05qt2,Yam Madar,yam madar,,PG,5227,2b075c45-d214-4083-a5d1-f245b36d3fba,
06v5e,Yang Hansen,yang hansen,POR,C,6617,c089cc76-e8a3-46cc-8691-3d4f28edc9bf,
06v5b,Yanic Konan Niederhauser,yanic konan niederhauser,LAC,C,6616,4ec576c6-d74d-4b23-83e5-7a94e76526c9,
0622h,Yannick Nzosa,yannick nzosa,,C,5682,29a9330d-1914-46bd-91d1-52985da15041,
04xgl,Yante Maten,yante maten,,SF,4500,,6116
06moe,Yauhen Massalski,yauhen massalski,,PF,6156,0f18d003-f607-4a74-abba-47649cc8dfb9,
076sx,Yaxel Lendeborg,yaxel lendeborg,GSW,SF,6562,81c5292a-938a-41a8-85ea-227c65041b3a,
05qzi,Yoeli Childs,yoeli childs,,SF,5129,2ee92544-b8b9-4569-a60f-106b38984e02,
0483a,Yogi Ferrell,yogi ferrell,,PG,3924,8834061f-7541-4ed3-9802-cc60c4435add,5720
06ppp,Yongxi Cui,yongxi cui,,SG,6388,9c3327e3-89b3-4269-a97d-49a85f00b844,
059dn,Yudai Baba,yudai baba,,SF,4967,,6305
06pvy,Yuki Kawamura,yuki kawamura,CHI,PG,6425,f619cc0b-5fa0-4189-9091-596e843e93b1,
03l5d,Yuki Togashi,yuki togashi,,PG,3697,,5427
06ho6,Yuri Collins,yuri collins,,PG,6047,7b579585-9c2d-4dda-ac73-846858537b0f,
04xhy,Yuta Watanabe,yuta watanabe,,SF,4473,c7900e6e-e5ea-4670-a7bf-cb097f041b25,6132
06mkd,Yves Missi,yves missi,NOR,C,6268,7ff3c32f-2552-454d-9dee-a1d52000458a,
05uum,Yves Pons,yves pons,,SF,5436,46519711-b888-45ce-b21e-c4bcfd9d3f01,
06mjt,Zaccharie Risacher,zaccharie risacher,DAL,SF,6249,3f34ce93-c0ad-4868-bab4-c6d83909ff78,
0483i,Zach Auguste,zach auguste,,PF,3950,,5722
04ewc,Zach Collins,zach collins,CHI,PF,4162,b5310b38-a378-464f-b344-928adee0ed00,5823
06mk1,Zach Edey,zach edey,MEM,C,6263,4ea56b9e-562d-4f19-a0e1-ea0e1da19688,
03ams,Zach LaVine,zach lavine,SAC,SG,3597,db72e294-1c54-454a-96b9-0b4fd2f38112,5324
04vy1,Zach Lofton,zach lofton,,SG,4492,,6097
0522v,Zach Norvell,zach norvell,,SG,4804,b55b37c3-570a-4ea3-a369-85a649f62c53,6250
0723g,Zack Austin,zack austin,,SG,6692,bdc68201-46c8-4e9c-bdda-59d92f91f41c,
05qtz,Zavier Simpson,zavier simpson,,PG,5180,7a30c43d-a206-476d-b5b2-75b419445ae9,
05quh,Zeke Nnaji,zeke nnaji,DEN,PF,5123,5a563d9c-10c4-4005-a884-109f05264b0b,
04qrt,Zhaire Smith,zhaire smith,,SG,4445,3c029ea2-2a9e-4a03-82fa-000bd231119a,6027
042o2,Zhou Qi,zhou qi,,PF,3893,,5674
05uik,Ziaire Williams,ziaire williams,LAL,SF,5400,1c9a1c2e-3e3b-439e-8d72-0b41b17e4ba9,
051oh,Zion Williamson,zion williamson,NOR,PF,4777,5cc51c05-06f5-4ae4-89a4-1d329fbbcdfb,6163
076td,Zuby Ejiofor,zuby ejiofor,ATL,PF,6615,061f736e-5a3e-4cbb-911c-72a0085a01e6,
0554x,Zylan Cheatham,zylan cheatham,,SF,4867,f4623e57-5443-4ca2-a357-a4b06badfd15,6266
06mmr,Zyon Pullin,zyon pullin,MIN,SG,6300,0a5e8d12-47e5-4afc-973a-e1f8184776c1,
